molecule_chembl_id,bioactivity_class
CHEMBL268868,active
CHEMBL2029442,active
CHEMBL2048906,active
CHEMBL5757238,active
CHEMBL5994000,active
CHEMBL553,active
CHEMBL595757,inactive
CHEMBL3741026,active
CHEMBL3758758,active
CHEMBL5218990,active
CHEMBL5984505,active
CHEMBL1173813,active
CHEMBL30973,active
CHEMBL6000322,active
CHEMBL120979,active
CHEMBL4778502,active
CHEMBL4548481,active
CHEMBL2031309,active
CHEMBL5754433,active
CHEMBL603198,inactive
CHEMBL6048747,active
CHEMBL5864012,active
CHEMBL5184539,active
CHEMBL4453748,active
CHEMBL5397557,active
CHEMBL5934357,active
CHEMBL496,active
CHEMBL5837076,active
CHEMBL3950966,active
CHEMBL5284528,active
CHEMBL5746601,active
CHEMBL5094406,active
CHEMBL5882592,active
CHEMBL4278997,active
CHEMBL2346678,active
CHEMBL3740577,active
CHEMBL1243345,active
CHEMBL2048794,active
CHEMBL3133910,inactive
CHEMBL4284841,active
CHEMBL4467561,active
CHEMBL5404799,active
CHEMBL5173449,active
CHEMBL5281748,active
CHEMBL5277739,active
CHEMBL328216,active
CHEMBL5812290,inactive
CHEMBL3914227,active
CHEMBL3663923,active
CHEMBL5512543,active
CHEMBL47660,inactive
CHEMBL184682,active
CHEMBL4066141,active
CHEMBL3628800,active
CHEMBL4566583,active
CHEMBL340484,active
CHEMBL214419,active
CHEMBL5994478,active
CHEMBL1929314,inactive
CHEMBL1203936,active
CHEMBL5194722,active
CHEMBL4101774,active
CHEMBL5939261,active
CHEMBL324030,inactive
CHEMBL4063067,active
CHEMBL5863443,active
CHEMBL5084760,active
CHEMBL1173718,active
CHEMBL5523403,active
CHEMBL5884300,active
CHEMBL5417219,active
CHEMBL4074726,inactive
CHEMBL5947149,active
CHEMBL6246,active
CHEMBL5429694,active
CHEMBL3651854,active
CHEMBL5741835,active
CHEMBL3088219,active
CHEMBL5860281,active
CHEMBL1641991,inactive
CHEMBL5834450,active
CHEMBL4563683,active
CHEMBL249511,active
CHEMBL4445761,active
CHEMBL1241774,inactive
CHEMBL3092312,active
CHEMBL5523558,inactive
CHEMBL3759929,active
CHEMBL2031302,active
CHEMBL1094808,inactive
CHEMBL94123,active
CHEMBL2347968,active
CHEMBL3970063,inactive
CHEMBL3671564,active
CHEMBL251125,active
CHEMBL441083,active
CHEMBL5890676,active
CHEMBL4080424,active
CHEMBL3893128,active
CHEMBL4076854,active
CHEMBL307026,active
CHEMBL3699592,active
CHEMBL3925158,active
CHEMBL5084983,active
CHEMBL276154,active
CHEMBL27685,active
CHEMBL4578466,active
CHEMBL3975598,active
CHEMBL5173070,active
CHEMBL5748931,active
CHEMBL5415196,active
CHEMBL3545311,active
CHEMBL5787019,active
CHEMBL5953516,active
CHEMBL4537790,active
CHEMBL4215076,active
CHEMBL3805584,active
CHEMBL5205097,active
CHEMBL5791105,active
CHEMBL2029440,active
CHEMBL4205869,inactive
CHEMBL3233772,active
CHEMBL5916523,active
CHEMBL6010206,active
CHEMBL3893810,active
CHEMBL4168235,active
CHEMBL4546122,active
CHEMBL4069229,active
CHEMBL5966296,active
CHEMBL5783967,active
CHEMBL5767212,active
CHEMBL4065300,active
CHEMBL5407309,active
CHEMBL4863836,active
CHEMBL4077349,active
CHEMBL5949598,active
CHEMBL5882302,active
CHEMBL5966165,active
CHEMBL5851491,active
CHEMBL2337369,inactive
CHEMBL5885364,active
CHEMBL6044637,active
CHEMBL5802636,inactive
CHEMBL2425084,active
CHEMBL5646626,active
CHEMBL5956271,active
CHEMBL3233795,active
CHEMBL4078973,active
CHEMBL2032376,active
CHEMBL5837440,active
CHEMBL5749572,active
CHEMBL6047255,active
CHEMBL6060196,active
CHEMBL3622658,active
CHEMBL3775112,active
CHEMBL1929306,inactive
CHEMBL2029435,active
CHEMBL470010,active
CHEMBL5902883,active
CHEMBL3911796,active
CHEMBL50647,active
CHEMBL5286373,active
CHEMBL1929307,inactive
CHEMBL5774764,inactive
CHEMBL3092313,active
CHEMBL5790363,active
CHEMBL5903567,active
CHEMBL5741542,active
CHEMBL5195904,active
CHEMBL4084726,active
CHEMBL338215,active
CHEMBL4105392,active
CHEMBL3671539,active
CHEMBL503418,active
CHEMBL5856597,active
CHEMBL3087204,active
CHEMBL3087205,active
CHEMBL5764550,active
CHEMBL5887361,active
CHEMBL219557,active
CHEMBL2381506,active
CHEMBL125568,active
CHEMBL5434495,active
CHEMBL5970552,active
CHEMBL5763826,active
CHEMBL4287401,active
CHEMBL3436359,active
CHEMBL123046,inactive
CHEMBL4087570,active
CHEMBL5169349,active
CHEMBL5561729,active
CHEMBL4074601,active
CHEMBL5284701,active
CHEMBL5273261,active
CHEMBL5831214,active
CHEMBL5878820,active
CHEMBL128468,active
CHEMBL4084996,active
CHEMBL5981415,active
CHEMBL4793639,active
CHEMBL5867445,active
CHEMBL591288,active
CHEMBL246073,active
CHEMBL3818015,active
CHEMBL402294,active
CHEMBL185686,active
CHEMBL5872256,active
CHEMBL5963322,active
CHEMBL1821887,inactive
CHEMBL5089073,active
CHEMBL296377,active
CHEMBL166255,active
CHEMBL3941823,active
CHEMBL4794073,active
CHEMBL5082074,active
CHEMBL5861126,active
CHEMBL4560187,active
CHEMBL5203195,active
CHEMBL4782900,active
CHEMBL5796454,active
CHEMBL4091569,active
CHEMBL5786207,active
CHEMBL6036892,active
CHEMBL5846455,active
CHEMBL3360603,active
CHEMBL5962943,active
CHEMBL3676344,active
CHEMBL5563672,active
CHEMBL115745,active
CHEMBL5209075,active
CHEMBL5766704,active
CHEMBL5199520,active
CHEMBL3903641,active
CHEMBL2426279,active
CHEMBL6011434,active
CHEMBL2325099,active
CHEMBL5854207,active
CHEMBL5266649,active
CHEMBL3954684,active
CHEMBL348554,inactive
CHEMBL2347963,active
CHEMBL123189,active
CHEMBL5840248,active
CHEMBL138125,active
CHEMBL4474073,active
CHEMBL306732,active
CHEMBL472545,active
CHEMBL5777803,active
CHEMBL4752843,active
CHEMBL3962365,active
CHEMBL5747733,active
CHEMBL1095445,inactive
CHEMBL4783641,active
CHEMBL3764589,active
CHEMBL473437,active
CHEMBL4780058,active
CHEMBL5840400,active
CHEMBL6009993,active
CHEMBL2031306,active
CHEMBL2283256,inactive
CHEMBL188522,active
CHEMBL170438,inactive
CHEMBL3897363,active
CHEMBL5974959,active
CHEMBL435831,inactive
CHEMBL3622639,active
CHEMBL3913728,active
CHEMBL3948084,active
CHEMBL5182567,active
CHEMBL3908272,active
CHEMBL296168,active
CHEMBL5573028,active
CHEMBL5920148,active
CHEMBL3946396,active
CHEMBL4288262,active
CHEMBL3752825,active
CHEMBL1241490,active
CHEMBL5850600,active
CHEMBL3981551,active
CHEMBL4079393,active
CHEMBL5996357,active
CHEMBL5182465,active
CHEMBL5281270,active
CHEMBL59812,inactive
CHEMBL6008669,active
CHEMBL1172602,inactive
CHEMBL5968640,active
CHEMBL6058583,active
CHEMBL126192,active
CHEMBL5990188,active
CHEMBL1821889,inactive
CHEMBL2048912,active
CHEMBL3671545,active
CHEMBL5874033,active
CHEMBL3948546,inactive
CHEMBL3671518,active
CHEMBL5187762,active
CHEMBL3360613,active
CHEMBL343352,active
CHEMBL234772,active
CHEMBL4225781,active
CHEMBL3233779,active
CHEMBL3986363,active
CHEMBL5290094,active
CHEMBL1091613,active
CHEMBL4758107,active
CHEMBL1914661,active
CHEMBL31815,active
CHEMBL437879,active
CHEMBL2029695,inactive
CHEMBL1828862,active
CHEMBL2337364,inactive
CHEMBL4873202,active
CHEMBL5740396,active
CHEMBL5960969,inactive
CHEMBL4078431,active
CHEMBL343722,active
CHEMBL5771859,active
CHEMBL2325106,active
CHEMBL5996683,active
CHEMBL5982032,active
CHEMBL5896195,active
CHEMBL1830231,active
CHEMBL1242661,inactive
CHEMBL4102455,active
CHEMBL4061382,active
CHEMBL3355890,active
CHEMBL3671552,active
CHEMBL3671553,active
CHEMBL3671551,active
CHEMBL5854828,active
CHEMBL246493,active
CHEMBL4471845,active
CHEMBL5903077,active
CHEMBL5753909,active
CHEMBL4288482,active
CHEMBL5590689,active
CHEMBL1641997,inactive
CHEMBL4082840,active
CHEMBL56502,active
CHEMBL128000,inactive
CHEMBL376967,active
CHEMBL3622642,active
CHEMBL6040634,active
CHEMBL5852886,active
CHEMBL3676369,active
CHEMBL3416630,active
CHEMBL246491,active
CHEMBL265367,active
CHEMBL5880020,active
CHEMBL5270506,active
CHEMBL2179128,active
CHEMBL5984973,active
CHEMBL155389,inactive
CHEMBL3787386,active
CHEMBL5077378,active
CHEMBL5930652,active
CHEMBL5887634,active
CHEMBL5571836,active
CHEMBL5816684,active
CHEMBL5995066,active
CHEMBL4650319,active
CHEMBL5188948,active
CHEMBL6060281,active
CHEMBL3639703,active
CHEMBL1944923,inactive
CHEMBL5789149,active
CHEMBL3814878,active
CHEMBL5283543,active
CHEMBL5950819,active
CHEMBL5796215,active
CHEMBL19978,inactive
CHEMBL4173696,active
CHEMBL3965391,active
CHEMBL6064016,active
CHEMBL5993587,active
CHEMBL3786647,active
CHEMBL4278226,active
CHEMBL4215397,active
CHEMBL5276251,active
CHEMBL4873984,active
CHEMBL4853833,active
CHEMBL5851856,active
CHEMBL4102886,active
CHEMBL40734,active
CHEMBL140561,active
CHEMBL3085376,active
CHEMBL4572315,active
CHEMBL6011269,active
CHEMBL4576032,active
CHEMBL39320,active
CHEMBL5169943,active
CHEMBL1093234,active
CHEMBL185637,active
CHEMBL5933810,active
CHEMBL554,active
CHEMBL4103912,active
CHEMBL6001620,active
CHEMBL3699618,active
CHEMBL1947127,active
CHEMBL4214588,active
CHEMBL5555311,active
CHEMBL212965,active
CHEMBL3671495,active
CHEMBL520515,inactive
CHEMBL2348418,active
CHEMBL387265,active
CHEMBL442754,active
CHEMBL4216025,inactive
CHEMBL5595805,active
CHEMBL5619771,active
CHEMBL5272853,active
CHEMBL4751362,active
CHEMBL5775870,active
CHEMBL272935,active
CHEMBL4128726,active
CHEMBL5744155,active
CHEMBL1934621,active
CHEMBL4226436,active
CHEMBL121796,active
CHEMBL392664,active
CHEMBL404849,active
CHEMBL3219134,active
CHEMBL5397162,active
CHEMBL5405276,active
CHEMBL5876660,active
CHEMBL5903491,active
CHEMBL4278815,active
CHEMBL3818289,active
CHEMBL1090356,active
CHEMBL5746567,active
CHEMBL414220,active
CHEMBL4067014,active
CHEMBL5631951,active
CHEMBL592141,inactive
CHEMBL5646609,active
CHEMBL127041,active
CHEMBL455433,active
CHEMBL5972110,active
CHEMBL5795375,active
CHEMBL6014011,active
CHEMBL4204139,active
CHEMBL3344216,active
CHEMBL3344221,active
CHEMBL3344208,active
CHEMBL162622,active
CHEMBL1947126,active
CHEMBL3360619,active
CHEMBL5864713,active
CHEMBL3919271,active
CHEMBL592713,active
CHEMBL80302,active
CHEMBL363607,inactive
CHEMBL1956891,inactive
CHEMBL3764603,active
CHEMBL212954,active
CHEMBL385479,active
CHEMBL1093815,active
CHEMBL3942228,active
CHEMBL5866027,active
CHEMBL428690,inactive
CHEMBL6002504,active
CHEMBL380078,active
CHEMBL3775285,active
CHEMBL2437465,active
CHEMBL5759248,active
CHEMBL125086,active
CHEMBL5876051,active
CHEMBL118904,active
CHEMBL2420867,active
CHEMBL134312,active
CHEMBL5414141,active
CHEMBL3924500,active
CHEMBL5430071,active
CHEMBL5271284,active
CHEMBL1242288,inactive
CHEMBL6049268,active
CHEMBL3758749,active
CHEMBL3734933,active
CHEMBL2178351,active
CHEMBL3671500,active
CHEMBL446250,active
CHEMBL5864620,active
CHEMBL4475770,active
CHEMBL5186794,active
CHEMBL3985134,active
CHEMBL5438475,active
CHEMBL162508,active
CHEMBL3699588,active
CHEMBL4281367,active
CHEMBL5401619,active
CHEMBL5822356,active
CHEMBL6058403,active
CHEMBL5559904,inactive
CHEMBL1243284,active
CHEMBL5939106,active
CHEMBL5908975,active
CHEMBL6050763,active
CHEMBL153843,inactive
CHEMBL92731,active
CHEMBL4521028,active
CHEMBL4129138,active
CHEMBL4126810,active
CHEMBL57758,active
CHEMBL431001,inactive
CHEMBL5969707,active
CHEMBL5431658,active
CHEMBL589831,active
CHEMBL4070404,active
CHEMBL1934631,active
CHEMBL5949708,active
CHEMBL427671,active
CHEMBL293986,inactive
CHEMBL3663928,active
CHEMBL2437479,active
CHEMBL169390,active
CHEMBL5434109,active
CHEMBL3786962,active
CHEMBL5953169,active
CHEMBL3699590,active
CHEMBL3674151,active
CHEMBL5557998,inactive
CHEMBL2347964,active
CHEMBL4529183,active
CHEMBL2029693,inactive
CHEMBL2437468,active
CHEMBL3219131,active
CHEMBL3946259,active
CHEMBL4228473,active
CHEMBL5763277,active
CHEMBL184750,active
CHEMBL3671509,active
CHEMBL52015,active
CHEMBL5076881,active
CHEMBL4459564,inactive
CHEMBL5831823,active
CHEMBL4755988,active
CHEMBL5633818,active
CHEMBL3741304,active
CHEMBL5402235,active
CHEMBL3736121,active
CHEMBL461795,active
CHEMBL5412305,active
CHEMBL5395404,active
CHEMBL3347487,active
CHEMBL233324,active
CHEMBL4746030,active
CHEMBL4581316,active
CHEMBL6033348,active
CHEMBL5419520,active
CHEMBL5406951,active
CHEMBL5915264,active
CHEMBL4207984,active
CHEMBL5208825,active
CHEMBL3612587,active
CHEMBL4212450,active
CHEMBL6023442,active
CHEMBL5904700,active
CHEMBL5178703,active
CHEMBL5181694,active
CHEMBL5170965,active
CHEMBL5176854,active
CHEMBL90595,active
CHEMBL5517918,active
CHEMBL5568213,active
CHEMBL6023885,active
CHEMBL57990,active
CHEMBL5953946,active
CHEMBL250524,active
CHEMBL133024,active
CHEMBL251497,active
CHEMBL2425087,active
CHEMBL4159404,active
CHEMBL3977192,active
CHEMBL4553504,active
CHEMBL6000647,active
CHEMBL170724,active
CHEMBL1914672,active
CHEMBL4749518,active
CHEMBL3895411,active
CHEMBL3751967,active
CHEMBL5563305,active
CHEMBL5401705,active
CHEMBL3608433,active
CHEMBL299707,inactive
CHEMBL165864,active
CHEMBL2105719,active
CHEMBL21108,inactive
CHEMBL3759280,active
CHEMBL5558514,active
CHEMBL4447196,active
CHEMBL1173397,inactive
CHEMBL5556861,active
CHEMBL4227091,active
CHEMBL118321,inactive
CHEMBL3975699,active
CHEMBL4280993,active
CHEMBL4531250,active
CHEMBL1242026,active
CHEMBL1098120,active
CHEMBL3957025,active
CHEMBL4789796,active
CHEMBL5836601,active
CHEMBL5807906,active
CHEMBL4210550,active
CHEMBL5912353,active
CHEMBL4648271,active
CHEMBL3290142,active
CHEMBL3671491,active
CHEMBL91867,active
CHEMBL5417458,active
CHEMBL121954,active
CHEMBL1173713,inactive
CHEMBL4083486,active
CHEMBL3797963,active
CHEMBL6000385,active
CHEMBL592457,active
CHEMBL14932,active
CHEMBL5287229,active
CHEMBL3929584,active
CHEMBL1821871,active
CHEMBL4060103,active
CHEMBL433205,active
CHEMBL6063800,active
CHEMBL14627,active
CHEMBL497459,active
CHEMBL4746321,active
CHEMBL3671571,active
CHEMBL5826541,active
CHEMBL2381511,active
CHEMBL1271561,active
CHEMBL265629,active
CHEMBL4206501,active
CHEMBL3753811,active
CHEMBL5810396,active
CHEMBL498134,active
CHEMBL257861,active
CHEMBL4793852,active
CHEMBL5920538,active
CHEMBL4447982,active
CHEMBL157304,inactive
CHEMBL250923,active
CHEMBL5851917,active
CHEMBL3774926,active
CHEMBL5181487,active
CHEMBL5204446,active
CHEMBL4229213,active
CHEMBL6034048,active
CHEMBL4210100,active
CHEMBL51265,active
CHEMBL6027049,active
CHEMBL5857449,active
CHEMBL5199166,active
CHEMBL6048492,active
CHEMBL5850696,active
CHEMBL5413423,active
CHEMBL5931729,active
CHEMBL332906,active
CHEMBL136674,active
CHEMBL5785108,active
CHEMBL4855312,active
CHEMBL1821879,inactive
CHEMBL5440766,active
CHEMBL3904205,active
CHEMBL5556316,inactive
CHEMBL3647418,active
CHEMBL91,inactive
CHEMBL1828878,inactive
CHEMBL5985094,active
CHEMBL363815,active
CHEMBL5950429,active
CHEMBL154969,inactive
CHEMBL1956892,inactive
CHEMBL4079768,active
CHEMBL4752492,active
CHEMBL3612570,active
CHEMBL5950050,active
CHEMBL5962642,active
CHEMBL470003,active
CHEMBL5218780,active
CHEMBL4552429,active
CHEMBL6012240,active
CHEMBL6001160,active
CHEMBL3092310,active
CHEMBL5193772,active
CHEMBL2336359,inactive
CHEMBL258282,active
CHEMBL3671575,active
CHEMBL4203110,active
CHEMBL5204954,active
CHEMBL1242112,active
CHEMBL2029437,active
CHEMBL5594128,active
CHEMBL598163,active
CHEMBL6064756,active
CHEMBL3765263,active
CHEMBL352801,active
CHEMBL175101,active
CHEMBL56393,active
CHEMBL3671481,active
CHEMBL5857367,active
CHEMBL5755194,active
CHEMBL257430,active
CHEMBL4448148,active
CHEMBL196548,active
CHEMBL3114688,active
CHEMBL1203939,active
CHEMBL289162,active
CHEMBL4795165,active
CHEMBL473553,active
CHEMBL113070,active
CHEMBL5892248,active
CHEMBL3754213,active
CHEMBL4282543,active
CHEMBL304271,active
CHEMBL67057,active
CHEMBL3970399,active
CHEMBL57759,active
CHEMBL4753700,active
CHEMBL592480,active
CHEMBL3608430,active
CHEMBL330323,active
CHEMBL1172781,active
CHEMBL243628,active
CHEMBL5844686,active
CHEMBL162821,active
CHEMBL6051041,active
CHEMBL157128,active
CHEMBL80540,active
CHEMBL5770089,active
CHEMBL3961848,active
CHEMBL4064937,active
CHEMBL4579805,active
CHEMBL6034266,active
CHEMBL4165267,active
CHEMBL1090357,active
CHEMBL6006209,active
CHEMBL10,inactive
CHEMBL5946635,active
CHEMBL5199106,active
CHEMBL5208737,active
CHEMBL3967219,active
CHEMBL93181,active
CHEMBL4079566,active
CHEMBL293584,active
CHEMBL3947406,active
CHEMBL5814864,active
CHEMBL4530170,active
CHEMBL4785849,active
CHEMBL4858583,active
CHEMBL583683,active
CHEMBL6046213,active
CHEMBL6047706,active
CHEMBL76905,inactive
CHEMBL4175782,active
CHEMBL5180251,active
CHEMBL4286318,active
CHEMBL4212326,active
CHEMBL5897021,active
CHEMBL307062,active
CHEMBL3297894,active
CHEMBL36819,active
CHEMBL5591496,active
CHEMBL116308,active
CHEMBL5767398,inactive
CHEMBL3671580,active
CHEMBL377772,active
CHEMBL422531,inactive
CHEMBL5630690,active
CHEMBL5416719,active
CHEMBL153206,active
CHEMBL76432,active
CHEMBL5745328,active
CHEMBL5186362,active
CHEMBL3923551,active
CHEMBL5408586,active
CHEMBL2347972,active
CHEMBL5763337,active
CHEMBL1933083,active
CHEMBL3237938,inactive
CHEMBL1645476,active
CHEMBL5181237,active
CHEMBL4098500,active
CHEMBL137364,active
CHEMBL122243,active
CHEMBL3805859,active
CHEMBL129579,active
CHEMBL5172236,active
CHEMBL4540442,active
CHEMBL300491,active
CHEMBL5284179,active
CHEMBL263528,active
CHEMBL81375,active
CHEMBL538814,active
CHEMBL4540303,active
CHEMBL53555,active
CHEMBL4745195,active
CHEMBL3753208,active
CHEMBL444724,active
CHEMBL1242752,inactive
CHEMBL5276760,active
CHEMBL5290595,active
CHEMBL4067855,active
CHEMBL215033,active
CHEMBL245277,active
CHEMBL394495,active
CHEMBL3680375,active
CHEMBL4245874,active
CHEMBL5185864,active
CHEMBL5847902,active
CHEMBL73820,inactive
CHEMBL1830264,inactive
CHEMBL5773114,active
CHEMBL5755291,active
CHEMBL5749405,active
CHEMBL5281203,active
CHEMBL3760082,active
CHEMBL3233788,active
CHEMBL6017494,active
CHEMBL5760659,active
CHEMBL5957231,active
CHEMBL3699612,active
CHEMBL515401,active
CHEMBL2381508,active
CHEMBL3622632,active
CHEMBL5422383,active
CHEMBL5631610,active
CHEMBL4792967,active
CHEMBL6015337,active
CHEMBL6026303,active
CHEMBL4463563,active
CHEMBL4850856,active
CHEMBL4303382,active
CHEMBL5896727,active
CHEMBL2425083,active
CHEMBL5188281,active
CHEMBL4848234,active
CHEMBL1914666,active
CHEMBL2408829,active
CHEMBL311119,inactive
CHEMBL51028,active
CHEMBL4104658,active
CHEMBL5950802,active
CHEMBL3416624,active
CHEMBL5894911,active
CHEMBL1945644,inactive
CHEMBL5404368,active
CHEMBL2425736,active
CHEMBL5821349,active
CHEMBL3622641,active
CHEMBL57892,active
CHEMBL5590430,active
CHEMBL5558549,active
CHEMBL6036276,active
CHEMBL5870500,active
CHEMBL1172957,inactive
CHEMBL2437488,active
CHEMBL4870265,active
CHEMBL596964,active
CHEMBL332971,active
CHEMBL3098313,inactive
CHEMBL5816313,active
CHEMBL5592391,active
CHEMBL5561612,active
CHEMBL3933539,active
CHEMBL4281426,active
CHEMBL5925024,active
CHEMBL152984,active
CHEMBL2064395,active
CHEMBL5767790,active
CHEMBL4449391,active
CHEMBL3959248,active
CHEMBL205765,active
CHEMBL91980,active
CHEMBL4576802,active
CHEMBL1241861,inactive
CHEMBL5406771,active
CHEMBL5559071,active
CHEMBL6032873,active
CHEMBL4066569,active
CHEMBL1744086,active
CHEMBL1788321,active
CHEMBL5847747,active
CHEMBL5200637,active
CHEMBL3671517,active
CHEMBL5440559,active
CHEMBL5423938,active
CHEMBL5750469,active
CHEMBL4208829,active
CHEMBL4097862,active
CHEMBL3357653,active
CHEMBL3357652,active
CHEMBL5885178,active
CHEMBL4462971,active
CHEMBL5858630,active
CHEMBL5930490,active
CHEMBL93423,active
CHEMBL111038,active
CHEMBL3699620,active
CHEMBL5191674,active
CHEMBL193368,active
CHEMBL399372,active
CHEMBL5805507,active
CHEMBL3233767,active
CHEMBL131577,inactive
CHEMBL475769,active
CHEMBL6035688,active
CHEMBL5785533,active
CHEMBL5270419,active
CHEMBL2385975,active
CHEMBL3970231,active
CHEMBL5944794,active
CHEMBL5565503,active
CHEMBL4060198,active
CHEMBL4788364,active
CHEMBL3622650,active
CHEMBL3752008,active
CHEMBL3671501,active
CHEMBL1821884,inactive
CHEMBL4519305,active
CHEMBL4517633,active
CHEMBL4083642,active
CHEMBL4213609,active
CHEMBL5631544,active
CHEMBL5768939,active
CHEMBL5409736,inactive
CHEMBL553351,active
CHEMBL1830273,inactive
CHEMBL4750196,active
CHEMBL5832595,active
CHEMBL1945646,inactive
CHEMBL5954442,active
CHEMBL5972541,inactive
CHEMBL5817539,active
CHEMBL5396915,active
CHEMBL1171273,inactive
CHEMBL5964110,active
CHEMBL171256,inactive
CHEMBL3622630,active
CHEMBL606027,inactive
CHEMBL4091966,active
CHEMBL5907329,active
CHEMBL307481,inactive
CHEMBL5077901,active
CHEMBL3360614,active
CHEMBL4441404,active
CHEMBL4555707,active
CHEMBL3676390,active
CHEMBL5741712,active
CHEMBL4791108,active
CHEMBL4228120,active
CHEMBL5832966,active
CHEMBL6063908,active
CHEMBL5775729,active
CHEMBL5859805,active
CHEMBL4441745,active
CHEMBL4789312,active
CHEMBL55993,inactive
CHEMBL86326,inactive
CHEMBL290389,active
CHEMBL4294211,active
CHEMBL3935007,active
CHEMBL5750518,active
CHEMBL2070191,active
CHEMBL5813402,active
CHEMBL3335245,inactive
CHEMBL131193,active
CHEMBL3355882,active
CHEMBL5742635,active
CHEMBL5204535,active
CHEMBL5807191,active
CHEMBL3937373,active
CHEMBL4454929,active
CHEMBL5619848,active
CHEMBL2347971,active
CHEMBL7866,active
CHEMBL3622653,active
CHEMBL3961532,active
CHEMBL4250210,active
CHEMBL4747759,active
CHEMBL5978804,active
CHEMBL215559,active
CHEMBL5840304,active
CHEMBL3953921,active
CHEMBL462162,active
CHEMBL3088223,inactive
CHEMBL5279636,active
CHEMBL53299,active
CHEMBL5178571,active
CHEMBL5899957,active
CHEMBL3671582,active
CHEMBL187007,inactive
CHEMBL5828219,active
CHEMBL50245,active
CHEMBL5286080,active
CHEMBL1172951,inactive
CHEMBL3416598,active
CHEMBL5395951,active
CHEMBL243837,active
CHEMBL2334003,active
CHEMBL2335377,inactive
CHEMBL461114,active
CHEMBL3218424,active
CHEMBL5437181,active
CHEMBL4591886,active
CHEMBL2031313,active
CHEMBL4090582,active
CHEMBL3087209,active
CHEMBL5912978,active
CHEMBL65038,active
CHEMBL4759650,active
CHEMBL201511,inactive
CHEMBL589165,inactive
CHEMBL5879127,active
CHEMBL5968167,active
CHEMBL4205688,active
CHEMBL93032,active
CHEMBL3416599,active
CHEMBL3977926,active
CHEMBL5833420,active
CHEMBL5178865,active
CHEMBL3678949,active
CHEMBL3353395,inactive
CHEMBL540082,active
CHEMBL403357,active
CHEMBL5802671,active
CHEMBL5961642,active
CHEMBL5971053,active
CHEMBL495617,inactive
CHEMBL1242470,inactive
CHEMBL448154,active
CHEMBL247916,active
CHEMBL1683972,active
CHEMBL122182,active
CHEMBL4473875,active
CHEMBL1202478,active
CHEMBL5567954,active
CHEMBL5987547,active
CHEMBL67027,active
CHEMBL589825,inactive
CHEMBL4282688,active
CHEMBL5180289,active
CHEMBL3360620,active
CHEMBL5895755,active
CHEMBL332765,active
CHEMBL4878626,active
CHEMBL1243316,active
CHEMBL251291,active
CHEMBL5771047,active
CHEMBL289213,active
CHEMBL5200991,active
CHEMBL5206436,active
CHEMBL5863176,inactive
CHEMBL5798951,active
CHEMBL5779120,active
CHEMBL3085374,active
CHEMBL5078413,active
CHEMBL5192223,active
CHEMBL5786862,active
CHEMBL6024600,active
CHEMBL4293126,active
CHEMBL196018,active
CHEMBL5887896,active
CHEMBL1830130,inactive
CHEMBL214478,active
CHEMBL3416625,active
CHEMBL5176295,active
CHEMBL1172950,inactive
CHEMBL5944318,active
CHEMBL3676373,active
CHEMBL5857090,active
CHEMBL3671504,active
CHEMBL1683969,active
CHEMBL5964212,active
CHEMBL4794857,active
CHEMBL21096,inactive
CHEMBL3699599,active
CHEMBL139095,active
CHEMBL5828421,active
CHEMBL1821873,active
CHEMBL5742722,active
CHEMBL3622636,active
CHEMBL5958646,active
CHEMBL5829030,active
CHEMBL4447976,active
CHEMBL4278886,active
CHEMBL5999776,active
CHEMBL2048910,active
CHEMBL5905455,active
CHEMBL6061803,active
CHEMBL4521506,active
CHEMBL1830265,inactive
CHEMBL3344211,active
CHEMBL2408045,active
CHEMBL504135,inactive
CHEMBL6022365,active
CHEMBL383246,active
CHEMBL419137,active
CHEMBL1958027,inactive
CHEMBL257815,active
CHEMBL5633067,active
CHEMBL5429838,active
CHEMBL3935034,active
CHEMBL3958631,active
CHEMBL544867,active
CHEMBL94431,active
CHEMBL402316,active
CHEMBL608860,active
CHEMBL3085379,active
CHEMBL5872428,active
CHEMBL5979209,active
CHEMBL6026968,active
CHEMBL591051,inactive
CHEMBL5793320,active
CHEMBL4447225,active
CHEMBL225928,active
CHEMBL5289304,active
CHEMBL604094,active
CHEMBL5852751,active
CHEMBL358934,active
CHEMBL5922695,active
CHEMBL257816,active
CHEMBL1914667,active
CHEMBL2087360,active
CHEMBL6054496,active
CHEMBL1173814,active
CHEMBL6058940,active
CHEMBL1821885,inactive
CHEMBL176815,active
CHEMBL2424664,active
CHEMBL5291434,active
CHEMBL31326,active
CHEMBL6026532,active
CHEMBL4067373,active
CHEMBL2424676,active
CHEMBL218677,active
CHEMBL4852264,active
CHEMBL3221556,active
CHEMBL5758176,active
CHEMBL5821647,active
CHEMBL5584189,active
CHEMBL5400539,active
CHEMBL5289358,active
CHEMBL5208416,active
CHEMBL3754057,active
CHEMBL1241301,inactive
CHEMBL3903249,active
CHEMBL3903870,active
CHEMBL5871879,active
CHEMBL4282460,active
CHEMBL3926223,active
CHEMBL3894726,active
CHEMBL5189711,active
CHEMBL3923650,active
CHEMBL2335019,inactive
CHEMBL24026,active
CHEMBL3357651,active
CHEMBL3357650,active
CHEMBL3818547,active
CHEMBL3086103,active
CHEMBL4077973,active
CHEMBL1645474,active
CHEMBL5744898,active
CHEMBL4591327,active
CHEMBL31588,active
CHEMBL2148053,active
CHEMBL513362,active
CHEMBL470218,active
CHEMBL3805782,active
CHEMBL3088225,inactive
CHEMBL5882437,active
CHEMBL66409,active
CHEMBL3357654,active
CHEMBL3357655,active
CHEMBL5994362,active
CHEMBL3919609,active
CHEMBL4279863,inactive
CHEMBL5980501,active
CHEMBL5270334,active
CHEMBL3623286,active
CHEMBL365606,active
CHEMBL3916141,active
CHEMBL5903857,active
CHEMBL6026502,active
CHEMBL5839323,active
CHEMBL6034481,active
CHEMBL470011,active
CHEMBL203644,active
CHEMBL4576626,inactive
CHEMBL196925,active
CHEMBL3114686,active
CHEMBL4227210,active
CHEMBL135902,active
CHEMBL4740063,active
CHEMBL328244,active
CHEMBL5913484,active
CHEMBL5784511,active
CHEMBL3663927,active
CHEMBL5560649,active
CHEMBL4588202,active
CHEMBL54475,active
CHEMBL1958215,active
CHEMBL5911586,active
CHEMBL97771,active
CHEMBL247468,active
CHEMBL451074,active
CHEMBL500591,active
CHEMBL3946232,active
CHEMBL5270336,active
CHEMBL3752370,active
CHEMBL338175,active
CHEMBL4642158,active
CHEMBL5946980,active
CHEMBL1645471,active
CHEMBL347854,inactive
CHEMBL4741678,active
CHEMBL1630118,active
CHEMBL4245415,active
CHEMBL4761468,active
CHEMBL5823957,active
CHEMBL5559069,active
CHEMBL3263964,active
CHEMBL4064361,active
CHEMBL5824770,active
CHEMBL4465727,active
CHEMBL5876724,active
CHEMBL204638,active
CHEMBL5833997,active
CHEMBL3671560,active
CHEMBL593294,active
CHEMBL5745455,active
CHEMBL3961961,active
CHEMBL3960332,active
CHEMBL2283259,inactive
CHEMBL6043477,active
CHEMBL5772446,active
CHEMBL4165126,active
CHEMBL4860202,inactive
CHEMBL5931975,active
CHEMBL5790308,active
CHEMBL4288246,active
CHEMBL4102179,active
CHEMBL1171822,inactive
CHEMBL4553708,inactive
CHEMBL232082,active
CHEMBL1828883,inactive
CHEMBL5961562,active
CHEMBL500640,active
CHEMBL2031307,active
CHEMBL5280635,active
CHEMBL422066,active
CHEMBL5565051,active
CHEMBL2070197,active
CHEMBL5963945,active
CHEMBL525725,active
CHEMBL153525,active
CHEMBL5874947,active
CHEMBL438440,active
CHEMBL5789472,active
CHEMBL5893218,active
CHEMBL5779580,active
CHEMBL5173986,active
CHEMBL5170653,active
CHEMBL3785393,active
CHEMBL3360615,active
CHEMBL5981661,active
CHEMBL3699602,active
CHEMBL473141,inactive
CHEMBL5760623,active
CHEMBL3233790,active
CHEMBL3975588,active
CHEMBL5860078,active
CHEMBL2070193,active
CHEMBL2048791,active
CHEMBL6026193,active
CHEMBL3622671,active
CHEMBL118130,active
CHEMBL4088760,active
CHEMBL5190204,active
CHEMBL5436096,active
CHEMBL31816,active
CHEMBL5750984,active
CHEMBL3671487,active
CHEMBL5759591,active
CHEMBL3671572,active
CHEMBL2333998,active
CHEMBL1241675,inactive
CHEMBL5914292,active
CHEMBL5801199,active
CHEMBL5892140,active
CHEMBL384699,active
CHEMBL3086106,active
CHEMBL516047,active
CHEMBL243410,active
CHEMBL4175024,active
CHEMBL5624580,active
CHEMBL5428623,active
CHEMBL4097883,active
CHEMBL4793338,active
CHEMBL1241586,active
CHEMBL5572670,active
CHEMBL5789905,active
CHEMBL2325108,active
CHEMBL3114687,active
CHEMBL3353410,active
CHEMBL4741340,active
CHEMBL5619849,active
CHEMBL55748,inactive
CHEMBL62843,inactive
CHEMBL5619554,active
CHEMBL331906,active
CHEMBL4786168,active
CHEMBL122411,active
CHEMBL3972316,active
CHEMBL5280292,active
CHEMBL291701,active
CHEMBL5946210,active
CHEMBL5987223,active
CHEMBL3759480,active
CHEMBL593292,active
CHEMBL1945448,active
CHEMBL5183327,active
CHEMBL5798503,inactive
CHEMBL417478,active
CHEMBL1630111,active
CHEMBL5918652,active
CHEMBL6003119,active
CHEMBL4536115,active
CHEMBL3622638,active
CHEMBL5898294,active
CHEMBL444619,active
CHEMBL4797395,active
CHEMBL1545480,active
CHEMBL3758582,active
CHEMBL3699585,active
CHEMBL5925992,active
CHEMBL4209019,active
CHEMBL4291900,active
CHEMBL63469,active
CHEMBL185327,inactive
CHEMBL76589,active
CHEMBL5862436,active
CHEMBL1829272,inactive
CHEMBL469354,active
CHEMBL1093099,inactive
CHEMBL3758951,active
CHEMBL432903,active
CHEMBL5872217,active
CHEMBL5411886,active
CHEMBL4463012,active
CHEMBL3355889,active
CHEMBL5831921,active
CHEMBL2437486,active
CHEMBL5279914,active
CHEMBL589120,inactive
CHEMBL165788,active
CHEMBL3806213,active
CHEMBL5396086,active
CHEMBL4105503,active
CHEMBL3671581,active
CHEMBL30432,active
CHEMBL1914671,active
CHEMBL6021920,active
CHEMBL6022955,active
CHEMBL5790648,active
CHEMBL251732,active
CHEMBL5742497,active
CHEMBL4740234,active
CHEMBL3978686,active
CHEMBL4794223,active
CHEMBL5804773,active
CHEMBL93734,active
CHEMBL4846607,active
CHEMBL3234745,active
CHEMBL5750713,active
CHEMBL5853466,active
CHEMBL5837340,active
CHEMBL372293,active
CHEMBL4519470,active
CHEMBL297968,active
CHEMBL4287629,active
CHEMBL5956184,active
CHEMBL1242853,active
CHEMBL1242024,active
CHEMBL5565103,active
CHEMBL379047,active
CHEMBL5849866,active
CHEMBL3905552,active
CHEMBL5400143,active
CHEMBL5836136,active
CHEMBL4060003,active
CHEMBL5803675,active
CHEMBL5972309,active
CHEMBL5619530,active
CHEMBL3760023,active
CHEMBL5571590,active
CHEMBL5840159,active
CHEMBL2408825,active
CHEMBL6040910,active
CHEMBL2425737,active
CHEMBL4877452,active
CHEMBL572030,active
CHEMBL5570405,active
CHEMBL505463,active
CHEMBL5819792,active
CHEMBL3623278,active
CHEMBL74722,active
CHEMBL320705,active
CHEMBL4446124,active
CHEMBL5786877,active
CHEMBL5268143,active
CHEMBL56912,active
CHEMBL3754040,active
CHEMBL4086821,active
CHEMBL2029431,active
CHEMBL5895880,active
CHEMBL420885,active
CHEMBL3786343,active
CHEMBL6028345,active
CHEMBL4283970,active
CHEMBL5881427,active
CHEMBL5278452,active
CHEMBL5266798,active
CHEMBL4284071,active
CHEMBL5404784,active
CHEMBL4290375,active
CHEMBL5850442,active
CHEMBL5597403,active
CHEMBL5918623,active
CHEMBL3436358,active
CHEMBL597569,active
CHEMBL3828079,active
CHEMBL3787220,active
CHEMBL6000674,active
CHEMBL279481,inactive
CHEMBL5184313,active
CHEMBL5937054,active
CHEMBL6028388,active
CHEMBL4757145,active
CHEMBL3671496,active
CHEMBL590878,active
CHEMBL5950803,active
CHEMBL93284,active
CHEMBL5206697,active
CHEMBL5914297,active
CHEMBL4861346,active
CHEMBL1782692,active
CHEMBL3355875,active
CHEMBL3937949,active
CHEMBL96065,active
CHEMBL5896779,inactive
CHEMBL2347969,active
CHEMBL2425093,active
CHEMBL2031297,active
CHEMBL2437471,active
CHEMBL5868212,active
CHEMBL5879850,active
CHEMBL1760035,active
CHEMBL3699617,active
CHEMBL31630,active
CHEMBL460736,active
CHEMBL3655350,active
CHEMBL1242658,inactive
CHEMBL5175873,active
CHEMBL91914,inactive
CHEMBL448628,active
CHEMBL6042374,active
CHEMBL54474,active
CHEMBL245869,active
CHEMBL69964,active
CHEMBL176891,active
CHEMBL255871,active
CHEMBL408565,inactive
CHEMBL1830129,inactive
CHEMBL5826650,active
CHEMBL5275642,active
CHEMBL6062783,active
CHEMBL5289352,active
CHEMBL4087375,active
CHEMBL4093954,active
CHEMBL5768666,active
CHEMBL5756092,active
CHEMBL5274305,active
CHEMBL3699621,active
CHEMBL5755058,active
CHEMBL5955416,active
CHEMBL1944641,inactive
CHEMBL161956,active
CHEMBL521155,inactive
CHEMBL5597916,active
CHEMBL5968112,active
CHEMBL5920179,active
CHEMBL5978253,active
CHEMBL511449,inactive
CHEMBL53428,active
CHEMBL3655346,active
CHEMBL4778159,active
CHEMBL5762278,active
CHEMBL2426287,active
CHEMBL5813773,active
CHEMBL2178368,active
CHEMBL371863,active
CHEMBL1944927,inactive
CHEMBL205059,active
CHEMBL3909201,active
CHEMBL4078920,active
CHEMBL3759015,active
CHEMBL5834686,active
CHEMBL1923007,active
CHEMBL5206683,active
CHEMBL5780557,active
CHEMBL5917268,active
CHEMBL1928949,active
CHEMBL5814141,active
CHEMBL4538066,active
CHEMBL5929353,active
CHEMBL5949485,active
CHEMBL5272858,active
CHEMBL596755,active
CHEMBL5993924,active
CHEMBL3416629,active
CHEMBL5832640,active
CHEMBL493428,active
CHEMBL5631083,active
CHEMBL473427,active
CHEMBL73625,inactive
CHEMBL3954906,active
CHEMBL6036007,active
CHEMBL5572504,active
CHEMBL284326,active
CHEMBL5971019,active
CHEMBL332938,active
CHEMBL1221700,active
CHEMBL305246,active
CHEMBL590558,active
CHEMBL3219127,active
CHEMBL248877,active
CHEMBL3612593,active
CHEMBL4878421,active
CHEMBL6030424,active
CHEMBL4784777,active
CHEMBL5200598,active
CHEMBL356850,active
CHEMBL496174,active
CHEMBL495979,active
CHEMBL571809,active
CHEMBL4061829,active
CHEMBL95774,active
CHEMBL5912662,active
CHEMBL5758862,active
CHEMBL4289490,active
CHEMBL116595,active
CHEMBL4228848,active
CHEMBL1821874,active
CHEMBL253292,active
CHEMBL6018816,active
CHEMBL6020997,active
CHEMBL6007655,active
CHEMBL3344217,active
CHEMBL5862480,inactive
CHEMBL4098444,active
CHEMBL4634317,inactive
CHEMBL3753305,active
CHEMBL2437224,active
CHEMBL3916644,active
CHEMBL3809045,active
CHEMBL5782176,active
CHEMBL175409,active
CHEMBL1619395,active
CHEMBL3297998,active
CHEMBL1910275,inactive
CHEMBL6058591,active
CHEMBL6022727,active
CHEMBL139307,active
CHEMBL5846040,active
CHEMBL4575583,active
CHEMBL373207,active
CHEMBL4099713,active
CHEMBL3086104,active
CHEMBL312753,active
CHEMBL3676363,active
CHEMBL4171115,active
CHEMBL6043071,active
CHEMBL137788,active
CHEMBL2437227,active
CHEMBL4454516,active
CHEMBL4077419,active
CHEMBL5186680,active
CHEMBL5772311,active
CHEMBL5902984,active
CHEMBL1829274,inactive
CHEMBL3916927,active
CHEMBL5802687,active
CHEMBL3233786,active
CHEMBL4435699,active
CHEMBL5555620,active
CHEMBL4076434,active
CHEMBL154911,inactive
CHEMBL4859473,active
CHEMBL460746,active
CHEMBL6022949,active
CHEMBL1242201,active
CHEMBL3671530,active
CHEMBL5811425,active
CHEMBL4129387,active
CHEMBL6039588,active
CHEMBL5565728,active
CHEMBL6023228,active
CHEMBL6019018,active
CHEMBL3040806,active
CHEMBL3092324,active
CHEMBL91748,active
CHEMBL2336361,inactive
CHEMBL3425666,active
CHEMBL5880574,active
CHEMBL403569,active
CHEMBL249927,active
CHEMBL208358,active
CHEMBL3678957,active
CHEMBL5824767,active
CHEMBL3633934,active
CHEMBL3805299,active
CHEMBL5938227,active
CHEMBL3297893,active
CHEMBL204268,active
CHEMBL2335013,inactive
CHEMBL4288080,active
CHEMBL2148046,active
CHEMBL5180894,active
CHEMBL5889356,active
CHEMBL440453,active
CHEMBL4071463,active
CHEMBL3699611,active
CHEMBL258940,active
CHEMBL5435225,active
CHEMBL421326,active
CHEMBL91484,active
CHEMBL5812980,active
CHEMBL5809227,active
CHEMBL5207479,active
CHEMBL122721,inactive
CHEMBL5286092,active
CHEMBL162719,active
CHEMBL514436,active
CHEMBL4637274,active
CHEMBL3671547,active
CHEMBL5988246,active
CHEMBL5820547,active
CHEMBL29641,active
CHEMBL2031311,active
CHEMBL3655341,active
CHEMBL4083224,active
CHEMBL5934729,active
CHEMBL1242755,active
CHEMBL5573322,inactive
CHEMBL102726,active
CHEMBL325245,active
CHEMBL5175891,active
CHEMBL6021002,active
CHEMBL5879816,active
CHEMBL5076067,active
CHEMBL5865099,active
CHEMBL5416252,active
CHEMBL4289728,active
CHEMBL6002699,active
CHEMBL5563485,active
CHEMBL241919,active
CHEMBL5980554,active
CHEMBL2048908,active
CHEMBL3360606,active
CHEMBL168661,active
CHEMBL1829275,inactive
CHEMBL3806066,active
CHEMBL1242200,inactive
CHEMBL5439238,active
CHEMBL2425088,active
CHEMBL3325470,inactive
CHEMBL3699614,active
CHEMBL3678946,active
CHEMBL6044345,active
CHEMBL47173,inactive
CHEMBL341319,active
CHEMBL2322329,active
CHEMBL5281140,active
CHEMBL5266601,active
CHEMBL4584413,active
CHEMBL277667,inactive
CHEMBL4096021,active
CHEMBL5788210,active
CHEMBL5273197,active
CHEMBL5583867,active
CHEMBL5744692,active
CHEMBL25450,active
CHEMBL3676343,active
CHEMBL2283257,inactive
CHEMBL4129607,active
CHEMBL1084117,inactive
CHEMBL5440626,active
CHEMBL3671492,active
CHEMBL430031,active
CHEMBL5406303,active
CHEMBL3906533,active
CHEMBL5849525,active
CHEMBL4225565,active
CHEMBL3676342,active
CHEMBL3671569,active
CHEMBL4173032,active
CHEMBL4785569,active
CHEMBL5916200,active
CHEMBL6010478,active
CHEMBL3977326,active
CHEMBL210378,active
CHEMBL5198992,active
CHEMBL5280471,active
CHEMBL5800758,active
CHEMBL5993268,active
CHEMBL3815161,active
CHEMBL523059,inactive
CHEMBL6043125,active
CHEMBL293251,inactive
CHEMBL5879924,active
CHEMBL5758455,active
CHEMBL4105329,active
CHEMBL3752074,active
CHEMBL4116552,active
CHEMBL2148049,active
CHEMBL4080008,active
CHEMBL4204354,inactive
CHEMBL5555183,inactive
CHEMBL3968417,active
CHEMBL4065984,active
CHEMBL6005779,active
CHEMBL5805378,active
CHEMBL5790950,active
CHEMBL5266896,active
CHEMBL305782,active
CHEMBL3234744,active
CHEMBL5619516,active
CHEMBL4851795,active
CHEMBL5967217,active
CHEMBL1242034,inactive
CHEMBL4473365,active
CHEMBL4241638,active
CHEMBL5998176,active
CHEMBL3235203,active
CHEMBL5843771,active
CHEMBL3676361,active
CHEMBL6008298,active
CHEMBL4791195,active
CHEMBL5916066,active
CHEMBL5208056,active
CHEMBL5740720,active
CHEMBL1095776,inactive
CHEMBL2152252,active
CHEMBL2064379,inactive
CHEMBL1233882,active
CHEMBL5080676,active
CHEMBL4800533,active
CHEMBL5759845,active
CHEMBL4749765,active
CHEMBL5275712,active
CHEMBL3680373,active
CHEMBL7917,active
CHEMBL3930965,active
CHEMBL5593471,active
CHEMBL5201054,active
CHEMBL5206164,active
CHEMBL1172843,active
CHEMBL2310642,active
CHEMBL6007835,active
CHEMBL4176787,active
CHEMBL5844317,active
CHEMBL3613702,active
CHEMBL5272096,active
CHEMBL5895507,active
CHEMBL5206298,active
CHEMBL93386,active
CHEMBL5755978,active
CHEMBL4753913,active
CHEMBL598611,active
CHEMBL5085816,active
CHEMBL5071181,active
CHEMBL4553484,active
CHEMBL5199341,active
CHEMBL5792678,active
CHEMBL256297,active
CHEMBL5962799,active
CHEMBL4748367,active
CHEMBL2070198,active
CHEMBL4587811,active
CHEMBL5630609,active
CHEMBL3814846,active
CHEMBL3806005,active
CHEMBL5954631,active
CHEMBL5918833,inactive
CHEMBL202421,active
CHEMBL246356,inactive
CHEMBL4085352,active
CHEMBL3233780,active
CHEMBL420624,active
CHEMBL117710,active
CHEMBL3967512,active
CHEMBL4126358,active
CHEMBL5184760,active
CHEMBL3759961,active
CHEMBL248864,active
CHEMBL5766471,active
CHEMBL5935095,active
CHEMBL74645,inactive
CHEMBL3951434,active
CHEMBL3752363,active
CHEMBL495733,active
CHEMBL3828021,active
CHEMBL3622649,active
CHEMBL6053635,active
CHEMBL5400371,active
CHEMBL5419101,active
CHEMBL4165894,active
CHEMBL5966545,active
CHEMBL1173398,inactive
CHEMBL5834784,active
CHEMBL599863,active
CHEMBL328879,active
CHEMBL4227201,active
CHEMBL3759478,active
CHEMBL5913710,active
CHEMBL5746419,active
CHEMBL6046464,active
CHEMBL1683960,active
CHEMBL3763405,active
CHEMBL542733,active
CHEMBL5927526,active
CHEMBL1821888,inactive
CHEMBL4087921,inactive
CHEMBL4126654,active
CHEMBL5901093,active
CHEMBL6047629,active
CHEMBL1744349,active
CHEMBL5763010,active
CHEMBL5563422,active
CHEMBL5559367,active
CHEMBL3219505,active
CHEMBL1928959,active
CHEMBL5794723,active
CHEMBL5094480,active
CHEMBL3799345,inactive
CHEMBL3237947,inactive
CHEMBL3612573,active
CHEMBL4539566,active
CHEMBL3798556,inactive
CHEMBL5566173,active
CHEMBL4638194,active
CHEMBL3663937,active
CHEMBL3416437,active
CHEMBL3676380,active
CHEMBL6058695,active
CHEMBL4787483,active
CHEMBL5406792,active
CHEMBL4465497,active
CHEMBL4593609,active
CHEMBL4516635,active
CHEMBL340660,active
CHEMBL4226562,active
CHEMBL5194245,active
CHEMBL5273525,active
CHEMBL4288761,active
CHEMBL5755313,active
CHEMBL5776776,active
CHEMBL225720,active
CHEMBL5953610,active
CHEMBL271705,active
CHEMBL5973646,active
CHEMBL3753142,active
CHEMBL5937036,active
CHEMBL6058524,active
CHEMBL3892567,active
CHEMBL5862502,active
CHEMBL340611,active
CHEMBL4283823,active
CHEMBL5996878,active
CHEMBL31876,active
CHEMBL6060271,active
CHEMBL4464589,active
CHEMBL345862,inactive
CHEMBL4575267,active
CHEMBL5560045,inactive
CHEMBL1229517,active
CHEMBL196738,active
CHEMBL3902576,inactive
CHEMBL2064400,inactive
CHEMBL5422135,active
CHEMBL4436337,active
CHEMBL4060320,active
CHEMBL5787750,active
CHEMBL6027911,active
CHEMBL36967,active
CHEMBL57323,active
CHEMBL3827349,active
CHEMBL4792577,active
CHEMBL5088574,active
CHEMBL454002,inactive
CHEMBL3902778,active
CHEMBL4584630,active
CHEMBL597752,active
CHEMBL1641996,inactive
CHEMBL3676377,active
CHEMBL3676375,active
CHEMBL3676376,active
CHEMBL4750343,active
CHEMBL5209545,active
CHEMBL3806143,active
CHEMBL4514452,active
CHEMBL1944931,inactive
CHEMBL3416447,active
CHEMBL3416591,active
CHEMBL5193027,active
CHEMBL251315,active
CHEMBL399373,active
CHEMBL251314,active
CHEMBL1241271,inactive
CHEMBL5202119,active
CHEMBL3753836,active
CHEMBL5882388,active
CHEMBL422292,active
CHEMBL3092307,active
CHEMBL2048797,active
CHEMBL3982619,active
CHEMBL283088,active
CHEMBL3925959,active
CHEMBL5191556,active
CHEMBL4213741,active
CHEMBL4206312,active
CHEMBL1928946,active
CHEMBL74481,active
CHEMBL53898,active
CHEMBL4858714,active
CHEMBL5909516,active
CHEMBL5789779,active
CHEMBL5177090,active
CHEMBL5200160,inactive
CHEMBL3806110,active
CHEMBL5841377,active
CHEMBL3671556,active
CHEMBL5769174,active
CHEMBL5206817,active
CHEMBL5170278,active
CHEMBL1203938,active
CHEMBL5939053,active
CHEMBL4778248,active
CHEMBL1079742,active
CHEMBL1812573,active
CHEMBL5591930,active
CHEMBL4763967,active
CHEMBL5934800,active
CHEMBL1242846,inactive
CHEMBL5852243,active
CHEMBL490570,inactive
CHEMBL1934622,active
CHEMBL3671535,active
CHEMBL4867893,active
CHEMBL6033429,active
CHEMBL5760776,active
CHEMBL3814182,active
CHEMBL4470214,inactive
CHEMBL3622675,active
CHEMBL5271043,active
CHEMBL3740614,inactive
CHEMBL5416812,active
CHEMBL5871700,active
CHEMBL5893022,active
CHEMBL5286368,active
CHEMBL207037,active
CHEMBL6042815,active
CHEMBL6048717,active
CHEMBL5858369,active
CHEMBL5198433,active
CHEMBL5406587,active
CHEMBL5265870,active
CHEMBL6062282,active
CHEMBL4776751,active
CHEMBL5192184,active
CHEMBL5083034,active
CHEMBL490577,active
CHEMBL596761,active
CHEMBL4534611,active
CHEMBL505626,active
CHEMBL113863,active
CHEMBL5280092,active
CHEMBL5925185,active
CHEMBL3663930,active
CHEMBL5885768,active
CHEMBL3098319,inactive
CHEMBL1688861,active
CHEMBL3655349,active
CHEMBL5793411,active
CHEMBL2021576,active
CHEMBL2021575,active
CHEMBL420254,active
CHEMBL473428,active
CHEMBL403435,active
CHEMBL5220529,active
CHEMBL3357647,active
CHEMBL3357648,active
CHEMBL5860901,active
CHEMBL4776012,active
CHEMBL5968961,active
CHEMBL5782179,active
CHEMBL3905284,active
CHEMBL4102822,active
CHEMBL5972469,active
CHEMBL4209801,active
CHEMBL3921710,active
CHEMBL5979309,active
CHEMBL153573,active
CHEMBL126903,active
CHEMBL4873506,active
CHEMBL5810016,active
CHEMBL2381505,active
CHEMBL3957801,active
CHEMBL1241773,inactive
CHEMBL396079,active
CHEMBL5739768,active
CHEMBL4166436,active
CHEMBL4587222,active
CHEMBL3622678,active
CHEMBL2324871,active
CHEMBL5422465,active
CHEMBL5287042,active
CHEMBL92709,active
CHEMBL5982869,active
CHEMBL3787662,active
CHEMBL5199612,active
CHEMBL2347966,active
CHEMBL3814211,active
CHEMBL452768,active
CHEMBL349070,active
CHEMBL4643111,active
CHEMBL5560711,active
CHEMBL589413,inactive
CHEMBL3416597,active
CHEMBL5772330,active
CHEMBL4100777,active
CHEMBL5928380,active
CHEMBL5932679,active
CHEMBL3774609,active
CHEMBL5750528,active
CHEMBL5415418,active
CHEMBL387207,active
CHEMBL6008076,active
CHEMBL5962946,active
CHEMBL4588786,active
CHEMBL195204,active
CHEMBL4082884,active
CHEMBL5996771,active
CHEMBL3361128,inactive
CHEMBL5759138,active
CHEMBL4088135,active
CHEMBL4207750,active
CHEMBL192737,active
CHEMBL4076405,active
CHEMBL3676353,active
CHEMBL4060996,active
CHEMBL5873242,inactive
CHEMBL3425663,active
CHEMBL5988366,active
CHEMBL62701,inactive
CHEMBL6032856,active
CHEMBL5816591,active
CHEMBL4527121,active
CHEMBL3926657,active
CHEMBL4647257,active
CHEMBL3219348,active
CHEMBL5169328,active
CHEMBL3416606,active
CHEMBL4634127,active
CHEMBL1928709,inactive
CHEMBL4068254,inactive
CHEMBL5741973,active
CHEMBL3806292,active
CHEMBL5425883,active
CHEMBL1934628,active
CHEMBL5173979,active
CHEMBL6012981,active
CHEMBL5573631,active
CHEMBL5940006,active
CHEMBL4225255,active
CHEMBL5189183,active
CHEMBL5968711,active
CHEMBL291496,active
CHEMBL165630,active
CHEMBL3671544,active
CHEMBL3622623,active
CHEMBL1242119,inactive
CHEMBL2179119,active
CHEMBL3774982,active
CHEMBL3297899,active
CHEMBL5905340,active
CHEMBL3671515,active
CHEMBL56081,inactive
CHEMBL5752067,active
CHEMBL4592101,active
CHEMBL2385985,active
CHEMBL1242754,active
CHEMBL4441933,active
CHEMBL1087054,inactive
CHEMBL6051171,active
CHEMBL5195531,active
CHEMBL5967931,active
CHEMBL2048795,active
CHEMBL5975243,active
CHEMBL5909544,active
CHEMBL5190132,active
CHEMBL4086878,active
CHEMBL4857353,active
CHEMBL399928,active
CHEMBL4780286,active
CHEMBL513716,active
CHEMBL436511,active
CHEMBL373882,inactive
CHEMBL5266100,active
CHEMBL2381510,active
CHEMBL4468924,active
CHEMBL5858538,active
CHEMBL3663922,active
CHEMBL2426283,inactive
CHEMBL5625037,active
CHEMBL3086102,active
CHEMBL5188568,active
CHEMBL5942187,active
CHEMBL5275916,active
CHEMBL328277,active
CHEMBL3930810,active
CHEMBL5864704,active
CHEMBL213874,active
CHEMBL54091,active
CHEMBL5834453,active
CHEMBL3759022,active
CHEMBL5851650,active
CHEMBL4441440,active
CHEMBL242541,active
CHEMBL2111784,active
CHEMBL542891,active
CHEMBL5575614,active
CHEMBL5959718,active
CHEMBL4794131,active
CHEMBL3233792,active
CHEMBL589119,inactive
CHEMBL5942334,active
CHEMBL1683965,active
CHEMBL5988897,active
CHEMBL262276,active
CHEMBL4786701,active
CHEMBL56731,active
CHEMBL3612567,active
CHEMBL583218,active
CHEMBL3360616,active
CHEMBL324718,active
CHEMBL2437464,active
CHEMBL5812562,active
CHEMBL388978,active
CHEMBL5755363,active
CHEMBL5572882,active
CHEMBL5920201,active
CHEMBL5949226,active
CHEMBL5806097,active
CHEMBL127223,active
CHEMBL217090,active
CHEMBL3325477,active
CHEMBL4101719,active
CHEMBL5188730,active
CHEMBL4791596,active
CHEMBL5764948,active
CHEMBL3608432,active
CHEMBL3233774,active
CHEMBL1947125,active
CHEMBL5190513,active
CHEMBL6065436,active
CHEMBL5908256,active
CHEMBL157021,inactive
CHEMBL3966111,active
CHEMBL1821881,inactive
CHEMBL1242030,inactive
CHEMBL504173,active
CHEMBL384711,active
CHEMBL119033,active
CHEMBL3759257,active
CHEMBL507714,active
CHEMBL293991,active
CHEMBL5969655,active
CHEMBL4750368,active
CHEMBL555201,active
CHEMBL5411617,active
CHEMBL3416595,active
CHEMBL5517879,active
CHEMBL5290340,active
CHEMBL5933544,active
CHEMBL5285503,active
CHEMBL3814257,active
CHEMBL3680378,active
CHEMBL155607,inactive
CHEMBL3977504,active
CHEMBL274732,active
CHEMBL4447962,active
CHEMBL5873524,active
CHEMBL4441037,active
CHEMBL6027273,active
CHEMBL5972461,active
CHEMBL3929448,active
CHEMBL600048,inactive
CHEMBL5932930,active
CHEMBL5425121,active
CHEMBL3098318,inactive
CHEMBL3633142,active
CHEMBL4520801,active
CHEMBL5781756,active
CHEMBL4293134,active
CHEMBL5419895,active
CHEMBL1928957,active
CHEMBL3622644,active
CHEMBL4083467,inactive
CHEMBL609321,active
CHEMBL4087709,active
CHEMBL4460706,active
CHEMBL4081252,active
CHEMBL6008308,active
CHEMBL207869,active
CHEMBL596059,active
CHEMBL3655344,active
CHEMBL5180914,active
CHEMBL5183286,active
CHEMBL3098315,inactive
CHEMBL4126630,active
CHEMBL5975408,active
CHEMBL6015868,active
CHEMBL5758018,active
CHEMBL4224932,active
CHEMBL3910422,active
CHEMBL4535047,active
CHEMBL5632295,active
CHEMBL3979264,active
CHEMBL4086000,active
CHEMBL5558799,active
CHEMBL4784258,active
CHEMBL6000502,active
CHEMBL4787951,active
CHEMBL6013821,active
CHEMBL5289059,active
CHEMBL5180725,active
CHEMBL1202477,active
CHEMBL500072,active
CHEMBL1683956,active
CHEMBL5812371,active
CHEMBL1630109,active
CHEMBL247709,active
CHEMBL5764068,active
CHEMBL53665,active
CHEMBL3676372,active
CHEMBL3908303,active
CHEMBL1242287,active
CHEMBL5172338,active
CHEMBL4169489,active
CHEMBL5990988,active
CHEMBL5272004,active
CHEMBL592617,active
CHEMBL5274692,active
CHEMBL5418390,active
CHEMBL382862,inactive
CHEMBL591440,inactive
CHEMBL4550104,active
CHEMBL278287,inactive
CHEMBL5926126,active
CHEMBL5830978,active
CHEMBL380247,active
CHEMBL5172668,active
CHEMBL1916897,active
CHEMBL5994162,active
CHEMBL3297816,active
CHEMBL3633775,active
CHEMBL5924640,active
CHEMBL5898457,active
CHEMBL5746124,inactive
CHEMBL162053,active
CHEMBL285063,active
CHEMBL25579,active
CHEMBL6032445,active
CHEMBL3545308,active
CHEMBL3676370,active
CHEMBL382823,active
CHEMBL5993206,active
CHEMBL4099008,active
CHEMBL3980793,active
CHEMBL3633928,active
CHEMBL3234756,active
CHEMBL401251,active
CHEMBL1817964,active
CHEMBL5866385,active
CHEMBL169920,active
CHEMBL4782025,active
CHEMBL1257795,inactive
CHEMBL5860200,active
CHEMBL5889231,active
CHEMBL3965948,active
CHEMBL3655345,active
CHEMBL3355873,active
CHEMBL5850364,active
CHEMBL567197,active
CHEMBL255656,active
CHEMBL5887579,active
CHEMBL32079,active
CHEMBL3633941,active
CHEMBL1242289,active
CHEMBL4442932,inactive
CHEMBL5849883,active
CHEMBL3544983,active
CHEMBL1956886,inactive
CHEMBL4759697,active
CHEMBL5198812,active
CHEMBL1272223,active
CHEMBL3800262,inactive
CHEMBL1914654,active
CHEMBL1928708,active
CHEMBL5950027,active
CHEMBL5871981,active
CHEMBL3633151,active
CHEMBL5940893,active
CHEMBL286343,active
CHEMBL5966612,active
CHEMBL1645472,active
CHEMBL5809367,active
CHEMBL6015951,active
CHEMBL3754803,active
CHEMBL3805260,active
CHEMBL5220061,active
CHEMBL3219129,active
CHEMBL522116,active
CHEMBL5812558,active
CHEMBL4071170,active
CHEMBL1830271,active
CHEMBL3671534,active
CHEMBL6055515,active
CHEMBL2029441,active
CHEMBL3936642,active
CHEMBL474524,active
CHEMBL414631,active
CHEMBL5907912,active
CHEMBL250130,active
CHEMBL5287016,active
CHEMBL5966699,active
CHEMBL3805280,active
CHEMBL4783569,active
CHEMBL4793053,active
CHEMBL5920011,active
CHEMBL5630267,active
CHEMBL5088102,active
CHEMBL5972732,active
CHEMBL543600,inactive
CHEMBL1095259,inactive
CHEMBL3805236,active
CHEMBL5998932,active
CHEMBL4747078,active
CHEMBL328245,active
CHEMBL5808781,active
CHEMBL2048788,active
CHEMBL1090351,active
CHEMBL1945647,inactive
CHEMBL3699596,active
CHEMBL161895,active
CHEMBL257859,active
CHEMBL6013422,active
CHEMBL3357641,active
CHEMBL3357642,active
CHEMBL4519157,active
CHEMBL501705,active
CHEMBL4293734,active
CHEMBL5401125,active
CHEMBL3759900,active
CHEMBL3982602,inactive
CHEMBL6013902,active
CHEMBL3416439,active
CHEMBL2325096,active
CHEMBL3893698,active
CHEMBL6044353,active
CHEMBL52472,active
CHEMBL5743744,active
CHEMBL4242522,active
CHEMBL5275471,inactive
CHEMBL5812501,active
CHEMBL3233771,active
CHEMBL5930251,active
CHEMBL122785,inactive
CHEMBL5870314,active
CHEMBL204625,active
CHEMBL5568921,active
CHEMBL5844276,active
CHEMBL160207,inactive
CHEMBL5749776,active
CHEMBL1950289,active
CHEMBL598306,active
CHEMBL149512,active
CHEMBL5941079,active
CHEMBL3961553,active
CHEMBL3953210,active
CHEMBL6050257,active
CHEMBL1630113,active
CHEMBL5976230,active
CHEMBL5221067,active
CHEMBL3759848,active
CHEMBL5081299,active
CHEMBL5808724,active
CHEMBL4798434,active
CHEMBL1242663,inactive
CHEMBL3680374,active
CHEMBL5397801,active
CHEMBL5420947,active
CHEMBL5795026,active
CHEMBL6030420,active
CHEMBL540590,active
CHEMBL1241482,inactive
CHEMBL5203711,active
CHEMBL5834325,active
CHEMBL111197,active
CHEMBL4285894,active
CHEMBL5766029,active
CHEMBL4872030,inactive
CHEMBL3647970,active
CHEMBL3954370,active
CHEMBL485320,active
CHEMBL334801,active
CHEMBL3678959,active
CHEMBL5203118,active
CHEMBL5771119,active
CHEMBL5788798,active
CHEMBL424093,active
CHEMBL4103440,active
CHEMBL5792679,active
CHEMBL54788,active
CHEMBL4555488,active
CHEMBL6056862,active
CHEMBL3353404,active
CHEMBL5754623,active
CHEMBL5089161,active
CHEMBL3962343,active
CHEMBL3966129,active
CHEMBL1173105,inactive
CHEMBL5801606,active
CHEMBL5843750,inactive
CHEMBL3335244,inactive
CHEMBL4084847,active
CHEMBL291514,active
CHEMBL5070579,active
CHEMBL4085842,active
CHEMBL5186583,active
CHEMBL5934211,active
CHEMBL5555813,active
CHEMBL3939588,active
CHEMBL2029691,inactive
CHEMBL5641915,active
CHEMBL287007,active
CHEMBL5409123,active
CHEMBL5780851,active
CHEMBL3746557,active
CHEMBL5755984,active
CHEMBL355816,active
CHEMBL5849925,active
CHEMBL5779271,active
CHEMBL245667,active
CHEMBL5764117,active
CHEMBL3133899,active
CHEMBL5860261,active
CHEMBL3983586,active
CHEMBL5794110,active
CHEMBL3655340,active
CHEMBL4740108,active
CHEMBL257814,active
CHEMBL5400012,active
CHEMBL5918591,active
CHEMBL5268388,active
CHEMBL2312645,inactive
CHEMBL2335376,active
CHEMBL5928819,active
CHEMBL4762604,active
CHEMBL94062,active
CHEMBL5882108,active
CHEMBL172517,inactive
CHEMBL5218879,active
CHEMBL3954587,active
CHEMBL1077085,inactive
CHEMBL135142,active
CHEMBL2385974,active
CHEMBL57690,inactive
CHEMBL3903707,active
CHEMBL205284,active
CHEMBL4203001,active
CHEMBL4436695,active
CHEMBL3092304,active
CHEMBL5858571,active
CHEMBL5069609,active
CHEMBL5273000,active
CHEMBL520839,inactive
CHEMBL4083916,active
CHEMBL1172603,inactive
CHEMBL5537023,active
CHEMBL345294,active
CHEMBL5914358,active
CHEMBL4793105,active
CHEMBL4534592,active
CHEMBL4762998,active
CHEMBL5815315,active
CHEMBL496388,active
CHEMBL6052966,active
CHEMBL381306,inactive
CHEMBL3753461,active
CHEMBL5743634,active
CHEMBL66570,active
CHEMBL5994405,active
CHEMBL3678956,active
CHEMBL5909490,active
CHEMBL4752026,active
CHEMBL1934624,active
CHEMBL5182553,active
CHEMBL5613746,inactive
CHEMBL151593,active
CHEMBL207815,active
CHEMBL5839893,active
CHEMBL5964366,active
CHEMBL4440586,active
CHEMBL4649213,active
CHEMBL3765425,active
CHEMBL589259,inactive
CHEMBL5915655,active
CHEMBL3775897,active
CHEMBL514942,active
CHEMBL5947282,active
CHEMBL5974145,active
CHEMBL3655351,active
CHEMBL3758990,active
CHEMBL93966,active
CHEMBL5796551,active
CHEMBL3622673,active
CHEMBL1093100,inactive
CHEMBL1946843,inactive
CHEMBL5973020,active
CHEMBL1204261,active
CHEMBL5964547,active
CHEMBL5967065,inactive
CHEMBL5914449,active
CHEMBL4858535,active
CHEMBL91811,active
CHEMBL5955406,active
CHEMBL347282,active
CHEMBL5418732,active
CHEMBL5763383,active
CHEMBL6026116,active
CHEMBL27688,active
CHEMBL4225863,active
CHEMBL5976210,active
CHEMBL5797595,active
CHEMBL5968371,active
CHEMBL126996,active
CHEMBL6031178,active
CHEMBL4097594,active
CHEMBL326044,inactive
CHEMBL5936556,active
CHEMBL5787865,active
CHEMBL3787344,active
CHEMBL6004439,active
CHEMBL5194285,active
CHEMBL5916404,active
CHEMBL4072928,active
CHEMBL1947124,active
CHEMBL5828924,active
CHEMBL5184941,active
CHEMBL5900800,active
CHEMBL3759780,active
CHEMBL447230,active
CHEMBL5842538,active
CHEMBL4572443,active
CHEMBL5782603,active
CHEMBL5289003,active
CHEMBL5291403,active
CHEMBL5265881,active
CHEMBL5770880,active
CHEMBL5436321,active
CHEMBL5997382,active
CHEMBL129825,active
CHEMBL3972605,active
CHEMBL2381507,active
CHEMBL1928293,active
CHEMBL3663936,active
CHEMBL5080260,active
CHEMBL6040638,active
CHEMBL5908548,active
CHEMBL177053,active
CHEMBL5759181,inactive
CHEMBL206483,inactive
CHEMBL5206775,active
CHEMBL4204566,active
CHEMBL3608429,active
CHEMBL214487,active
CHEMBL48760,inactive
CHEMBL6062263,active
CHEMBL5819905,active
CHEMBL5811686,active
CHEMBL4546553,active
CHEMBL598798,active
CHEMBL5747811,active
CHEMBL5949373,active
CHEMBL203645,active
CHEMBL2047029,active
CHEMBL5894338,active
CHEMBL5831433,active
CHEMBL5788105,active
CHEMBL3917723,inactive
CHEMBL401443,active
CHEMBL5934972,active
CHEMBL6033704,active
CHEMBL2087353,active
CHEMBL31570,active
CHEMBL5966725,active
CHEMBL5761064,active
CHEMBL5887926,active
CHEMBL1229592,active
CHEMBL456758,active
CHEMBL515664,active
CHEMBL3752139,active
CHEMBL3758278,active
CHEMBL5200760,active
CHEMBL5172245,active
CHEMBL5915123,active
CHEMBL1271507,active
CHEMBL4472983,active
CHEMBL355891,active
CHEMBL3814882,active
CHEMBL5563782,inactive
CHEMBL310740,active
CHEMBL162981,active
CHEMBL5405341,active
CHEMBL3622676,active
CHEMBL3903713,active
CHEMBL6032261,active
CHEMBL5743761,active
CHEMBL3133911,inactive
CHEMBL1241491,active
CHEMBL72393,active
CHEMBL3759980,active
CHEMBL5780203,active
CHEMBL13629,inactive
CHEMBL74432,active
CHEMBL1828875,inactive
CHEMBL5897178,active
CHEMBL32844,active
CHEMBL4069672,active
CHEMBL208594,active
CHEMBL4862976,active
CHEMBL3092314,active
CHEMBL4454948,active
CHEMBL1242199,active
CHEMBL1093235,active
CHEMBL5900414,active
CHEMBL5913616,active
CHEMBL4283061,active
CHEMBL207247,active
CHEMBL293250,inactive
CHEMBL5944645,active
CHEMBL5591709,active
CHEMBL503638,active
CHEMBL583403,active
CHEMBL4450934,active
CHEMBL5194482,active
CHEMBL4463094,active
CHEMBL4171543,active
CHEMBL4569885,active
CHEMBL77782,active
CHEMBL4071474,active
CHEMBL570918,active
CHEMBL3628816,inactive
CHEMBL5180778,active
CHEMBL1242117,inactive
CHEMBL3655352,active
CHEMBL4289577,active
CHEMBL5416668,active
CHEMBL3960853,active
CHEMBL596754,active
CHEMBL5983827,active
CHEMBL6056654,active
CHEMBL4863294,active
CHEMBL521887,active
CHEMBL4789716,active
CHEMBL466614,active
CHEMBL461869,active
CHEMBL466174,active
CHEMBL512076,active
CHEMBL3981041,active
CHEMBL5888007,active
CHEMBL3416626,active
CHEMBL5899723,active
CHEMBL1242845,inactive
CHEMBL1929304,inactive
CHEMBL3814812,active
CHEMBL5801421,active
CHEMBL4062543,active
CHEMBL1830257,inactive
CHEMBL5437343,active
CHEMBL4081732,active
CHEMBL2426288,active
CHEMBL5757288,active
CHEMBL5795317,active
CHEMBL52765,active
CHEMBL5940343,active
CHEMBL3890751,active
CHEMBL3912361,active
CHEMBL5913936,active
CHEMBL584714,active
CHEMBL332333,active
CHEMBL4227812,active
CHEMBL6030352,active
CHEMBL3969056,active
CHEMBL5079430,active
CHEMBL5900941,active
CHEMBL5437252,active
CHEMBL3623287,active
CHEMBL385471,active
CHEMBL2029438,active
CHEMBL3759203,active
CHEMBL5823139,active
CHEMBL3740850,active
CHEMBL3953593,active
CHEMBL5776172,active
CHEMBL5897403,active
CHEMBL5904573,active
CHEMBL55729,active
CHEMBL119977,active
CHEMBL2179124,active
CHEMBL514016,active
CHEMBL4465103,active
CHEMBL3752129,active
CHEMBL4439338,active
CHEMBL3904787,active
CHEMBL4225191,active
CHEMBL5811714,active
CHEMBL440873,active
CHEMBL3753235,active
CHEMBL6035358,active
CHEMBL5835276,active
CHEMBL5967291,active
CHEMBL1276179,active
CHEMBL312482,active
CHEMBL4175045,active
CHEMBL3633929,active
CHEMBL1242662,active
CHEMBL3219508,active
CHEMBL3676338,active
CHEMBL5874020,active
CHEMBL202398,active
CHEMBL3671554,active
CHEMBL3973601,active
CHEMBL3964033,active
CHEMBL4162530,active
CHEMBL6001194,active
CHEMBL5791264,active
CHEMBL1241684,inactive
CHEMBL4091166,active
CHEMBL5954027,active
CHEMBL338449,inactive
CHEMBL6060532,active
CHEMBL5206193,active
CHEMBL5784829,active
CHEMBL5878054,active
CHEMBL3092316,active
CHEMBL4129902,active
CHEMBL4112924,active
CHEMBL5883991,active
CHEMBL5956362,active
CHEMBL3918330,active
CHEMBL3957416,active
CHEMBL4208673,active
CHEMBL92356,active
CHEMBL5591662,active
CHEMBL3958006,active
CHEMBL4277822,active
CHEMBL3953221,active
CHEMBL3973973,active
CHEMBL5403510,active
CHEMBL5763901,active
CHEMBL1907944,active
CHEMBL1907764,active
CHEMBL290106,active
CHEMBL3355887,active
CHEMBL1241947,inactive
CHEMBL205149,active
CHEMBL256295,active
CHEMBL394333,active
CHEMBL3114690,active
CHEMBL5949054,active
CHEMBL3263965,active
CHEMBL3622652,active
CHEMBL162223,active
CHEMBL3922922,active
CHEMBL3758762,active
CHEMBL5936272,active
CHEMBL5806859,active
CHEMBL5272747,active
CHEMBL384407,active
CHEMBL3797606,active
CHEMBL6057645,active
CHEMBL5633106,active
CHEMBL4547475,active
CHEMBL4744655,active
CHEMBL3753874,active
CHEMBL3806222,active
CHEMBL3815163,active
CHEMBL4549626,active
CHEMBL380889,active
CHEMBL5436634,active
CHEMBL264382,active
CHEMBL443098,active
CHEMBL5778626,active
CHEMBL293261,active
CHEMBL3752448,active
CHEMBL393787,active
CHEMBL233325,active
CHEMBL2437466,active
CHEMBL483108,inactive
CHEMBL3622677,active
CHEMBL5844116,active
CHEMBL5400975,active
CHEMBL5776775,active
CHEMBL490780,active
CHEMBL6001660,active
CHEMBL5823169,active
CHEMBL3233770,active
CHEMBL5180388,active
CHEMBL203295,active
CHEMBL394056,active
CHEMBL203661,active
CHEMBL55425,active
CHEMBL76958,active
CHEMBL2437462,active
CHEMBL5894508,active
CHEMBL3233782,active
CHEMBL5920247,active
CHEMBL345109,active
CHEMBL4105442,active
CHEMBL4290812,active
CHEMBL3676386,active
CHEMBL2029690,inactive
CHEMBL4549542,active
CHEMBL5945237,active
CHEMBL391181,active
CHEMBL5436101,active
CHEMBL5815423,active
CHEMBL3604912,active
CHEMBL3087197,active
CHEMBL500217,active
CHEMBL5618366,active
CHEMBL5201250,active
CHEMBL162142,active
CHEMBL5770897,active
CHEMBL432416,inactive
CHEMBL2032377,active
CHEMBL212250,active
CHEMBL5087785,active
CHEMBL5950214,active
CHEMBL5178971,active
CHEMBL578044,active
CHEMBL3676367,active
CHEMBL3671537,active
CHEMBL3967962,active
CHEMBL126372,active
CHEMBL5939422,active
CHEMBL3647422,active
CHEMBL5402031,active
CHEMBL4561606,active
CHEMBL12131,active
CHEMBL3741219,active
CHEMBL3655353,active
CHEMBL5632485,active
CHEMBL5971352,active
CHEMBL24137,active
CHEMBL3746268,inactive
CHEMBL258270,active
CHEMBL5828286,active
CHEMBL6016385,active
CHEMBL5429210,active
CHEMBL5894318,inactive
CHEMBL5840233,inactive
CHEMBL5825778,active
CHEMBL5419002,active
CHEMBL4440618,active
CHEMBL4863913,active
CHEMBL5087610,active
CHEMBL4091921,active
CHEMBL168382,active
CHEMBL2087358,active
CHEMBL4466350,active
CHEMBL5846269,active
CHEMBL4740295,active
CHEMBL399735,active
CHEMBL1914663,active
CHEMBL435054,inactive
CHEMBL5775013,active
CHEMBL345837,inactive
CHEMBL4451986,active
CHEMBL3344218,active
CHEMBL136058,active
CHEMBL93464,active
CHEMBL329642,active
CHEMBL5881155,active
CHEMBL31369,active
CHEMBL1645467,active
CHEMBL4845732,active
CHEMBL432428,active
CHEMBL255865,active
CHEMBL590109,active
CHEMBL1821882,inactive
CHEMBL5562309,active
CHEMBL1090363,active
CHEMBL5183329,inactive
CHEMBL3818062,active
CHEMBL3814447,active
CHEMBL4473277,active
CHEMBL5741005,active
CHEMBL5191292,active
CHEMBL4078120,active
CHEMBL69960,active
CHEMBL5853477,active
CHEMBL1929302,inactive
CHEMBL1348499,inactive
CHEMBL4451538,active
CHEMBL3234755,active
CHEMBL5878630,active
CHEMBL4096988,active
CHEMBL5641539,active
CHEMBL5203267,active
CHEMBL5910492,active
CHEMBL3763627,active
CHEMBL5976274,active
CHEMBL2029426,active
CHEMBL6029953,active
CHEMBL1080812,active
CHEMBL3805383,active
CHEMBL3758946,active
CHEMBL2018765,inactive
CHEMBL5752927,active
CHEMBL3671478,active
CHEMBL4859542,active
CHEMBL1204262,active
CHEMBL5281464,active
CHEMBL2064384,active
CHEMBL5991947,active
CHEMBL172973,active
CHEMBL5837449,active
CHEMBL3663935,active
CHEMBL5281167,active
CHEMBL3932784,active
CHEMBL4176629,active
CHEMBL4749501,active
CHEMBL1173816,inactive
CHEMBL268501,active
CHEMBL569880,active
CHEMBL5838174,active
CHEMBL420059,active
CHEMBL3972981,active
CHEMBL3092318,active
CHEMBL5185036,active
CHEMBL5418087,active
CHEMBL4080720,active
CHEMBL415738,active
CHEMBL4071058,active
CHEMBL3355888,active
CHEMBL5815828,active
CHEMBL1358485,active
CHEMBL1173319,inactive
CHEMBL120319,active
CHEMBL6013771,active
CHEMBL5824101,active
CHEMBL207246,active
CHEMBL5209094,active
CHEMBL4452906,active
CHEMBL3676351,inactive
CHEMBL5754376,active
CHEMBL4452957,active
CHEMBL1928945,active
CHEMBL4226254,active
CHEMBL545541,active
CHEMBL5749996,active
CHEMBL3622617,active
CHEMBL2064389,active
CHEMBL4211835,active
CHEMBL5917624,active
CHEMBL5954184,active
CHEMBL4280817,active
CHEMBL2441561,active
CHEMBL2437467,active
CHEMBL180022,active
CHEMBL326280,active
CHEMBL4534719,active
CHEMBL5984886,active
CHEMBL301359,active
CHEMBL5284924,active
CHEMBL5785692,active
CHEMBL1172855,inactive
CHEMBL346846,active
CHEMBL5431378,active
CHEMBL5400930,active
CHEMBL4117373,active
CHEMBL3360609,active
CHEMBL3234748,active
CHEMBL2283255,inactive
CHEMBL5788794,active
CHEMBL5813354,active
CHEMBL5569311,active
CHEMBL4204983,active
CHEMBL5833896,active
CHEMBL5948727,active
CHEMBL3989970,active
CHEMBL5975352,active
CHEMBL606403,active
CHEMBL6040478,inactive
CHEMBL6067939,active
CHEMBL39355,active
CHEMBL3758939,active
CHEMBL3647421,active
CHEMBL3647423,active
CHEMBL5965216,active
CHEMBL5985978,active
CHEMBL377250,active
CHEMBL5743124,active
CHEMBL347659,inactive
CHEMBL545315,active
CHEMBL3919183,active
CHEMBL4473768,active
CHEMBL4167162,active
CHEMBL5870912,active
CHEMBL6056552,active
CHEMBL519757,active
CHEMBL3917698,active
CHEMBL1641994,inactive
CHEMBL3647973,active
CHEMBL5847651,active
CHEMBL391521,active
CHEMBL4090083,active
CHEMBL3671562,active
CHEMBL1828871,inactive
CHEMBL4759003,active
CHEMBL166765,active
CHEMBL604914,active
CHEMBL5755992,active
CHEMBL1203935,active
CHEMBL5170376,active
CHEMBL207445,active
CHEMBL3671528,active
CHEMBL604992,active
CHEMBL5945683,active
CHEMBL5173517,active
CHEMBL3933568,active
CHEMBL6041164,active
CHEMBL5557850,active
CHEMBL425738,active
CHEMBL4777353,active
CHEMBL4745521,active
CHEMBL5205581,active
CHEMBL5942093,active
CHEMBL5837504,active
CHEMBL5906294,active
CHEMBL4098072,active
CHEMBL4068814,inactive
CHEMBL3896779,active
CHEMBL4099445,active
CHEMBL426580,active
CHEMBL4776056,active
CHEMBL3805325,active
CHEMBL5845015,active
CHEMBL3752365,active
CHEMBL5204749,active
CHEMBL5400219,active
CHEMBL3671494,active
CHEMBL5894042,inactive
CHEMBL3754564,active
CHEMBL5920399,active
CHEMBL5986548,active
CHEMBL331026,inactive
CHEMBL5415311,active
CHEMBL5933908,active
CHEMBL5089912,active
CHEMBL5404639,active
CHEMBL4849268,inactive
CHEMBL3325472,inactive
CHEMBL523586,inactive
CHEMBL3940089,active
CHEMBL145266,inactive
CHEMBL3676352,active
CHEMBL4106607,active
CHEMBL1243254,active
CHEMBL316064,active
CHEMBL1934629,active
CHEMBL4756049,active
CHEMBL1914669,active
CHEMBL578255,active
CHEMBL230232,active
CHEMBL1242209,inactive
CHEMBL50344,active
CHEMBL1928315,active
CHEMBL53753,active
CHEMBL128467,active
CHEMBL4453276,active
CHEMBL321494,active
CHEMBL3416631,active
CHEMBL5970361,active
CHEMBL4094959,active
CHEMBL4105621,active
CHEMBL3978161,active
CHEMBL122245,active
CHEMBL598007,active
CHEMBL1914659,active
CHEMBL4556799,active
CHEMBL5827453,active
CHEMBL5938251,active
CHEMBL4786797,active
CHEMBL293913,inactive
CHEMBL3233791,active
CHEMBL6037257,active
CHEMBL593911,active
CHEMBL4760606,active
CHEMBL181275,active
CHEMBL5873071,active
CHEMBL3904966,active
CHEMBL4168254,active
CHEMBL5853577,active
CHEMBL4064475,active
CHEMBL3221554,active
CHEMBL205798,active
CHEMBL598406,active
CHEMBL2309506,active
CHEMBL4562138,active
CHEMBL5436254,active
CHEMBL3219503,active
CHEMBL3699604,active
CHEMBL597200,active
CHEMBL5814097,active
CHEMBL4079553,active
CHEMBL1917092,active
CHEMBL3963620,active
CHEMBL6059063,active
CHEMBL5799106,active
CHEMBL3818563,active
CHEMBL3948267,active
CHEMBL4105526,active
CHEMBL5827666,active
CHEMBL4071012,active
CHEMBL205870,active
CHEMBL416191,active
CHEMBL5951478,active
CHEMBL5982314,active
CHEMBL5816376,active
CHEMBL3699619,active
CHEMBL5760284,active
CHEMBL206029,active
CHEMBL3678960,active
CHEMBL5984403,active
CHEMBL337027,active
CHEMBL6045121,active
CHEMBL5201794,active
CHEMBL5272590,active
CHEMBL5915570,active
CHEMBL5207390,active
CHEMBL1272167,active
CHEMBL555321,active
CHEMBL4583178,active
CHEMBL5831206,active
CHEMBL308498,active
CHEMBL3622621,active
CHEMBL602328,active
CHEMBL3655347,active
CHEMBL3425661,active
CHEMBL1095761,active
CHEMBL4584651,active
CHEMBL52418,active
CHEMBL5882926,active
CHEMBL4070053,active
CHEMBL5945215,active
CHEMBL5265927,active
CHEMBL6045905,active
CHEMBL4763315,active
CHEMBL1944922,inactive
CHEMBL5597724,active
CHEMBL3944027,active
CHEMBL176309,active
CHEMBL4439982,active
CHEMBL234577,active
CHEMBL2425735,active
CHEMBL5439200,active
CHEMBL3676350,active
CHEMBL6011191,active
CHEMBL332096,active
CHEMBL5839283,active
CHEMBL1241241,active
CHEMBL1242378,inactive
CHEMBL1242468,inactive
CHEMBL203936,active
CHEMBL3950023,active
CHEMBL206003,active
CHEMBL5976760,active
CHEMBL6022989,active
CHEMBL590559,active
CHEMBL93545,active
CHEMBL3087200,active
CHEMBL204570,active
CHEMBL3926558,active
CHEMBL5624606,active
CHEMBL5432965,active
CHEMBL5748865,active
CHEMBL5771634,active
CHEMBL4086559,active
CHEMBL3360608,active
CHEMBL5838931,active
CHEMBL5566977,active
CHEMBL5187250,active
CHEMBL332612,active
CHEMBL6055785,active
CHEMBL4290785,active
CHEMBL5811490,active
CHEMBL5196360,active
CHEMBL3754709,active
CHEMBL5431909,active
CHEMBL6056421,active
CHEMBL5959323,active
CHEMBL5269071,active
CHEMBL5283507,active
CHEMBL5281741,active
CHEMBL1914656,active
CHEMBL5280531,active
CHEMBL4071180,active
CHEMBL5926481,active
CHEMBL5185207,active
CHEMBL2031312,active
CHEMBL312451,inactive
CHEMBL483234,inactive
CHEMBL138940,active
CHEMBL5756489,active
CHEMBL2333999,active
CHEMBL3086105,active
CHEMBL4650323,active
CHEMBL176705,active
CHEMBL4437803,active
CHEMBL5567534,active
CHEMBL204467,active
CHEMBL3622664,active
CHEMBL207410,active
CHEMBL5274657,active
CHEMBL402553,active
CHEMBL5766216,active
CHEMBL4091276,active
CHEMBL5424694,active
CHEMBL5842644,active
CHEMBL3676384,active
CHEMBL158797,inactive
CHEMBL5746985,active
CHEMBL4206585,active
CHEMBL5180830,active
CHEMBL2441567,active
CHEMBL5767274,active
CHEMBL3806172,active
CHEMBL5198368,active
CHEMBL3219130,active
CHEMBL3899132,active
CHEMBL2347960,active
CHEMBL5195593,active
CHEMBL5960275,active
CHEMBL126893,active
CHEMBL6060509,active
CHEMBL422758,active
CHEMBL125920,active
CHEMBL5272533,active
CHEMBL4746023,active
CHEMBL5871844,active
CHEMBL6009400,active
CHEMBL5853395,active
CHEMBL1094784,inactive
CHEMBL5426036,active
CHEMBL4575697,active
CHEMBL3628818,inactive
CHEMBL53121,active
CHEMBL5778271,active
CHEMBL5884157,active
CHEMBL4790655,active
CHEMBL5187838,active
CHEMBL3233776,active
CHEMBL3969628,active
CHEMBL4098587,active
CHEMBL5193594,active
CHEMBL5204270,active
CHEMBL6012814,active
CHEMBL287289,active
CHEMBL1928950,active
CHEMBL255237,active
CHEMBL5952451,active
CHEMBL5198664,active
CHEMBL5936062,active
CHEMBL5199122,active
CHEMBL5411267,active
CHEMBL4082362,active
CHEMBL4445797,active
CHEMBL4103464,active
CHEMBL3237943,inactive
CHEMBL5188399,active
CHEMBL461113,active
CHEMBL601719,active
CHEMBL3360604,active
CHEMBL3746473,active
CHEMBL5814374,active
CHEMBL5883108,active
CHEMBL3804886,active
CHEMBL1242293,active
CHEMBL941,active
CHEMBL5809520,active
CHEMBL3416627,active
CHEMBL5935427,active
CHEMBL6026402,active
CHEMBL2325093,active
CHEMBL6062449,active
CHEMBL2437226,active
CHEMBL3699591,active
CHEMBL5824145,active
CHEMBL5398686,active
CHEMBL5431583,active
CHEMBL533849,active
CHEMBL1645464,active
CHEMBL6020978,active
CHEMBL5756022,active
CHEMBL5411377,active
CHEMBL4280174,active
CHEMBL5876067,active
CHEMBL5815306,active
CHEMBL5992872,active
CHEMBL5849328,active
CHEMBL3297898,active
CHEMBL6031721,active
CHEMBL497863,active
CHEMBL5888474,active
CHEMBL5271155,active
CHEMBL3219128,active
CHEMBL255438,active
CHEMBL5747418,active
CHEMBL5206805,active
CHEMBL4753631,active
CHEMBL4446258,active
CHEMBL4072874,active
CHEMBL1914665,active
CHEMBL1812491,inactive
CHEMBL5287477,active
CHEMBL3542268,active
CHEMBL3301625,active
CHEMBL6026906,active
CHEMBL118109,inactive
CHEMBL380386,active
CHEMBL606964,active
CHEMBL28418,active
CHEMBL5964556,active
CHEMBL52665,active
CHEMBL323630,active
CHEMBL5406924,active
CHEMBL3586189,inactive
CHEMBL3414594,active
CHEMBL3676346,active
CHEMBL1271562,active
CHEMBL2381516,active
CHEMBL77085,inactive
CHEMBL5901475,active
CHEMBL5818193,inactive
CHEMBL5870116,active
CHEMBL1683957,inactive
CHEMBL6064874,active
CHEMBL5742327,active
CHEMBL166154,active
CHEMBL3237942,inactive
CHEMBL5740900,active
CHEMBL591897,active
CHEMBL5854206,active
CHEMBL5770169,active
CHEMBL5857553,active
CHEMBL5798764,active
CHEMBL1173815,active
CHEMBL4206716,active
CHEMBL4283097,active
CHEMBL5768440,active
CHEMBL5895402,active
CHEMBL4114766,active
CHEMBL3949347,active
CHEMBL6046040,active
CHEMBL4541573,active
CHEMBL3425665,active
CHEMBL5875012,active
CHEMBL5768138,active
CHEMBL201865,inactive
CHEMBL3763757,active
CHEMBL3671524,active
CHEMBL5207327,active
CHEMBL4286031,active
CHEMBL193160,active
CHEMBL3676357,active
CHEMBL5938417,active
CHEMBL5922580,active
CHEMBL5807695,active
CHEMBL1829273,inactive
CHEMBL5867406,active
CHEMBL5185330,active
CHEMBL6010524,inactive
CHEMBL4440096,inactive
CHEMBL6000972,active
CHEMBL511478,active
CHEMBL5813513,active
CHEMBL5923332,active
CHEMBL1242203,inactive
CHEMBL5187375,active
CHEMBL49986,active
CHEMBL1945453,inactive
CHEMBL287832,active
CHEMBL5612888,active
CHEMBL5517919,active
CHEMBL5981332,active
CHEMBL2093753,active
CHEMBL5194174,active
CHEMBL5851317,active
CHEMBL5093625,active
CHEMBL4126986,active
CHEMBL5881164,active
CHEMBL4476791,active
CHEMBL4081703,active
CHEMBL3655343,active
CHEMBL92825,active
CHEMBL4092003,active
CHEMBL2159053,inactive
CHEMBL117697,active
CHEMBL5203041,active
CHEMBL3920583,active
CHEMBL4293051,active
CHEMBL5975224,active
CHEMBL4166069,active
CHEMBL5968872,active
CHEMBL5198314,active
CHEMBL3416603,active
CHEMBL3416605,active
CHEMBL52197,active
CHEMBL5804325,active
CHEMBL4206166,active
CHEMBL5086894,active
CHEMBL5273438,active
CHEMBL5192793,active
CHEMBL434828,active
CHEMBL5939764,active
CHEMBL4089347,active
CHEMBL4081429,active
CHEMBL5847689,active
CHEMBL808,inactive
CHEMBL3092301,active
CHEMBL5206444,active
CHEMBL5938548,active
CHEMBL422347,active
CHEMBL2152253,active
CHEMBL4159909,active
CHEMBL4280395,active
CHEMBL5855225,active
CHEMBL18797,inactive
CHEMBL3814445,active
CHEMBL4753387,active
CHEMBL5558538,active
CHEMBL2325094,active
CHEMBL5866125,active
CHEMBL4067514,active
CHEMBL5862522,active
CHEMBL4212884,active
CHEMBL4753193,active
CHEMBL513418,active
CHEMBL358494,inactive
CHEMBL5566473,active
CHEMBL3655354,active
CHEMBL126384,active
CHEMBL115895,inactive
CHEMBL4459978,active
CHEMBL5850357,active
CHEMBL4777554,active
CHEMBL3758770,active
CHEMBL92398,active
CHEMBL5950594,active
CHEMBL5960312,active
CHEMBL3357638,active
CHEMBL3357637,active
CHEMBL5907540,active
CHEMBL5593219,active
CHEMBL2419760,active
CHEMBL3360602,active
CHEMBL5872960,active
CHEMBL4473375,active
CHEMBL5970641,active
CHEMBL4740573,active
CHEMBL5940713,active
CHEMBL2031298,active
CHEMBL5095169,active
CHEMBL5861020,active
CHEMBL1928958,active
CHEMBL255490,active
CHEMBL208118,active
CHEMBL207687,active
CHEMBL4856592,active
CHEMBL4476772,active
CHEMBL291359,inactive
CHEMBL6062944,active
CHEMBL5752831,active
CHEMBL4216679,active
CHEMBL453398,active
CHEMBL5978450,active
CHEMBL5834830,active
CHEMBL379905,active
CHEMBL155761,active
CHEMBL3436357,active
CHEMBL3759649,active
CHEMBL380454,active
CHEMBL3950549,active
CHEMBL3360607,active
CHEMBL4237916,active
CHEMBL291986,inactive
CHEMBL6046237,active
CHEMBL5907571,active
CHEMBL5218821,active
CHEMBL4110258,active
CHEMBL1271618,active
CHEMBL4284780,active
CHEMBL3114699,active
CHEMBL3623284,active
CHEMBL3623285,active
CHEMBL5631037,active
CHEMBL5769203,active
CHEMBL4516916,inactive
CHEMBL1683951,inactive
CHEMBL5176129,active
CHEMBL4861796,active
CHEMBL3622625,active
CHEMBL5281266,active
CHEMBL5202846,active
CHEMBL4215275,active
CHEMBL461967,active
CHEMBL5087264,active
CHEMBL5876937,active
CHEMBL483321,active
CHEMBL4857605,active
CHEMBL3221551,active
CHEMBL4093535,active
CHEMBL6021944,active
CHEMBL5887560,active
CHEMBL2029428,active
CHEMBL6034088,active
CHEMBL5808967,active
CHEMBL1173789,inactive
CHEMBL217536,active
CHEMBL3612590,active
CHEMBL3898480,active
CHEMBL5200385,active
CHEMBL4866162,active
CHEMBL1241588,inactive
CHEMBL5272200,active
CHEMBL1880739,active
CHEMBL4537422,active
CHEMBL3612563,active
CHEMBL1380839,active
CHEMBL5989405,active
CHEMBL5266387,active
CHEMBL4073595,active
CHEMBL5818938,active
CHEMBL5746836,active
CHEMBL5183865,active
CHEMBL3774578,active
CHEMBL5916714,active
CHEMBL1945451,inactive
CHEMBL4079658,active
CHEMBL6015025,active
CHEMBL3979610,active
CHEMBL1090840,active
CHEMBL1828884,inactive
CHEMBL5419934,active
CHEMBL5964384,active
CHEMBL3409484,active
CHEMBL5956847,active
CHEMBL2348416,active
CHEMBL212251,active
CHEMBL5777725,active
CHEMBL2425091,active
CHEMBL5278657,active
CHEMBL6007834,active
CHEMBL4793453,active
CHEMBL5988402,active
CHEMBL3263962,active
CHEMBL3545154,active
CHEMBL4861707,active
CHEMBL6043318,active
CHEMBL5915854,active
CHEMBL3633930,active
CHEMBL4530048,inactive
CHEMBL5921778,active
CHEMBL5794118,active
CHEMBL5594919,active
CHEMBL4066504,active
CHEMBL176582,active
CHEMBL1242385,active
CHEMBL2408830,active
CHEMBL5207108,active
CHEMBL4800697,active
CHEMBL258694,active
CHEMBL5886724,active
CHEMBL511623,active
CHEMBL1241583,inactive
CHEMBL4757806,active
CHEMBL3759986,active
CHEMBL6041205,active
CHEMBL3623289,active
CHEMBL3623288,active
CHEMBL3671548,active
CHEMBL3917951,active
CHEMBL4069586,active
CHEMBL3633774,active
CHEMBL5860718,active
CHEMBL4065970,active
CHEMBL2018749,active
CHEMBL1081849,active
CHEMBL4642842,inactive
CHEMBL119982,active
CHEMBL5209276,active
CHEMBL510845,active
CHEMBL1257911,active
CHEMBL5203179,active
CHEMBL5983473,active
CHEMBL3622665,active
CHEMBL4636996,active
CHEMBL3917657,active
CHEMBL3671579,active
CHEMBL6062820,active
CHEMBL5895064,active
CHEMBL5937803,active
CHEMBL2441563,active
CHEMBL5562868,inactive
CHEMBL5785378,active
CHEMBL6015235,active
CHEMBL5875973,active
CHEMBL4749064,active
CHEMBL5886152,inactive
CHEMBL3674148,active
CHEMBL2336335,inactive
CHEMBL29197,active
CHEMBL78249,inactive
CHEMBL119923,inactive
CHEMBL5432716,active
CHEMBL53690,active
CHEMBL3347498,active
CHEMBL5982895,active
CHEMBL318736,active
CHEMBL4873392,active
CHEMBL5912163,active
CHEMBL1914673,active
CHEMBL6020683,active
CHEMBL2385968,active
CHEMBL5880998,active
CHEMBL2316156,inactive
CHEMBL56201,inactive
CHEMBL1077068,inactive
CHEMBL5427961,active
CHEMBL5082149,inactive
CHEMBL498133,active
CHEMBL3639542,active
CHEMBL1272325,active
CHEMBL4791756,active
CHEMBL5195164,active
CHEMBL2029439,active
CHEMBL1645462,active
CHEMBL5860638,active
CHEMBL5398132,active
CHEMBL513208,active
CHEMBL5852605,active
CHEMBL298679,active
CHEMBL5188373,active
CHEMBL2032378,active
CHEMBL1241481,active
CHEMBL6022830,active
CHEMBL3663921,active
CHEMBL137189,active
CHEMBL1242376,active
CHEMBL3604937,active
CHEMBL5555592,active
CHEMBL2110732,active
CHEMBL52784,active
CHEMBL96489,active
CHEMBL4102224,active
CHEMBL5076283,active
CHEMBL5827300,active
CHEMBL5922699,active
CHEMBL4286733,active
CHEMBL4072688,active
CHEMBL5930586,active
CHEMBL605161,inactive
CHEMBL3930316,active
CHEMBL4847264,active
CHEMBL111434,active
CHEMBL5950707,active
CHEMBL6003695,active
CHEMBL566559,active
CHEMBL1645470,active
CHEMBL5747597,active
CHEMBL5435775,active
CHEMBL5948133,active
CHEMBL4575374,active
CHEMBL4634817,active
CHEMBL5189778,active
CHEMBL552859,active
CHEMBL3758761,active
CHEMBL5422592,active
CHEMBL5426811,active
CHEMBL5266477,active
CHEMBL2408827,active
CHEMBL3699601,active
CHEMBL5903829,active
CHEMBL206783,active
CHEMBL4760864,active
CHEMBL3814460,active
CHEMBL2048793,active
CHEMBL5918866,active
CHEMBL4568087,active
CHEMBL1821880,inactive
CHEMBL3799255,active
CHEMBL257872,active
CHEMBL3676383,active
CHEMBL128759,active
CHEMBL2029427,active
CHEMBL5179954,active
CHEMBL508760,active
CHEMBL56983,active
CHEMBL3915508,active
CHEMBL160846,active
CHEMBL3805409,inactive
CHEMBL3297892,active
CHEMBL3974571,active
CHEMBL3676348,active
CHEMBL5874668,active
CHEMBL4098507,active
CHEMBL4098591,active
CHEMBL4105434,inactive
CHEMBL4877510,active
CHEMBL4227278,active
CHEMBL3939985,active
CHEMBL3355878,active
CHEMBL5833201,active
CHEMBL301612,active
CHEMBL4110614,active
CHEMBL3902180,active
CHEMBL56964,inactive
CHEMBL5832090,active
CHEMBL4094927,active
CHEMBL3237941,inactive
CHEMBL6046774,active
CHEMBL4563873,active
CHEMBL3671563,active
CHEMBL5266919,active
CHEMBL2441568,active
CHEMBL4575647,inactive
CHEMBL5802290,active
CHEMBL329161,active
CHEMBL3671482,active
CHEMBL207009,active
CHEMBL5959712,active
CHEMBL4744798,active
CHEMBL4852664,active
CHEMBL3805177,active
CHEMBL1242656,active
CHEMBL5809369,active
CHEMBL5932966,active
CHEMBL5922408,active
CHEMBL5805659,active
CHEMBL6041084,active
CHEMBL5568662,active
CHEMBL1090362,active
CHEMBL5188618,active
CHEMBL5806205,active
CHEMBL189779,active
CHEMBL4107879,active
CHEMBL1934626,active
CHEMBL5867043,active
CHEMBL202425,active
CHEMBL293090,active
CHEMBL4218447,active
CHEMBL328106,active
CHEMBL357367,active
CHEMBL6022326,active
CHEMBL3612598,active
CHEMBL5999223,active
CHEMBL5772994,active
CHEMBL6053327,active
CHEMBL116919,inactive
CHEMBL67003,active
CHEMBL5752119,active
CHEMBL1645477,active
CHEMBL3085381,active
CHEMBL1928887,inactive
CHEMBL77452,active
CHEMBL4446992,active
CHEMBL2325100,active
CHEMBL79060,active
CHEMBL6024214,active
CHEMBL4570484,active
CHEMBL347160,inactive
CHEMBL246694,active
CHEMBL152905,active
CHEMBL5081817,active
CHEMBL6048496,active
CHEMBL5918636,active
CHEMBL6012149,inactive
CHEMBL4531697,active
CHEMBL475761,active
CHEMBL3092311,active
CHEMBL5079998,active
CHEMBL31276,active
CHEMBL4439974,active
CHEMBL4557005,active
CHEMBL122397,active
CHEMBL1090361,active
CHEMBL1241299,inactive
CHEMBL314146,inactive
CHEMBL4100759,active
CHEMBL5824026,active
CHEMBL3973028,active
CHEMBL6030528,active
CHEMBL5849712,active
CHEMBL3545360,active
CHEMBL3647419,active
CHEMBL4579429,active
CHEMBL4873098,active
CHEMBL5958954,active
CHEMBL5532112,active
CHEMBL3237931,active
CHEMBL1683962,active
CHEMBL4444231,active
CHEMBL5425169,active
CHEMBL3604205,active
CHEMBL4746770,active
CHEMBL6043736,active
CHEMBL5560466,active
CHEMBL4875332,active
CHEMBL3237929,active
CHEMBL3925584,active
CHEMBL372523,active
CHEMBL5893212,active
CHEMBL5863638,active
CHEMBL3671536,active
CHEMBL5284866,active
CHEMBL423224,active
CHEMBL5572660,active
CHEMBL6002527,active
CHEMBL3133908,active
CHEMBL3133751,active
CHEMBL4532084,active
CHEMBL1934627,active
CHEMBL2381514,active
CHEMBL5570443,active
CHEMBL5290929,active
CHEMBL5270335,active
CHEMBL5441026,active
CHEMBL5900488,active
CHEMBL1077107,inactive
CHEMBL5437854,active
CHEMBL5403023,active
CHEMBL5207152,active
CHEMBL597402,active
CHEMBL5847879,active
CHEMBL5742207,active
CHEMBL1242198,active
CHEMBL3927914,active
CHEMBL6016738,active
CHEMBL291979,inactive
CHEMBL305660,active
CHEMBL94191,active
CHEMBL3357634,active
CHEMBL89940,active
CHEMBL5619066,active
CHEMBL4209588,active
CHEMBL5750351,active
CHEMBL137617,active
CHEMBL5881569,active
CHEMBL500381,active
CHEMBL4650281,active
CHEMBL193544,active
CHEMBL6000527,active
CHEMBL6011498,active
CHEMBL5418423,active
CHEMBL45827,active
CHEMBL53156,active
CHEMBL6026921,active
CHEMBL1336,active
CHEMBL4454745,active
CHEMBL3622629,active
CHEMBL5974834,active
CHEMBL5814661,active
CHEMBL4849337,active
CHEMBL5815497,active
CHEMBL3403512,active
CHEMBL5198920,active
CHEMBL3676354,active
CHEMBL5934428,active
CHEMBL1198361,active
CHEMBL5967046,active
CHEMBL4448107,active
CHEMBL391779,active
CHEMBL1242207,inactive
CHEMBL4796010,active
CHEMBL5968968,active
CHEMBL5778571,active
CHEMBL4228176,active
CHEMBL3087193,active
CHEMBL317925,active
CHEMBL1173455,active
CHEMBL4100860,active
CHEMBL4246256,inactive
CHEMBL5569987,active
CHEMBL4463765,active
CHEMBL3233764,active
CHEMBL5944555,active
CHEMBL5993712,active
CHEMBL344177,active
CHEMBL5937064,active
CHEMBL4759405,active
CHEMBL3939300,active
CHEMBL5996579,active
CHEMBL4765122,active
CHEMBL3902845,active
CHEMBL378370,active
CHEMBL2011291,active
CHEMBL5431254,active
CHEMBL4099254,active
CHEMBL1242208,inactive
CHEMBL5555046,inactive
CHEMBL3612595,active
CHEMBL593306,active
CHEMBL3894076,active
CHEMBL5990479,active
CHEMBL5960937,active
CHEMBL5178922,active
CHEMBL5187605,active
CHEMBL5892362,active
CHEMBL1928952,active
CHEMBL5569663,active
CHEMBL75208,active
CHEMBL154260,inactive
CHEMBL5172794,active
CHEMBL3355874,active
CHEMBL5764327,inactive
CHEMBL5850505,active
CHEMBL4226702,active
CHEMBL255135,active
CHEMBL5909001,active
CHEMBL5872134,active
CHEMBL5865390,active
CHEMBL5794373,active
CHEMBL3114700,active
CHEMBL6026804,active
CHEMBL73406,active
CHEMBL3234749,active
CHEMBL5198809,active
CHEMBL5595487,active
CHEMBL539822,active
CHEMBL3233020,active
CHEMBL6055007,active
CHEMBL5880248,active
CHEMBL5799819,active
CHEMBL5276357,active
CHEMBL5079081,active
CHEMBL188304,active
CHEMBL4781497,active
CHEMBL4520341,active
CHEMBL5180325,active
CHEMBL1242295,active
CHEMBL245867,active
CHEMBL5931977,active
CHEMBL1203934,active
CHEMBL5905715,active
CHEMBL207674,active
CHEMBL4562352,active
CHEMBL3754722,active
CHEMBL5170804,active
CHEMBL5886380,inactive
CHEMBL281300,active
CHEMBL5821638,active
CHEMBL3912598,active
CHEMBL249496,active
CHEMBL591437,inactive
CHEMBL5282227,active
CHEMBL3828269,active
CHEMBL4288648,active
CHEMBL3671573,active
CHEMBL1794063,active
CHEMBL4066170,active
CHEMBL3741490,active
CHEMBL4743220,active
CHEMBL1088348,inactive
CHEMBL5778816,active
CHEMBL3671514,active
CHEMBL3622633,active
CHEMBL289959,active
CHEMBL346716,inactive
CHEMBL6034790,active
CHEMBL3799864,active
CHEMBL488271,inactive
CHEMBL4565984,active
CHEMBL5889876,active
CHEMBL248116,active
CHEMBL4089588,active
CHEMBL4755832,active
CHEMBL4785528,active
CHEMBL5069689,active
CHEMBL5986535,active
CHEMBL3753444,active
CHEMBL5846978,active
CHEMBL4081860,active
CHEMBL4863078,active
CHEMBL4450061,active
CHEMBL4103893,active
CHEMBL6029316,active
CHEMBL3823520,active
CHEMBL5184813,active
CHEMBL250925,active
CHEMBL79206,active
CHEMBL2437223,active
CHEMBL3813979,active
CHEMBL5812935,active
CHEMBL5207462,active
CHEMBL3666714,active
CHEMBL6004777,active
CHEMBL3416596,active
CHEMBL1947204,active
CHEMBL283201,active
CHEMBL473320,active
CHEMBL449093,active
CHEMBL344652,inactive
CHEMBL4228018,active
CHEMBL3942999,active
CHEMBL3944572,active
CHEMBL5181469,active
CHEMBL4109796,active
CHEMBL3910496,active
CHEMBL345211,inactive
CHEMBL3671578,active
CHEMBL455208,active
CHEMBL277430,inactive
CHEMBL1230790,active
CHEMBL4593016,active
CHEMBL4170121,active
CHEMBL5591255,active
CHEMBL114593,active
CHEMBL5405222,active
CHEMBL3623290,active
CHEMBL3623291,active
CHEMBL3325479,active
CHEMBL328977,active
CHEMBL5948958,active
CHEMBL4470120,active
CHEMBL4780534,active
CHEMBL5910503,active
CHEMBL2325104,active
CHEMBL5779322,active
CHEMBL5970015,active
CHEMBL5281205,active
CHEMBL5280664,active
CHEMBL347161,inactive
CHEMBL2032379,active
CHEMBL3355884,active
CHEMBL5173701,active
CHEMBL335648,active
CHEMBL246276,active
CHEMBL4776730,active
CHEMBL5787380,active
CHEMBL6051409,active
CHEMBL4284684,active
CHEMBL3355880,active
CHEMBL1910278,inactive
CHEMBL3758875,active
CHEMBL596087,active
CHEMBL4086078,active
CHEMBL567873,active
CHEMBL5424516,inactive
CHEMBL3952157,active
CHEMBL5181684,active
CHEMBL4064776,active
CHEMBL3357644,active
CHEMBL3357643,active
CHEMBL215814,active
CHEMBL5842694,active
CHEMBL5971988,active
CHEMBL6046816,active
CHEMBL3360612,active
CHEMBL116012,inactive
CHEMBL5282641,active
CHEMBL5280967,active
CHEMBL3622672,active
CHEMBL5932064,active
CHEMBL3355879,active
CHEMBL4096980,active
CHEMBL5176460,active
CHEMBL116423,inactive
CHEMBL5996490,active
CHEMBL3968039,active
CHEMBL205148,active
CHEMBL3985465,active
CHEMBL512391,active
CHEMBL5286055,active
CHEMBL3891187,active
CHEMBL5798869,active
CHEMBL442749,active
CHEMBL5820028,active
CHEMBL511990,active
CHEMBL3921446,active
CHEMBL80164,active
CHEMBL5792559,inactive
CHEMBL5272404,active
CHEMBL2325090,active
CHEMBL150177,inactive
CHEMBL5982112,active
CHEMBL5173075,active
CHEMBL5561026,active
CHEMBL5873136,active
CHEMBL3982710,active
CHEMBL5414627,active
CHEMBL5285308,active
CHEMBL3671508,active
CHEMBL1830280,active
CHEMBL1952211,active
CHEMBL1952210,active
CHEMBL6054367,active
CHEMBL371888,active
CHEMBL3965075,active
CHEMBL4089951,active
CHEMBL4800367,active
CHEMBL2447950,active
CHEMBL3758889,active
CHEMBL5075204,active
CHEMBL5997498,active
CHEMBL5889117,active
CHEMBL4448691,active
CHEMBL5875009,inactive
CHEMBL3699581,active
CHEMBL5956472,active
CHEMBL248391,active
CHEMBL5952854,active
CHEMBL5857682,active
CHEMBL6055384,active
CHEMBL3132872,active
CHEMBL4100655,active
CHEMBL5782322,active
CHEMBL3958482,active
CHEMBL4283517,active
CHEMBL178654,active
CHEMBL4757531,active
CHEMBL5176897,active
CHEMBL340862,active
CHEMBL5283875,active
CHEMBL596957,active
CHEMBL9470,active
CHEMBL336113,active
CHEMBL4873830,active
CHEMBL231885,active
CHEMBL4102389,active
CHEMBL4561572,active
CHEMBL5427116,active
CHEMBL4640482,inactive
CHEMBL4087740,active
CHEMBL1198370,active
CHEMBL5972607,active
CHEMBL5950512,active
CHEMBL5806638,active
CHEMBL3671490,active
CHEMBL3786858,active
CHEMBL1171792,active
CHEMBL5809860,active
CHEMBL5081174,active
CHEMBL3813876,active
CHEMBL5196209,active
CHEMBL56936,active
CHEMBL3805089,active
CHEMBL1744347,active
CHEMBL5562124,inactive
CHEMBL4087525,active
CHEMBL5749382,active
CHEMBL92006,active
CHEMBL5760493,active
CHEMBL4562744,active
CHEMBL5926535,active
CHEMBL3087194,active
CHEMBL5792124,active
CHEMBL3934594,active
CHEMBL299763,inactive
CHEMBL3909214,active
CHEMBL3663934,active
CHEMBL248392,active
CHEMBL1683974,active
CHEMBL3799956,inactive
CHEMBL5280359,active
CHEMBL73710,active
CHEMBL3982014,active
CHEMBL2419762,active
CHEMBL5809639,active
CHEMBL51741,active
CHEMBL4073960,active
CHEMBL155100,active
CHEMBL92812,active
CHEMBL3622624,active
CHEMBL5846820,active
CHEMBL5562889,active
CHEMBL4468146,active
CHEMBL6038037,active
CHEMBL4459052,inactive
CHEMBL520493,inactive
CHEMBL5913449,active
CHEMBL3237930,active
CHEMBL6061819,active
CHEMBL330668,active
CHEMBL245868,active
CHEMBL4520903,active
CHEMBL4871985,active
CHEMBL1172773,active
CHEMBL5201725,active
CHEMBL5942124,active
CHEMBL507329,active
CHEMBL447365,active
CHEMBL450109,active
CHEMBL450396,active
CHEMBL5773834,active
CHEMBL3905411,active
CHEMBL6054382,active
CHEMBL4227281,active
CHEMBL247914,active
CHEMBL4873767,active
CHEMBL5851971,active
CHEMBL5870000,active
CHEMBL6043358,active
CHEMBL3929060,active
CHEMBL3958624,active
CHEMBL3671583,active
CHEMBL3740910,active
CHEMBL5562735,active
CHEMBL1828870,inactive
CHEMBL5088907,active
CHEMBL247309,active
CHEMBL355019,active
CHEMBL339416,active
CHEMBL3774808,active
CHEMBL5394139,active
CHEMBL1830262,inactive
CHEMBL4105530,active
CHEMBL5393923,active
CHEMBL4059772,active
CHEMBL5631207,active
CHEMBL5846412,active
CHEMBL5977738,active
CHEMBL5189379,active
CHEMBL5413223,active
CHEMBL5424597,active
CHEMBL281467,active
CHEMBL5171139,active
CHEMBL4746488,active
CHEMBL5975926,active
CHEMBL4164396,active
CHEMBL4293690,active
CHEMBL5568100,inactive
CHEMBL5439143,active
CHEMBL131653,inactive
CHEMBL5877896,active
CHEMBL435993,active
CHEMBL5821888,active
CHEMBL345988,active
CHEMBL2029429,active
CHEMBL2031304,active
CHEMBL3758802,active
CHEMBL3622626,active
CHEMBL6063877,active
CHEMBL181617,active
CHEMBL1683958,active
CHEMBL2437458,active
CHEMBL1947045,inactive
CHEMBL4450843,active
CHEMBL4521381,active
CHEMBL3920551,active
CHEMBL3671559,active
CHEMBL606466,active
CHEMBL5406494,active
CHEMBL5746447,active
CHEMBL3087208,active
CHEMBL3982407,inactive
CHEMBL6039541,active
CHEMBL4575427,inactive
CHEMBL1172877,inactive
CHEMBL5892354,active
CHEMBL6050550,active
CHEMBL472942,inactive
CHEMBL6027769,active
CHEMBL1630115,active
CHEMBL3759725,active
CHEMBL4082763,active
CHEMBL1645465,active
CHEMBL5870784,active
CHEMBL5567575,active
CHEMBL4453068,active
CHEMBL5998521,active
CHEMBL6057006,active
CHEMBL5200275,active
CHEMBL3914322,active
CHEMBL5584052,active
CHEMBL3087206,active
CHEMBL3087207,active
CHEMBL5620256,active
CHEMBL2425094,active
CHEMBL3699609,active
CHEMBL5282716,active
CHEMBL4226937,active
CHEMBL6057486,active
CHEMBL5822340,active
CHEMBL4097795,active
CHEMBL186001,active
CHEMBL165731,active
CHEMBL4079861,active
CHEMBL195437,inactive
CHEMBL5950577,active
CHEMBL255866,active
CHEMBL6016956,active
CHEMBL3403518,active
CHEMBL4516232,active
CHEMBL589590,inactive
CHEMBL5925262,active
CHEMBL337035,inactive
CHEMBL4469866,active
CHEMBL5410384,active
CHEMBL5175924,active
CHEMBL4060919,active
CHEMBL3759963,active
CHEMBL4457885,active
CHEMBL4475780,active
CHEMBL3753157,active
CHEMBL5907345,active
CHEMBL5420623,active
CHEMBL3883652,inactive
CHEMBL248115,active
CHEMBL592216,active
CHEMBL5878717,active
CHEMBL5769440,active
CHEMBL4798480,active
CHEMBL5875433,active
CHEMBL5797150,active
CHEMBL4786961,active
CHEMBL5288751,active
CHEMBL3805218,active
CHEMBL4211322,inactive
CHEMBL6052335,active
CHEMBL6003108,active
CHEMBL3655348,active
CHEMBL3674150,active
CHEMBL414013,inactive
CHEMBL6011218,active
CHEMBL1081312,active
CHEMBL2064372,active
CHEMBL445572,active
CHEMBL5282557,active
CHEMBL1630112,active
CHEMBL4780965,active
CHEMBL4293145,active
CHEMBL4171764,active
CHEMBL5993116,active
CHEMBL3092308,active
CHEMBL504034,active
CHEMBL5820260,active
CHEMBL1081198,inactive
CHEMBL5942595,active
CHEMBL1090364,active
CHEMBL4091626,active
CHEMBL5795465,active
CHEMBL3932176,active
CHEMBL2048904,active
CHEMBL3699610,active
CHEMBL1944929,inactive
CHEMBL419022,active
CHEMBL136102,active
CHEMBL5567060,active
CHEMBL5415613,active
CHEMBL2316151,active
CHEMBL5846336,active
CHEMBL3663924,active
CHEMBL475599,active
CHEMBL214023,active
CHEMBL473429,active
CHEMBL4649261,active
CHEMBL5286575,active
CHEMBL5572514,active
CHEMBL2437460,active
CHEMBL5770970,active
CHEMBL3678947,active
CHEMBL3923228,active
CHEMBL3234747,active
CHEMBL6020835,active
CHEMBL133023,active
CHEMBL1173014,inactive
CHEMBL5266482,active
CHEMBL115187,active
CHEMBL6041859,active
CHEMBL5401500,active
CHEMBL3753011,active
CHEMBL5420857,active
CHEMBL4759072,active
CHEMBL3325480,inactive
CHEMBL1241862,inactive
CHEMBL243839,active
CHEMBL4741925,active
CHEMBL5945719,active
CHEMBL4206288,active
CHEMBL517130,active
CHEMBL461968,active
CHEMBL5290583,active
CHEMBL6015239,active
CHEMBL5436840,active
CHEMBL4525168,active
CHEMBL4126797,active
CHEMBL5956969,active
CHEMBL3040548,active
CHEMBL5854233,active
CHEMBL4567599,active
CHEMBL6061460,active
CHEMBL5879075,active
CHEMBL5566021,inactive
CHEMBL1914662,active
CHEMBL3981621,active
CHEMBL5203821,active
CHEMBL299893,active
CHEMBL3678955,active
CHEMBL3815115,active
CHEMBL2374458,active
CHEMBL56505,active
CHEMBL4642177,active
CHEMBL5970341,active
CHEMBL4066684,active
CHEMBL554983,active
CHEMBL486437,inactive
CHEMBL5196498,active
CHEMBL3947759,active
CHEMBL3233793,active
CHEMBL5274514,active
CHEMBL5885438,active
CHEMBL5630852,active
CHEMBL137082,active
CHEMBL5758432,active
CHEMBL5197952,active
CHEMBL5842313,active
CHEMBL3986103,active
CHEMBL5750515,active
CHEMBL402149,active
CHEMBL5953740,active
CHEMBL5747102,active
CHEMBL4795296,active
CHEMBL2408828,active
CHEMBL4218154,active
CHEMBL3671521,active
CHEMBL5985452,active
CHEMBL3786098,active
CHEMBL3787132,active
CHEMBL3786812,active
CHEMBL3759127,active
CHEMBL5857842,active
CHEMBL2425090,active
CHEMBL1688539,active
CHEMBL53062,active
CHEMBL5769810,active
CHEMBL5631094,active
CHEMBL565714,active
CHEMBL598520,active
CHEMBL4163321,active
CHEMBL3742059,active
CHEMBL3763790,active
CHEMBL5879544,active
CHEMBL3671576,active
CHEMBL5432017,active
CHEMBL5512556,active
CHEMBL3219347,active
CHEMBL5885640,active
CHEMBL5901440,active
CHEMBL5786339,active
CHEMBL5747445,active
CHEMBL5849722,active
CHEMBL5208397,active
CHEMBL204085,active
CHEMBL591039,active
CHEMBL3774947,active
CHEMBL6023068,active
CHEMBL5085118,active
CHEMBL5802612,active
CHEMBL4293326,active
CHEMBL5512476,active
CHEMBL1830268,inactive
CHEMBL3671574,active
CHEMBL1090353,active
CHEMBL4075103,active
CHEMBL4062528,active
CHEMBL5284848,active
CHEMBL1077095,inactive
CHEMBL1812571,active
CHEMBL5993258,active
CHEMBL5918820,active
CHEMBL5933788,active
CHEMBL4449589,active
CHEMBL202721,active
CHEMBL5829060,active
CHEMBL5984029,active
CHEMBL5404033,active
CHEMBL461792,active
CHEMBL5943090,active
CHEMBL1944928,inactive
CHEMBL5435881,active
CHEMBL3806145,active
CHEMBL3622620,active
CHEMBL90013,active
CHEMBL5633878,inactive
CHEMBL4751641,active
CHEMBL334032,inactive
CHEMBL5820070,active
CHEMBL5971901,active
CHEMBL5612418,inactive
CHEMBL5280555,active
CHEMBL156555,inactive
CHEMBL475600,active
CHEMBL39715,active
CHEMBL3676362,active
CHEMBL6000425,active
CHEMBL5398727,active
CHEMBL155278,active
CHEMBL5208549,active
CHEMBL4087243,active
CHEMBL6049695,active
CHEMBL3622640,active
CHEMBL5999274,active
CHEMBL4783948,active
CHEMBL5394752,active
CHEMBL5395370,active
CHEMBL4099329,active
CHEMBL3676378,active
CHEMBL5434318,active
CHEMBL3297895,active
CHEMBL137027,active
CHEMBL3814694,active
CHEMBL5948463,active
CHEMBL5267773,active
CHEMBL3233775,active
CHEMBL5204417,active
CHEMBL5753614,active
CHEMBL166093,active
CHEMBL5769603,active
CHEMBL5824924,active
CHEMBL165574,active
CHEMBL5631882,active
CHEMBL4445017,active
CHEMBL5523623,active
CHEMBL5847006,active
CHEMBL5949435,active
CHEMBL340898,active
CHEMBL5762432,active
CHEMBL3904778,active
CHEMBL76642,inactive
CHEMBL501368,inactive
CHEMBL592211,active
CHEMBL5889296,active
CHEMBL4439053,inactive
CHEMBL5087931,active
CHEMBL93051,active
CHEMBL69629,active
CHEMBL22978,active
CHEMBL1241775,inactive
CHEMBL51659,active
CHEMBL4441029,active
CHEMBL5860809,active
CHEMBL503253,active
CHEMBL451347,active
CHEMBL5897419,active
CHEMBL5267161,active
CHEMBL3890186,active
CHEMBL5787183,active
CHEMBL378144,active
CHEMBL31965,active
CHEMBL6025187,active
CHEMBL2105717,active
CHEMBL5935668,active
CHEMBL433305,active
CHEMBL1828877,inactive
CHEMBL5821520,active
CHEMBL1928956,active
CHEMBL3805654,active
CHEMBL1241582,inactive
CHEMBL6039337,active
CHEMBL497697,active
CHEMBL498247,inactive
CHEMBL5872120,active
CHEMBL1928310,active
CHEMBL4462318,active
CHEMBL422540,inactive
CHEMBL3403515,active
CHEMBL484270,active
CHEMBL587723,active
CHEMBL5268092,active
CHEMBL6039812,active
CHEMBL480348,active
CHEMBL3355883,active
CHEMBL24979,active
CHEMBL5821080,active
CHEMBL293064,active
CHEMBL404405,active
CHEMBL5796638,active
CHEMBL5779142,active
CHEMBL3237939,inactive
CHEMBL5556841,active
CHEMBL1090358,active
CHEMBL5825830,active
CHEMBL4282879,active
CHEMBL5864922,active
CHEMBL6001037,active
CHEMBL4061043,active
CHEMBL6014541,active
CHEMBL4069277,active
CHEMBL5206110,active
CHEMBL2047242,inactive
CHEMBL1171638,inactive
CHEMBL3747407,inactive
CHEMBL3416608,active
CHEMBL5819312,active
CHEMBL517585,active
CHEMBL5822838,active
CHEMBL4850239,active
CHEMBL4647325,active
CHEMBL225721,active
CHEMBL3921302,active
CHEMBL4463898,active
CHEMBL301549,active
CHEMBL4087268,active
CHEMBL4282954,active
CHEMBL6009126,active
CHEMBL3734988,active
CHEMBL5593262,active
CHEMBL39337,active
CHEMBL6058935,active
CHEMBL3087199,active
CHEMBL474267,inactive
CHEMBL3360617,active
CHEMBL1204199,active
CHEMBL1242380,inactive
CHEMBL1242381,inactive
CHEMBL525805,active
CHEMBL6048356,active
CHEMBL4095253,active
CHEMBL2048905,active
CHEMBL4102214,inactive
CHEMBL1828873,inactive
CHEMBL3946096,active
CHEMBL5852720,active
CHEMBL5820282,active
CHEMBL1829271,inactive
CHEMBL5755507,active
CHEMBL5268781,active
CHEMBL3671483,active
CHEMBL36164,active
CHEMBL3930270,active
CHEMBL3921347,active
CHEMBL1934633,active
CHEMBL5403085,active
CHEMBL3775664,active
CHEMBL5597898,active
CHEMBL329856,active
CHEMBL6036686,active
CHEMBL3355876,active
CHEMBL6044391,active
CHEMBL5839771,active
CHEMBL598307,active
CHEMBL4796407,active
CHEMBL127611,active
CHEMBL3929354,active
CHEMBL1090354,active
CHEMBL3623279,active
CHEMBL5981434,active
CHEMBL5556548,active
CHEMBL5903044,active
CHEMBL5984480,active
CHEMBL3092322,active
CHEMBL217092,active
CHEMBL4289682,active
CHEMBL5934422,active
CHEMBL1242027,inactive
CHEMBL1928301,active
CHEMBL4095063,active
CHEMBL6038402,active
CHEMBL3663925,active
CHEMBL5753139,active
CHEMBL6013835,active
CHEMBL5094282,active
CHEMBL166766,active
CHEMBL169200,active
CHEMBL5287438,active
CHEMBL5948070,active
CHEMBL4593230,active
CHEMBL5798855,active
CHEMBL4162767,active
CHEMBL6060780,active
CHEMBL3623281,active
CHEMBL248222,active
CHEMBL316127,active
CHEMBL4757724,active
CHEMBL5558842,active
CHEMBL5797186,active
CHEMBL2337368,inactive
CHEMBL3114701,active
CHEMBL5088423,active
CHEMBL5193016,active
CHEMBL3910297,active
CHEMBL5901984,inactive
CHEMBL1172947,inactive
CHEMBL113900,active
CHEMBL4514393,active
CHEMBL2437225,active
CHEMBL5178898,active
CHEMBL4871593,active
CHEMBL5280144,active
CHEMBL5783119,active
CHEMBL490569,active
CHEMBL5868518,active
CHEMBL2385959,active
CHEMBL598799,active
CHEMBL6031887,active
CHEMBL489058,active
CHEMBL5273342,active
CHEMBL5755010,active
CHEMBL1095463,inactive
CHEMBL3403517,active
CHEMBL5276304,active
CHEMBL391321,active
CHEMBL4444312,active
CHEMBL4060039,active
CHEMBL3699597,active
CHEMBL3671532,active
CHEMBL5952823,active
CHEMBL5290971,active
CHEMBL92961,active
CHEMBL243629,active
CHEMBL470219,active
CHEMBL5921108,active
CHEMBL5768513,active
CHEMBL5596876,active
CHEMBL5769228,active
CHEMBL1907763,active
CHEMBL595615,active
CHEMBL1630114,active
CHEMBL3263373,active
CHEMBL5774421,active
CHEMBL3819120,active
CHEMBL6031115,active
CHEMBL5968382,active
CHEMBL5218797,active
CHEMBL3739527,active
CHEMBL4554486,inactive
CHEMBL5997672,inactive
CHEMBL5632719,active
CHEMBL5759210,active
CHEMBL4077917,active
CHEMBL3622619,active
CHEMBL57347,active
CHEMBL590962,inactive
CHEMBL406845,active
CHEMBL338049,active
CHEMBL283682,active
CHEMBL113023,active
CHEMBL279459,active
CHEMBL3896476,active
CHEMBL5193123,active
CHEMBL506414,active
CHEMBL4439632,active
CHEMBL1173022,inactive
CHEMBL5575930,active
CHEMBL4435233,active
CHEMBL5758598,active
CHEMBL1828882,inactive
CHEMBL4468034,active
CHEMBL4097245,active
CHEMBL2381509,active
CHEMBL3982289,active
CHEMBL3622651,active
CHEMBL1242665,inactive
CHEMBL4755444,active
CHEMBL5834321,active
CHEMBL490768,active
CHEMBL4213400,active
CHEMBL3930620,active
CHEMBL5808896,active
CHEMBL5890119,active
CHEMBL5998236,active
CHEMBL2425085,active
CHEMBL5093794,active
CHEMBL193159,active
CHEMBL4226965,active
CHEMBL136404,active
CHEMBL5784687,active
CHEMBL5740925,active
CHEMBL4873600,active
CHEMBL3699584,active
CHEMBL5828469,active
CHEMBL3962233,active
CHEMBL4559807,active
CHEMBL1173249,inactive
CHEMBL5272345,active
CHEMBL4228672,active
CHEMBL2048790,active
CHEMBL3671585,active
CHEMBL5762000,active
CHEMBL80809,active
CHEMBL334026,inactive
CHEMBL5402816,active
CHEMBL5938232,active
CHEMBL4787536,active
CHEMBL4290869,active
CHEMBL4086056,active
CHEMBL391675,active
CHEMBL5413239,active
CHEMBL5397111,active
CHEMBL460732,active
CHEMBL2337371,inactive
CHEMBL4860527,active
CHEMBL202424,active
CHEMBL4870560,active
CHEMBL6048885,active
CHEMBL5756147,active
CHEMBL5771584,active
CHEMBL14952,active
CHEMBL93635,active
CHEMBL5783875,active
CHEMBL204330,active
CHEMBL5818001,active
CHEMBL5564483,active
CHEMBL338114,active
CHEMBL5967585,active
CHEMBL208286,active
CHEMBL5926958,active
CHEMBL3671507,active
CHEMBL1242852,active
CHEMBL2029697,inactive
CHEMBL5807044,active
CHEMBL4797515,active
CHEMBL5764261,active
CHEMBL4535949,active
CHEMBL5805600,active
CHEMBL4776833,active
CHEMBL4755651,active
CHEMBL6050653,active
CHEMBL6060784,active
CHEMBL589561,active
CHEMBL5172251,active
CHEMBL3808884,active
CHEMBL6028878,active
CHEMBL6002810,active
CHEMBL1240565,inactive
CHEMBL5194543,active
CHEMBL5985870,active
CHEMBL5975268,active
CHEMBL5567355,active
CHEMBL3234750,active
CHEMBL4464879,active
CHEMBL1089524,active
CHEMBL3931858,active
CHEMBL5943616,active
CHEMBL4458437,active
CHEMBL391778,active
CHEMBL5597851,active
CHEMBL6017659,active
CHEMBL5987816,active
CHEMBL5631269,active
CHEMBL2312652,inactive
CHEMBL4741922,active
CHEMBL3344214,active
CHEMBL3233766,active
CHEMBL5873702,active
CHEMBL3900054,active
CHEMBL1817965,active
CHEMBL3805774,active
CHEMBL589826,active
CHEMBL91925,active
CHEMBL2347961,active
CHEMBL5753671,active
CHEMBL1928312,active
CHEMBL5280575,active
CHEMBL4287141,active
CHEMBL3133756,active
CHEMBL5271978,active
CHEMBL5774126,active
CHEMBL4460261,active
CHEMBL4095195,inactive
CHEMBL4098409,active
CHEMBL3671561,active
CHEMBL1240545,inactive
CHEMBL3655342,active
CHEMBL5817509,active
CHEMBL602728,active
CHEMBL4072383,active
CHEMBL382073,active
CHEMBL4462528,active
CHEMBL3751976,active
CHEMBL3237948,active
CHEMBL4439680,active
CHEMBL3763360,active
CHEMBL5780056,active
CHEMBL366580,active
CHEMBL6053138,active
CHEMBL726,inactive
CHEMBL4796408,active
CHEMBL5800063,inactive
CHEMBL598797,active
CHEMBL5774120,active
CHEMBL3759085,active
CHEMBL1243283,active
CHEMBL116525,active
CHEMBL4087646,active
CHEMBL5909725,active
CHEMBL120069,active
CHEMBL3233789,active
CHEMBL3622679,active
CHEMBL5179357,active
CHEMBL5438940,active
CHEMBL5872595,active
CHEMBL2325087,active
CHEMBL213342,active
CHEMBL62176,active
CHEMBL6007810,inactive
CHEMBL4100377,active
CHEMBL1242294,active
CHEMBL3676355,active
CHEMBL5881330,active
CHEMBL5909441,active
CHEMBL95320,active
CHEMBL3622670,active
CHEMBL5876875,active
CHEMBL5763353,active
CHEMBL5613826,active
CHEMBL540701,active
CHEMBL5436965,active
CHEMBL6063848,active
CHEMBL6007769,active
CHEMBL3622622,active
CHEMBL3416634,active
CHEMBL4290568,active
CHEMBL5290095,active
CHEMBL5270309,active
CHEMBL5773016,active
CHEMBL5937548,active
CHEMBL337026,active
CHEMBL5275672,active
CHEMBL5810622,active
CHEMBL4091010,active
CHEMBL5989430,active
CHEMBL5961174,active
CHEMBL4780855,active
CHEMBL3676391,active
CHEMBL3639984,active
CHEMBL3814959,active
CHEMBL5279539,active
CHEMBL3263380,active
CHEMBL5189574,active
CHEMBL3765789,active
CHEMBL3676389,active
CHEMBL4560430,active
CHEMBL5933155,active
CHEMBL5765056,active
CHEMBL497803,active
CHEMBL5970993,active
CHEMBL3936505,active
CHEMBL4097369,active
CHEMBL5592873,active
CHEMBL1828880,inactive
CHEMBL1821876,inactive
CHEMBL1242568,active
CHEMBL256529,active
CHEMBL5756778,active
CHEMBL2312646,inactive
CHEMBL453336,inactive
CHEMBL4065301,inactive
CHEMBL3754785,active
CHEMBL5949488,active
CHEMBL5184048,active
CHEMBL304414,inactive
CHEMBL2035810,active
CHEMBL5843334,active
CHEMBL4072048,active
CHEMBL3219135,active
CHEMBL4759031,active
CHEMBL5085136,active
CHEMBL3959632,active
CHEMBL4743998,active
CHEMBL3608434,active
CHEMBL3676340,active
CHEMBL5202381,active
CHEMBL311109,active
CHEMBL5289859,active
CHEMBL3604921,active
CHEMBL5746224,active
CHEMBL1242572,active
CHEMBL205966,active
CHEMBL5962683,active
CHEMBL5844546,active
CHEMBL5425734,active
CHEMBL5523462,active
CHEMBL3921655,active
CHEMBL5270693,active
CHEMBL5077665,active
CHEMBL5786982,active
CHEMBL5815266,active
CHEMBL4583858,active
CHEMBL6014610,active
CHEMBL5196024,active
CHEMBL37373,active
CHEMBL214798,active
CHEMBL5982067,active
CHEMBL5566736,active
CHEMBL1830258,inactive
CHEMBL2047247,inactive
CHEMBL2087354,active
CHEMBL2047245,inactive
CHEMBL1683959,active
CHEMBL4586581,active
CHEMBL4064224,active
CHEMBL4076363,active
CHEMBL5814234,active
CHEMBL592240,inactive
CHEMBL5875616,active
CHEMBL53404,active
CHEMBL6036819,active
CHEMBL5984171,active
CHEMBL5289560,active
CHEMBL4787698,active
CHEMBL6004855,active
CHEMBL5269684,active
CHEMBL53850,active
CHEMBL5560662,inactive
CHEMBL6055510,active
CHEMBL300217,active
CHEMBL3904257,active
CHEMBL1097368,inactive
CHEMBL2325101,active
CHEMBL5755720,active
CHEMBL3979482,active
CHEMBL4284413,active
CHEMBL5939963,active
CHEMBL5765377,active
CHEMBL589832,inactive
CHEMBL3735474,active
CHEMBL5769390,active
CHEMBL437890,active
CHEMBL3753886,active
CHEMBL4522240,active
CHEMBL169570,active
CHEMBL5966730,active
CHEMBL5280288,active
CHEMBL452717,active
CHEMBL402339,active
CHEMBL4173470,active
CHEMBL4066951,active
CHEMBL5565187,active
CHEMBL4471235,active
CHEMBL3087196,active
CHEMBL2093928,active
CHEMBL1830259,inactive
CHEMBL4750734,active
CHEMBL3747570,inactive
CHEMBL4790583,active
CHEMBL3699616,active
CHEMBL5630913,active
CHEMBL5880754,active
CHEMBL160303,active
CHEMBL5806894,active
CHEMBL542887,active
CHEMBL144908,active
CHEMBL5565127,active
CHEMBL4530987,active
CHEMBL5811320,active
CHEMBL4750158,active
CHEMBL5193128,active
CHEMBL5905751,active
CHEMBL5208065,active
CHEMBL5874605,active
CHEMBL437885,active
CHEMBL5832255,active
CHEMBL1916949,inactive
CHEMBL5816578,active
CHEMBL5291481,active
CHEMBL2324873,active
CHEMBL4238771,inactive
CHEMBL584,inactive
CHEMBL461426,active
CHEMBL542755,active
CHEMBL3934539,active
CHEMBL5945723,active
CHEMBL380006,active
CHEMBL4449898,active
CHEMBL6035061,active
CHEMBL455434,active
CHEMBL1630110,active
CHEMBL3676364,active
CHEMBL129824,active
CHEMBL383499,active
CHEMBL428534,active
CHEMBL2029425,active
CHEMBL3924787,active
CHEMBL6040102,active
CHEMBL3699603,active
CHEMBL1172878,inactive
CHEMBL245798,active
CHEMBL1242476,active
CHEMBL4094086,active
CHEMBL5589715,active
CHEMBL234580,active
CHEMBL431191,active
CHEMBL380972,active
CHEMBL5769729,active
CHEMBL104244,active
CHEMBL5860886,active
CHEMBL5940517,active
CHEMBL5961822,active
CHEMBL5939208,active
CHEMBL597949,active
CHEMBL5824855,active
CHEMBL3676382,active
CHEMBL438075,inactive
CHEMBL4457447,active
CHEMBL4776073,active
CHEMBL5880562,active
CHEMBL3233784,active
CHEMBL1080271,inactive
CHEMBL474323,active
CHEMBL4103201,active
CHEMBL4218431,active
CHEMBL5976089,active
CHEMBL6028850,active
CHEMBL5807788,active
CHEMBL3671550,active
CHEMBL3948661,active
CHEMBL367442,active
CHEMBL2018756,active
CHEMBL126791,active
CHEMBL6013340,active
CHEMBL3898447,active
CHEMBL76444,active
CHEMBL3671541,active
CHEMBL187431,inactive
CHEMBL333231,active
CHEMBL5929586,active
CHEMBL5085143,active
CHEMBL4437599,active
CHEMBL5976949,active
CHEMBL115440,active
CHEMBL5775621,active
CHEMBL1241683,inactive
CHEMBL602645,inactive
CHEMBL53711,active
CHEMBL5200988,active
CHEMBL5271930,active
CHEMBL2448067,active
CHEMBL3297891,active
CHEMBL4094174,active
CHEMBL66101,inactive
CHEMBL5797927,active
CHEMBL247127,active
CHEMBL4740646,active
CHEMBL5814408,active
CHEMBL514566,active
CHEMBL36727,active
CHEMBL4529308,active
CHEMBL4759414,active
CHEMBL5276173,active
CHEMBL5987649,active
CHEMBL231663,active
CHEMBL5399653,active
CHEMBL6056699,active
CHEMBL4756020,active
CHEMBL5854622,active
CHEMBL92902,active
CHEMBL2348417,active
CHEMBL499534,active
CHEMBL327725,inactive
CHEMBL6014278,active
CHEMBL4288300,active
CHEMBL3671511,active
CHEMBL5991404,inactive
CHEMBL1630107,active
CHEMBL395591,active
CHEMBL4162882,active
CHEMBL3914159,active
CHEMBL4069003,active
CHEMBL5888021,active
CHEMBL5870511,active
CHEMBL3972168,active
CHEMBL4779681,active
CHEMBL5556531,active
CHEMBL2283253,inactive
CHEMBL3931038,active
CHEMBL4161396,active
CHEMBL6046965,active
CHEMBL6056244,active
CHEMBL6047998,active
CHEMBL5909666,active
CHEMBL5791987,active
CHEMBL5890488,active
CHEMBL3133752,active
CHEMBL3901622,active
CHEMBL2437473,inactive
CHEMBL308645,active
CHEMBL3663929,active
CHEMBL3671568,active
CHEMBL5978427,active
CHEMBL394057,active
CHEMBL1088901,active
CHEMBL591040,active
CHEMBL4468464,active
CHEMBL93461,active
CHEMBL5558098,active
CHEMBL544833,active
CHEMBL3980622,active
CHEMBL5870529,active
CHEMBL215716,active
CHEMBL251123,active
CHEMBL5962278,active
CHEMBL4062830,active
CHEMBL5941317,active
CHEMBL4441606,active
CHEMBL5172587,active
CHEMBL542729,active
CHEMBL469355,active
CHEMBL4439837,active
CHEMBL383760,active
CHEMBL5979912,active
CHEMBL5934619,active
CHEMBL5791250,active
CHEMBL5810106,active
CHEMBL5862356,active
CHEMBL4225828,active
CHEMBL4443413,active
CHEMBL5943408,active
CHEMBL5982094,active
CHEMBL5867430,active
CHEMBL6020599,active
CHEMBL5562445,active
CHEMBL461782,inactive
CHEMBL4207316,active
CHEMBL201307,active
CHEMBL4634499,active
CHEMBL5916687,active
CHEMBL4087489,inactive
CHEMBL4082724,active
CHEMBL2048907,active
CHEMBL3671477,active
CHEMBL4647073,active
CHEMBL5169900,inactive
CHEMBL3621220,active
CHEMBL5273741,active
CHEMBL5761151,active
CHEMBL5205022,active
CHEMBL4074248,active
CHEMBL5906808,active
CHEMBL62756,inactive
CHEMBL5414964,active
CHEMBL3416622,active
CHEMBL5630498,active
CHEMBL5284780,active
CHEMBL4089863,active
CHEMBL2178352,active
CHEMBL428777,active
CHEMBL3297900,active
CHEMBL4540138,active
CHEMBL6064652,active
CHEMBL5889186,active
CHEMBL1958032,inactive
CHEMBL1241300,inactive
CHEMBL5765903,active
CHEMBL308582,active
CHEMBL6001372,active
CHEMBL1683955,active
CHEMBL3939429,active
CHEMBL3929002,active
CHEMBL6050339,active
CHEMBL2337373,active
CHEMBL2087361,active
CHEMBL249509,active
CHEMBL3676381,active
CHEMBL63356,active
CHEMBL3622655,active
CHEMBL305194,active
CHEMBL3752248,active
CHEMBL1272222,active
CHEMBL4090686,active
CHEMBL5932750,active
CHEMBL5866695,active
CHEMBL4753389,active
CHEMBL1242666,active
CHEMBL589589,active
CHEMBL383030,inactive
CHEMBL5818903,active
CHEMBL2348415,active
CHEMBL4582195,active
CHEMBL4789811,active
CHEMBL1202061,active
CHEMBL5412895,active
CHEMBL5408433,active
CHEMBL3921555,active
CHEMBL5403478,active
CHEMBL6038992,active
CHEMBL3623282,active
CHEMBL599047,active
CHEMBL2029436,active
CHEMBL2333991,active
CHEMBL4072986,active
CHEMBL93173,active
CHEMBL3971939,active
CHEMBL165547,active
CHEMBL4084249,active
CHEMBL4849859,active
CHEMBL3818364,active
CHEMBL3818115,active
CHEMBL379093,active
CHEMBL5288957,active
CHEMBL5631065,active
CHEMBL2385991,active
CHEMBL4527630,active
CHEMBL5921524,active
CHEMBL434063,inactive
CHEMBL5901867,active
CHEMBL202556,active
CHEMBL2347965,active
CHEMBL3934134,active
CHEMBL5977553,active
CHEMBL5979639,active
CHEMBL4092951,active
CHEMBL345641,inactive
CHEMBL6037318,active
CHEMBL5780873,active
CHEMBL429827,active
CHEMBL3736508,active
CHEMBL590568,inactive
CHEMBL5881396,active
CHEMBL6030968,active
CHEMBL2048911,active
CHEMBL1254364,inactive
CHEMBL3759815,active
CHEMBL185853,active
CHEMBL2047248,inactive
CHEMBL1683961,active
CHEMBL3752916,active
CHEMBL398154,active
CHEMBL1204305,active
CHEMBL3894102,active
CHEMBL5203388,active
CHEMBL2031310,active
CHEMBL3671577,active
CHEMBL211003,active
CHEMBL5903629,active
CHEMBL3623283,active
CHEMBL4532034,active
CHEMBL5983063,active
CHEMBL3805775,active
CHEMBL3759356,active
CHEMBL3040597,active
CHEMBL2426278,active
CHEMBL472544,active
CHEMBL4062877,active
CHEMBL6026192,active
CHEMBL5998662,active
CHEMBL4527715,active
CHEMBL5746879,active
CHEMBL5432592,active
CHEMBL3961202,active
CHEMBL92985,active
CHEMBL5639966,active
CHEMBL1082012,active
CHEMBL2031299,active
CHEMBL5846813,active
CHEMBL56142,active
CHEMBL3775046,active
CHEMBL3943512,active
CHEMBL4557993,active
CHEMBL5873442,active
CHEMBL4082000,active
CHEMBL3233781,active
CHEMBL4794998,active
CHEMBL1242285,active
CHEMBL5965776,active
CHEMBL78700,active
CHEMBL3676387,active
CHEMBL428039,active
CHEMBL5919894,active
CHEMBL5281945,active
CHEMBL3739771,active
CHEMBL3962032,active
CHEMBL5181848,active
CHEMBL5093402,active
CHEMBL4078023,active
CHEMBL1087055,inactive
CHEMBL1683964,active
CHEMBL4578561,active
CHEMBL3234737,active
CHEMBL4208167,inactive
CHEMBL166307,active
CHEMBL3910915,active
CHEMBL5612882,inactive
CHEMBL5630624,active
CHEMBL1683975,active
CHEMBL4744207,active
CHEMBL6033304,active
CHEMBL3968784,active
CHEMBL5924448,active
CHEMBL6016272,active
CHEMBL113996,inactive
CHEMBL474431,active
CHEMBL342792,active
CHEMBL5902190,active
CHEMBL15202,active
CHEMBL4078801,active
CHEMBL3797839,inactive
CHEMBL5966530,active
CHEMBL4075015,active
CHEMBL5766959,active
CHEMBL5798489,active
CHEMBL5742539,active
CHEMBL3133912,inactive
CHEMBL5435735,active
CHEMBL5423287,active
CHEMBL5440989,active
CHEMBL1630578,inactive
CHEMBL2425092,active
CHEMBL4525935,active
CHEMBL5991165,active
CHEMBL5853497,active
CHEMBL6017480,active
CHEMBL357570,active
CHEMBL109631,active
CHEMBL5196318,active
CHEMBL6028594,active
CHEMBL2048903,active
CHEMBL5847656,active
CHEMBL5206600,active
CHEMBL4164936,active
CHEMBL5967802,active
CHEMBL3754301,active
CHEMBL327307,active
CHEMBL3922182,active
CHEMBL1946845,inactive
CHEMBL474324,active
CHEMBL295961,active
CHEMBL5077776,active
CHEMBL5994327,active
CHEMBL3674152,active
CHEMBL5865007,active
CHEMBL342828,active
CHEMBL5172573,active
CHEMBL3901943,active
CHEMBL524457,active
CHEMBL2029698,inactive
CHEMBL5184610,active
CHEMBL5741920,active
CHEMBL5192155,active
CHEMBL3085375,active
CHEMBL5898177,active
CHEMBL5803150,active
CHEMBL5591745,active
CHEMBL6036871,active
CHEMBL186580,active
CHEMBL310827,active
CHEMBL3740907,active
CHEMBL541586,active
CHEMBL5763689,active
CHEMBL6012249,active
CHEMBL5282118,active
CHEMBL5280589,active
CHEMBL3360605,active
CHEMBL6028585,active
CHEMBL5871673,active
CHEMBL6024052,active
CHEMBL6019942,active
CHEMBL501256,inactive
CHEMBL5612541,inactive
CHEMBL4062178,active
CHEMBL3344215,active
CHEMBL3344220,active
CHEMBL3344209,active
CHEMBL4104950,active
CHEMBL4277912,active
CHEMBL4474196,active
CHEMBL5798721,active
CHEMBL5935248,active
CHEMBL5751497,active
CHEMBL5898708,active
CHEMBL3917294,active
CHEMBL6054692,active
CHEMBL3671519,active
CHEMBL3612596,active
CHEMBL4476544,active
CHEMBL5178707,active
CHEMBL3357645,active
CHEMBL3357646,active
CHEMBL308593,active
CHEMBL3217993,active
CHEMBL328691,active
CHEMBL5940905,active
CHEMBL3906330,active
CHEMBL5980602,active
CHEMBL5188272,active
CHEMBL2324870,active
CHEMBL179451,active
CHEMBL3633152,active
CHEMBL5269747,active
CHEMBL4439066,active
CHEMBL5959742,active
CHEMBL1242202,active
CHEMBL3671570,active
CHEMBL5955109,active
CHEMBL128987,active
CHEMBL5949763,active
CHEMBL5864002,active
CHEMBL202360,active
CHEMBL3671529,active
CHEMBL3671506,active
CHEMBL5766528,active
CHEMBL411897,active
CHEMBL5854469,active
CHEMBL5185287,active
CHEMBL1202473,active
CHEMBL2112370,active
CHEMBL419501,active
CHEMBL2112369,active
CHEMBL1945645,inactive
CHEMBL4075530,active
CHEMBL597950,active
CHEMBL3671484,active
CHEMBL2283249,inactive
CHEMBL3671549,active
CHEMBL5856323,active
CHEMBL5420820,active
CHEMBL5976861,active
CHEMBL5583656,active
CHEMBL6030509,active
CHEMBL5748623,active
CHEMBL5945047,active
CHEMBL5857633,active
CHEMBL2064386,active
CHEMBL1645475,active
CHEMBL1714813,active
CHEMBL3806200,active
CHEMBL5968479,active
CHEMBL3633141,active
CHEMBL1448,inactive
CHEMBL5894059,active
CHEMBL5843126,active
CHEMBL5861063,active
CHEMBL3745929,inactive
CHEMBL5862301,active
CHEMBL3219504,active
CHEMBL3612592,active
CHEMBL501050,active
CHEMBL1946844,inactive
CHEMBL1928291,active
CHEMBL4458843,active
CHEMBL3416438,active
CHEMBL4098967,active
CHEMBL4556670,active
CHEMBL5593561,active
CHEMBL5794503,active
CHEMBL5269375,active
CHEMBL5741017,active
CHEMBL1645466,active
CHEMBL5176920,active
CHEMBL1271950,active
CHEMBL395883,active
CHEMBL3671516,active
CHEMBL1204360,active
CHEMBL3671512,active
CHEMBL3092309,active
CHEMBL2087357,active
CHEMBL93784,active
CHEMBL3098325,active
CHEMBL4127317,active
CHEMBL5754849,active
CHEMBL6059204,active
CHEMBL162034,active
CHEMBL5204970,active
CHEMBL77803,active
CHEMBL5773929,active
CHEMBL6052762,active
CHEMBL4214496,active
CHEMBL4213519,active
CHEMBL215171,active
CHEMBL5876618,active
CHEMBL5193247,active
CHEMBL150280,active
CHEMBL4795878,active
CHEMBL4786787,active
CHEMBL6015440,active
CHEMBL433520,active
CHEMBL3758768,active
CHEMBL5179495,active
CHEMBL3936761,active
CHEMBL3973435,active
CHEMBL6049568,active
CHEMBL4443483,active
CHEMBL5558907,active
CHEMBL4075917,active
CHEMBL5990162,active
CHEMBL1272324,active
CHEMBL7939,active
CHEMBL5631426,active
CHEMBL5208369,active
CHEMBL5571416,active
CHEMBL4113919,active
CHEMBL3234753,active
CHEMBL1947046,inactive
CHEMBL3678952,active
CHEMBL5870210,active
CHEMBL4515526,active
CHEMBL5411378,active
CHEMBL6030624,active
CHEMBL2031308,active
CHEMBL6007714,active
CHEMBL3753623,active
CHEMBL3985004,active
CHEMBL5207949,active
CHEMBL5870141,active
CHEMBL5196064,inactive
CHEMBL5885359,active
CHEMBL4084248,active
CHEMBL5203784,active
CHEMBL6002036,active
CHEMBL6011359,active
CHEMBL7699,inactive
CHEMBL598377,active
CHEMBL475594,active
CHEMBL5941741,active
CHEMBL5288582,active
CHEMBL4558324,active
CHEMBL5773851,active
CHEMBL3938794,active
CHEMBL214689,active
CHEMBL5893107,active
CHEMBL57366,active
CHEMBL4551557,active
CHEMBL1934625,active
CHEMBL31419,active
CHEMBL4549295,inactive
CHEMBL5203543,active
CHEMBL2448065,active
CHEMBL3921129,active
CHEMBL5777631,active
CHEMBL5957593,active
CHEMBL246489,active
CHEMBL3960911,active
CHEMBL2148050,active
CHEMBL4792279,active
CHEMBL3741473,active
CHEMBL572028,active
CHEMBL3983201,active
CHEMBL56802,active
CHEMBL5942609,active
CHEMBL5805206,active
CHEMBL4763697,active
CHEMBL3633932,active
CHEMBL1090350,active
CHEMBL5951245,active
CHEMBL5809880,active
CHEMBL3919447,active
CHEMBL4077064,active
CHEMBL5770582,active
CHEMBL3899216,active
CHEMBL5962327,active
CHEMBL4778894,active
CHEMBL2148047,active
CHEMBL5759524,active
CHEMBL3622674,active
CHEMBL5976416,active
CHEMBL4068839,active
CHEMBL399953,active
CHEMBL373025,active
CHEMBL5975399,active
CHEMBL3671488,active
CHEMBL5867757,active
CHEMBL6046442,active
CHEMBL3622666,active
CHEMBL4078182,active
CHEMBL5979555,active
CHEMBL5933314,active
CHEMBL3219502,active
CHEMBL3798658,inactive
CHEMBL566337,active
CHEMBL4070640,active
CHEMBL3671493,active
CHEMBL5793789,active
CHEMBL3360610,active
CHEMBL4225166,active
CHEMBL279035,inactive
CHEMBL3655336,active
CHEMBL249919,active
CHEMBL3234865,inactive
CHEMBL5742380,active
CHEMBL6003270,active
CHEMBL328704,active
CHEMBL3775148,active
CHEMBL5954592,active
CHEMBL1958030,inactive
CHEMBL3671489,active
CHEMBL5284486,active
CHEMBL4794670,active
CHEMBL6040882,active
CHEMBL3133821,active
CHEMBL2029434,active
CHEMBL3950630,active
CHEMBL5219777,active
CHEMBL324926,active
CHEMBL6060232,active
CHEMBL3353398,inactive
CHEMBL3353397,inactive
CHEMBL490987,active
CHEMBL5980340,active
CHEMBL94275,active
CHEMBL3893822,active
CHEMBL213818,active
CHEMBL442938,active
CHEMBL4557772,active
CHEMBL3963403,active
CHEMBL5568705,active
CHEMBL3671502,active
CHEMBL4082764,active
CHEMBL257411,active
CHEMBL4751768,active
CHEMBL1683952,inactive
CHEMBL5797069,active
CHEMBL5856814,active
CHEMBL5794447,active
CHEMBL3647420,active
CHEMBL3647417,active
CHEMBL207584,active
CHEMBL208292,active
CHEMBL4177348,active
CHEMBL1828881,inactive
CHEMBL4753008,active
CHEMBL6060270,active
CHEMBL5403588,active
CHEMBL4438905,active
CHEMBL5983676,active
CHEMBL3344212,active
CHEMBL514771,inactive
CHEMBL5892301,active
CHEMBL3612594,active
CHEMBL5072451,active
CHEMBL5864323,active
CHEMBL5985220,active
CHEMBL4587847,active
CHEMBL4068047,active
CHEMBL461811,active
CHEMBL4747893,active
CHEMBL5809604,active
CHEMBL5845171,active
CHEMBL1958026,inactive
CHEMBL5786240,active
CHEMBL5986263,active
CHEMBL6062319,active
CHEMBL5286014,active
CHEMBL4746377,active
CHEMBL5208679,active
CHEMBL5435941,active
CHEMBL5271106,active
CHEMBL3989868,active
CHEMBL6017760,active
CHEMBL507821,active
CHEMBL5285052,active
CHEMBL4080934,active
CHEMBL2420866,active
CHEMBL4093114,active
CHEMBL5087139,active
CHEMBL3975710,active
CHEMBL154080,inactive
CHEMBL5928387,active
CHEMBL4445265,active
CHEMBL5567814,active
CHEMBL5946968,active
CHEMBL3219506,active
CHEMBL3218000,active
CHEMBL5563369,active
CHEMBL2148051,active
CHEMBL5885084,active
CHEMBL497184,active
CHEMBL4092990,active
CHEMBL4091991,active
CHEMBL5271803,active
CHEMBL5633094,active
CHEMBL352954,active
CHEMBL4744985,active
CHEMBL3671485,active
CHEMBL3297897,active
CHEMBL52076,active
CHEMBL209343,active
CHEMBL5563885,active
CHEMBL5915322,active
CHEMBL5746876,active
CHEMBL5790882,active
CHEMBL5556281,active
CHEMBL4515673,active
CHEMBL5950205,active
CHEMBL6043073,active
CHEMBL207718,active
CHEMBL6061692,active
CHEMBL245278,active
CHEMBL397122,active
CHEMBL1643971,active
CHEMBL5892389,active
CHEMBL6050403,active
CHEMBL5430401,active
CHEMBL5290503,active
CHEMBL328955,active
CHEMBL2048796,active
CHEMBL4455321,inactive
CHEMBL5203385,active
CHEMBL500115,active
CHEMBL4089120,active
CHEMBL1830267,inactive
CHEMBL3676360,active
CHEMBL5182741,active
CHEMBL3699593,active
CHEMBL5887123,active
CHEMBL92936,active
CHEMBL4098412,active
CHEMBL5758720,active
CHEMBL4863088,active
CHEMBL3218346,active
CHEMBL3353399,inactive
CHEMBL5740635,active
CHEMBL5969872,active
CHEMBL401054,active
CHEMBL3758739,active
CHEMBL2283252,inactive
CHEMBL3759199,active
CHEMBL5398953,active
CHEMBL6062602,active
CHEMBL1080272,inactive
CHEMBL5985406,active
CHEMBL325589,active
CHEMBL5272088,active
CHEMBL5291034,active
CHEMBL186080,active
CHEMBL2437484,inactive
CHEMBL495734,active
CHEMBL3977022,active
CHEMBL3931223,active
CHEMBL77342,active
CHEMBL5192572,active
CHEMBL5902796,active
CHEMBL5967218,active
CHEMBL2437487,active
CHEMBL448929,active
CHEMBL117326,active
CHEMBL250523,active
CHEMBL1254199,inactive
CHEMBL6019832,active
CHEMBL3960167,active
CHEMBL1173023,inactive
CHEMBL4103370,active
CHEMBL4452628,active
CHEMBL574058,active
CHEMBL4443828,active
CHEMBL5828049,active
CHEMBL5436784,active
CHEMBL5418665,active
CHEMBL6025269,active
CHEMBL3933895,active
CHEMBL6035726,active
CHEMBL3818535,active
CHEMBL242131,active
CHEMBL355191,active
CHEMBL3909438,active
CHEMBL3290148,active
CHEMBL5405737,active
CHEMBL3655339,active
CHEMBL1821870,active
CHEMBL4527702,active
CHEMBL206782,active
CHEMBL589847,inactive
CHEMBL338935,active
CHEMBL3671480,active
CHEMBL3699598,active
CHEMBL5872048,active
CHEMBL5208907,active
CHEMBL5913601,active
CHEMBL597773,active
CHEMBL4097682,active
CHEMBL492399,active
CHEMBL5932188,active
CHEMBL263788,active
CHEMBL4799276,active
CHEMBL2347970,active
CHEMBL5631151,active
CHEMBL5594833,active
CHEMBL598610,active
CHEMBL212201,active
CHEMBL5203220,active
CHEMBL6027214,active
CHEMBL5841441,active
CHEMBL3764312,active
CHEMBL2426277,active
CHEMBL4097627,active
CHEMBL54400,active
CHEMBL604042,active
CHEMBL3671498,active
CHEMBL5193609,active
CHEMBL5949541,active
CHEMBL5981483,active
CHEMBL4787816,active
CHEMBL3671566,active
CHEMBL460731,active
CHEMBL6033285,active
CHEMBL5942345,active
CHEMBL1242384,active
CHEMBL5284255,active
CHEMBL5809188,active
CHEMBL3436354,active
CHEMBL6047250,inactive
CHEMBL1914660,active
CHEMBL2312649,inactive
CHEMBL4758204,active
CHEMBL1821886,inactive
CHEMBL5741053,active
CHEMBL4277911,active
CHEMBL3759359,active
CHEMBL5270270,active
CHEMBL256527,active
CHEMBL5085807,active
CHEMBL5875860,active
CHEMBL247915,active
CHEMBL2283245,inactive
CHEMBL4072392,active
CHEMBL593274,active
CHEMBL127086,active
CHEMBL355322,active
CHEMBL5564226,active
CHEMBL3753532,active
CHEMBL4758761,active
CHEMBL3647967,active
CHEMBL3912266,active
CHEMBL6029580,active
CHEMBL595406,active
CHEMBL135861,inactive
CHEMBL205652,active
CHEMBL163188,active
CHEMBL5809744,active
CHEMBL94109,active
CHEMBL1241948,inactive
CHEMBL4451619,active
CHEMBL5287550,active
CHEMBL4519860,active
CHEMBL479800,active
CHEMBL4449681,active
CHEMBL5804118,active
CHEMBL5909563,active
CHEMBL3921664,active
CHEMBL5202945,active
CHEMBL14699,active
CHEMBL3633933,active
CHEMBL5178180,active
CHEMBL5632548,active
CHEMBL1630108,active
CHEMBL4558356,active
CHEMBL2437475,inactive
CHEMBL311129,active
CHEMBL5835574,active
CHEMBL241918,active
CHEMBL6006366,active
CHEMBL4578487,active
CHEMBL4463634,active
CHEMBL3671486,active
CHEMBL5177378,active
CHEMBL5740592,active
CHEMBL5832671,active
CHEMBL497804,active
CHEMBL290096,active
CHEMBL3355881,active
CHEMBL3234757,active
CHEMBL5179023,active
CHEMBL5854211,active
CHEMBL1784637,active
CHEMBL5186969,active
CHEMBL3040455,active
CHEMBL5542205,active
CHEMBL2048909,active
CHEMBL75177,active
CHEMBL1257912,active
CHEMBL2348419,active
CHEMBL5087793,active
CHEMBL286160,active
CHEMBL3344219,active
CHEMBL5883660,active
CHEMBL5872606,active
CHEMBL5782254,active
CHEMBL6054621,active
CHEMBL5433431,active
CHEMBL6062292,active
CHEMBL4764993,active
CHEMBL319244,active
CHEMBL5929000,active
CHEMBL5823172,active
CHEMBL4558227,active
CHEMBL2048789,active
CHEMBL181742,active
CHEMBL5283553,active
CHEMBL4641096,active
CHEMBL55794,active
CHEMBL126137,active
CHEMBL69358,active
CHEMBL6044251,active
CHEMBL194349,active
CHEMBL5087815,active
CHEMBL4645434,active
CHEMBL5757940,active
CHEMBL6015820,active
CHEMBL5998298,active
CHEMBL3699615,active
CHEMBL5892454,active
CHEMBL3805461,active
CHEMBL3980550,active
CHEMBL3893004,active
CHEMBL3889694,active
CHEMBL5201532,active
CHEMBL5864179,active
CHEMBL5201543,active
CHEMBL5271151,active
CHEMBL1914653,active
CHEMBL5814409,active
CHEMBL5836093,active
CHEMBL1203940,active
CHEMBL5284387,active
CHEMBL40130,active
CHEMBL5899620,active
CHEMBL5907594,active
CHEMBL56543,active
CHEMBL4526992,active
CHEMBL79215,active
CHEMBL5833583,active
CHEMBL5747706,active
CHEMBL5948101,active
CHEMBL5761010,active
CHEMBL3914599,active
CHEMBL4752951,active
CHEMBL3805949,active
CHEMBL5796275,active
CHEMBL202621,active
CHEMBL5875975,active
CHEMBL402113,active
CHEMBL1914674,active
CHEMBL4877054,active
CHEMBL355269,active
CHEMBL5918479,active
CHEMBL3883534,active
CHEMBL5893452,active
CHEMBL5758784,active
CHEMBL3759459,active
CHEMBL4276744,active
CHEMBL246072,active
CHEMBL202411,active
CHEMBL2348414,active
CHEMBL516979,active
CHEMBL5948939,active
CHEMBL4205392,active
CHEMBL3760071,active
CHEMBL5891465,active
CHEMBL4288374,active
CHEMBL3416635,active
CHEMBL5201387,active
CHEMBL3221561,active
CHEMBL5439652,active
CHEMBL5779745,active
CHEMBL5174232,active
CHEMBL51853,active
CHEMBL168550,active
CHEMBL91428,active
CHEMBL3622654,active
CHEMBL5968820,active
CHEMBL4779711,active
CHEMBL4065503,active
CHEMBL5897496,active
CHEMBL1683970,active
CHEMBL5985881,active
CHEMBL5822224,active
CHEMBL571040,active
CHEMBL5401094,active
CHEMBL1379917,active
CHEMBL4229010,active
CHEMBL1241943,inactive
CHEMBL5204650,active
CHEMBL5976731,active
CHEMBL4104515,active
CHEMBL4448424,inactive
CHEMBL193681,active
CHEMBL4226177,active
CHEMBL3416441,active
CHEMBL434827,active
CHEMBL5436545,active
CHEMBL5825975,active
CHEMBL5953300,active
CHEMBL399371,active
CHEMBL5923831,active
CHEMBL6012396,active
CHEMBL592224,inactive
CHEMBL6014342,active
CHEMBL3676341,active
CHEMBL358092,inactive
CHEMBL4571687,active
CHEMBL5811891,active
CHEMBL5280082,active
CHEMBL6018368,active
CHEMBL5174109,active
CHEMBL5631574,active
CHEMBL1830266,inactive
CHEMBL1241391,inactive
CHEMBL5951869,active
CHEMBL5781806,active
CHEMBL6031216,active
CHEMBL52882,active
CHEMBL1092382,active
CHEMBL2087359,active
CHEMBL6047881,active
CHEMBL4441392,active
CHEMBL5824131,active
CHEMBL524820,inactive
CHEMBL2385990,active
CHEMBL5432280,active
CHEMBL2448064,active
CHEMBL4107818,active
CHEMBL3898690,active
CHEMBL4102942,inactive
CHEMBL5566816,active
CHEMBL5799859,active
CHEMBL1241677,inactive
CHEMBL288441,active
CHEMBL4093766,active
CHEMBL4073062,active
CHEMBL5776801,active
CHEMBL5209100,active
CHEMBL3970330,active
CHEMBL1944926,inactive
CHEMBL3676385,active
CHEMBL2029430,active
CHEMBL93049,active
CHEMBL5420945,active
CHEMBL596736,active
CHEMBL4463766,active
CHEMBL4292351,active
CHEMBL3676368,active
CHEMBL4434788,active
CHEMBL5618455,active
CHEMBL4563980,active
CHEMBL1241676,active
CHEMBL5181437,active
CHEMBL3967836,active
CHEMBL5951162,active
CHEMBL4569552,active
CHEMBL4550702,inactive
CHEMBL392774,active
CHEMBL428046,active
CHEMBL246284,active
CHEMBL65250,active
CHEMBL5810815,active
CHEMBL5901017,active
CHEMBL5188250,active
CHEMBL5569244,active
CHEMBL1172418,inactive
CHEMBL589560,active
CHEMBL5434067,active
CHEMBL210659,active
CHEMBL600381,active
CHEMBL300791,active
CHEMBL3758351,active
CHEMBL4279227,active
CHEMBL3775459,active
CHEMBL2437482,active
CHEMBL351629,active
CHEMBL5082394,active
CHEMBL172514,active
CHEMBL93783,active
CHEMBL1914668,active
CHEMBL94019,active
CHEMBL6049512,active
CHEMBL5743835,active
CHEMBL5982687,active
CHEMBL2316152,inactive
CHEMBL3927293,active
CHEMBL5810642,active
CHEMBL3218001,active
CHEMBL3622668,active
CHEMBL5844856,active
CHEMBL138363,active
CHEMBL5871921,active
CHEMBL5838641,active
CHEMBL4847730,inactive
CHEMBL3604941,active
CHEMBL3639752,active
CHEMBL2325092,active
CHEMBL3671540,active
CHEMBL5805459,active
CHEMBL591706,inactive
CHEMBL1242756,inactive
CHEMBL3798501,active
CHEMBL418909,active
CHEMBL3601223,active
CHEMBL3938358,active
CHEMBL1088931,active
CHEMBL6052248,active
CHEMBL5429263,inactive
CHEMBL3233787,active
CHEMBL4577883,active
CHEMBL4443188,active
CHEMBL538909,active
CHEMBL5288249,active
CHEMBL4871569,active
CHEMBL24828,active
CHEMBL3678948,active
CHEMBL139044,active
CHEMBL505705,active
CHEMBL31373,active
CHEMBL5177306,active
CHEMBL5272206,active
CHEMBL5435372,active
CHEMBL3344210,active
CHEMBL3671475,active
CHEMBL3671476,active
CHEMBL4744138,active
CHEMBL1812572,active
CHEMBL3828092,active
CHEMBL4096329,inactive
CHEMBL3957055,active
CHEMBL5939530,active
CHEMBL345077,active
CHEMBL4097770,active
CHEMBL593860,active
CHEMBL5920416,active
CHEMBL5921815,active
CHEMBL3898077,active
CHEMBL3671505,active
CHEMBL76985,inactive
CHEMBL5790724,active
CHEMBL250318,active
CHEMBL4103757,active
CHEMBL5773640,active
CHEMBL3954273,active
CHEMBL5440481,active
CHEMBL4227490,active
CHEMBL5780659,active
CHEMBL4227552,active
CHEMBL53637,active
CHEMBL5780871,active
CHEMBL3234742,active
CHEMBL5566405,active
CHEMBL3774451,active
CHEMBL348146,inactive
CHEMBL4073912,active
CHEMBL431977,active
CHEMBL4789027,active
CHEMBL3219132,active
CHEMBL1173655,active
CHEMBL2347958,active
CHEMBL3344213,active
CHEMBL52913,active
CHEMBL5630714,active
CHEMBL4067871,active
CHEMBL5960910,active
CHEMBL5589692,active
CHEMBL194958,active
CHEMBL55979,active
CHEMBL3416633,active
CHEMBL251498,active
CHEMBL309937,inactive
CHEMBL3759369,active
CHEMBL5784892,active
CHEMBL380669,active
CHEMBL5745601,active
CHEMBL1241772,inactive
CHEMBL5828371,active
CHEMBL5176588,active
CHEMBL5813164,active
CHEMBL4643903,active
CHEMBL3671520,active
CHEMBL5987128,active
CHEMBL5430683,active
CHEMBL5821130,active
CHEMBL3357639,active
CHEMBL3357640,active
CHEMBL5559947,active
CHEMBL4129781,active
CHEMBL20926,inactive
CHEMBL5562728,inactive
CHEMBL4297865,active
CHEMBL6041702,active
CHEMBL5780712,active
CHEMBL1234815,active
CHEMBL5271568,active
CHEMBL5197545,active
CHEMBL201840,inactive
CHEMBL5967623,active
CHEMBL3975990,active
CHEMBL5205583,active
CHEMBL4471464,inactive
CHEMBL6060697,active
CHEMBL4743173,active
CHEMBL80030,active
CHEMBL1928947,active
CHEMBL3944095,active
CHEMBL597365,active
CHEMBL3436355,active
CHEMBL5971875,active
CHEMBL5918098,active
CHEMBL5828618,active
CHEMBL5917246,active
CHEMBL5942555,active
CHEMBL3676366,active
CHEMBL3425664,active
CHEMBL72322,active
CHEMBL5187021,active
CHEMBL194389,active
CHEMBL5430547,active
CHEMBL6039255,active
CHEMBL5759154,active
CHEMBL3699594,active
CHEMBL333038,active
CHEMBL544865,active
CHEMBL2070048,active
CHEMBL4559217,active
CHEMBL3978740,active
CHEMBL3219507,active
CHEMBL2105712,active
CHEMBL5973924,active
CHEMBL5188940,active
CHEMBL4078914,active
CHEMBL572031,active
CHEMBL5964531,active
CHEMBL4456359,active
CHEMBL453502,active
CHEMBL5771960,active
CHEMBL4090601,active
CHEMBL5203640,active
CHEMBL4456266,active
CHEMBL6023899,active
CHEMBL5924696,active
CHEMBL6046827,active
CHEMBL5810421,inactive
CHEMBL3798128,active
CHEMBL4583545,active
CHEMBL408683,active
CHEMBL4744973,active
CHEMBL4752022,active
CHEMBL1090359,active
CHEMBL5188857,active
CHEMBL5966417,active
CHEMBL5199399,active
CHEMBL5818806,active
CHEMBL5890241,active
CHEMBL1090352,active
CHEMBL1242844,inactive
CHEMBL5279491,active
CHEMBL2148052,active
CHEMBL4089892,active
CHEMBL81712,active
CHEMBL1242471,inactive
CHEMBL3963723,active
CHEMBL5762944,active
CHEMBL1242574,active
CHEMBL5979481,active
CHEMBL2337362,inactive
CHEMBL4790568,active
CHEMBL5772398,active
CHEMBL3913778,active
CHEMBL3676388,active
CHEMBL4642574,active
CHEMBL4646030,active
CHEMBL4250191,active
CHEMBL451513,active
CHEMBL137534,active
CHEMBL592466,active
CHEMBL255170,active
CHEMBL4097216,active
CHEMBL2103842,active
CHEMBL5087994,active
CHEMBL5922838,active
CHEMBL5928141,active
CHEMBL5418539,active
CHEMBL4792673,active
CHEMBL247101,active
CHEMBL5798780,active
CHEMBL4763960,active
CHEMBL2335016,inactive
CHEMBL5911677,active
CHEMBL4746895,active
CHEMBL5935788,active
CHEMBL5435463,active
CHEMBL6048989,active
CHEMBL3940060,active
CHEMBL4229266,active
CHEMBL1821875,active
CHEMBL4782320,active
CHEMBL4083904,active
CHEMBL86531,inactive
CHEMBL5279794,active
CHEMBL2381504,active
CHEMBL1947121,active
CHEMBL5817477,active
CHEMBL458997,active
CHEMBL3932286,active
CHEMBL3397276,active
CHEMBL205776,active
CHEMBL5831945,active
CHEMBL304971,active
CHEMBL5180965,active
CHEMBL307209,active
CHEMBL4068092,active
CHEMBL5267338,active
CHEMBL381080,active
CHEMBL4089279,active
CHEMBL3237937,active
CHEMBL4548960,active
CHEMBL5170519,active
CHEMBL4592472,active
CHEMBL5789996,active
CHEMBL5952457,active
CHEMBL4445843,inactive
CHEMBL214857,active
CHEMBL6002110,active
CHEMBL357097,active
CHEMBL1945445,inactive
CHEMBL1828874,inactive
CHEMBL4166038,active
CHEMBL5979907,active
CHEMBL94066,active
CHEMBL4856453,active
CHEMBL5438643,active
CHEMBL4065288,active
CHEMBL5904771,active
CHEMBL3676349,active
CHEMBL3758868,active
CHEMBL5274133,active
CHEMBL402293,active
CHEMBL5542997,active
CHEMBL2347967,active
CHEMBL3740144,active
CHEMBL53375,active
CHEMBL5432141,active
CHEMBL3741399,active
CHEMBL3965087,active
CHEMBL2064396,inactive
CHEMBL416611,active
CHEMBL4531912,active
CHEMBL5970897,active
CHEMBL275762,active
CHEMBL5560320,active
CHEMBL5825791,active
CHEMBL4644209,inactive
CHEMBL1944930,inactive
CHEMBL4276965,active
CHEMBL5786132,active
CHEMBL5964497,active
CHEMBL4448712,active
CHEMBL153739,active
CHEMBL3945555,active
CHEMBL4129646,active
CHEMBL6006961,active
CHEMBL324371,inactive
CHEMBL5903081,active
CHEMBL92824,active
CHEMBL5284397,active
CHEMBL5976386,active
CHEMBL214631,active
CHEMBL566350,active
CHEMBL4760328,active
CHEMBL5762343,active
CHEMBL6011854,active
CHEMBL5753590,active
CHEMBL4547332,active
CHEMBL5752981,active
CHEMBL3759190,active
CHEMBL5639303,active
CHEMBL5893059,active
CHEMBL3819553,active
CHEMBL3623280,active
CHEMBL3353400,inactive
CHEMBL4520286,active
CHEMBL5959081,active
CHEMBL570709,active
CHEMBL3893416,active
CHEMBL25425,active
CHEMBL5280584,active
CHEMBL2403108,active
CHEMBL4749862,active
CHEMBL5196254,active
CHEMBL5206715,active
CHEMBL333418,active
CHEMBL2064393,active
CHEMBL511839,active
CHEMBL5909282,active
CHEMBL206955,active
CHEMBL382638,active
CHEMBL4791953,active
CHEMBL5806557,active
CHEMBL4786776,active
CHEMBL5835722,active
CHEMBL2426280,active
CHEMBL59099,inactive
CHEMBL2148045,active
CHEMBL5902827,active
CHEMBL6009791,active
CHEMBL5852943,active
CHEMBL5793602,active
CHEMBL4072769,active
CHEMBL5846022,active
CHEMBL2336358,inactive
CHEMBL4516586,active
CHEMBL3678953,active
CHEMBL5991347,active
CHEMBL4067255,active
CHEMBL340700,active
CHEMBL3676393,active
CHEMBL4443062,active
CHEMBL281543,active
CHEMBL5275486,active
CHEMBL6063486,active
CHEMBL5885285,active
CHEMBL5558572,inactive
CHEMBL203599,active
CHEMBL172652,active
CHEMBL399438,active
CHEMBL3663932,active
CHEMBL3663931,active
CHEMBL5291010,active
CHEMBL5820008,active
CHEMBL3347488,active
CHEMBL168285,active
CHEMBL5270000,active
CHEMBL3951754,active
CHEMBL3752204,active
CHEMBL5870730,active
CHEMBL2437463,active
CHEMBL5203176,active
CHEMBL5188960,active
CHEMBL3403514,active
CHEMBL5566277,active
CHEMBL2337363,inactive
CHEMBL5933251,active
CHEMBL5855803,active
CHEMBL3633143,active
CHEMBL4089601,active
CHEMBL5171983,active
CHEMBL5185922,active
CHEMBL5829626,active
CHEMBL91009,active
CHEMBL4286871,active
CHEMBL481324,active
CHEMBL5962801,active
CHEMBL4092632,active
CHEMBL5920911,active
CHEMBL5946842,active
CHEMBL5891982,active
CHEMBL5631782,active
CHEMBL3622637,active
CHEMBL5196495,active
CHEMBL5568516,active
CHEMBL3355886,active
CHEMBL2180203,active
CHEMBL4291935,active
CHEMBL3416612,active
CHEMBL4858176,inactive
CHEMBL329867,active
CHEMBL1929312,inactive
CHEMBL4747958,active
CHEMBL1173251,inactive
CHEMBL5902375,active
CHEMBL5886177,active
CHEMBL3896615,active
CHEMBL3805283,active
CHEMBL5885757,active
CHEMBL3922068,active
CHEMBL5613341,active
CHEMBL4207951,active
CHEMBL4460320,active
CHEMBL5086054,active
CHEMBL246492,active
CHEMBL470391,active
CHEMBL6013534,active
CHEMBL5873371,active
CHEMBL5397490,active
CHEMBL401713,active
CHEMBL4435619,active
CHEMBL5910757,active
CHEMBL2064388,inactive
CHEMBL4434924,active
CHEMBL5268062,active
CHEMBL516487,active
CHEMBL4095623,inactive
CHEMBL4780903,active
CHEMBL1241680,inactive
CHEMBL498249,inactive
CHEMBL4795888,active
CHEMBL5195669,active
CHEMBL591038,active
CHEMBL6056251,active
CHEMBL5176561,active
CHEMBL104,inactive
CHEMBL5824811,active
CHEMBL3671527,active
CHEMBL5192318,active
CHEMBL165495,active
CHEMBL247512,active
CHEMBL4285217,active
CHEMBL4125772,active
CHEMBL354310,active
CHEMBL3098326,inactive
CHEMBL2064403,active
CHEMBL1821869,active
CHEMBL5191510,active
CHEMBL5940286,active
CHEMBL301018,active
CHEMBL4225571,active
CHEMBL4453429,active
CHEMBL5207083,active
CHEMBL4869409,active
CHEMBL3735952,active
CHEMBL5595344,active
CHEMBL5933567,active
CHEMBL3774712,active
CHEMBL3901296,active
CHEMBL3895468,active
CHEMBL5864399,active
CHEMBL5179952,active
CHEMBL5825514,active
CHEMBL5995787,active
CHEMBL5947228,active
CHEMBL1830274,active
CHEMBL2283258,inactive
CHEMBL605976,active
CHEMBL3040543,active
CHEMBL5182231,active
CHEMBL4079183,active
CHEMBL3943438,active
CHEMBL225929,active
CHEMBL4082783,active
CHEMBL5994880,inactive
CHEMBL6061137,active
CHEMBL6022090,active
CHEMBL3921816,active
CHEMBL2381515,active
CHEMBL5796361,active
CHEMBL96780,active
CHEMBL6054187,active
CHEMBL3221560,active
CHEMBL2032380,active
CHEMBL197640,active
CHEMBL5086066,active
CHEMBL5964757,active
CHEMBL438805,active
CHEMBL5871812,active
CHEMBL4072299,active
CHEMBL3416600,active
CHEMBL3416602,active
CHEMBL1090355,active
CHEMBL5763517,active
CHEMBL2333163,active
CHEMBL6034137,active
CHEMBL6029813,active
CHEMBL5195167,active
CHEMBL309598,inactive
CHEMBL5398817,active
CHEMBL6051697,active
CHEMBL5834058,active
CHEMBL4448162,active
CHEMBL4099377,active
CHEMBL5892565,active
CHEMBL3699608,active
CHEMBL3678954,active
CHEMBL2087356,active
CHEMBL5271718,active
CHEMBL246687,active
CHEMBL393848,active
CHEMBL5778617,active
CHEMBL4225777,active
CHEMBL391387,active
CHEMBL5189114,active
CHEMBL4088200,active
CHEMBL76904,inactive
CHEMBL412367,active
CHEMBL312818,active
CHEMBL269620,active
CHEMBL469997,active
CHEMBL5412108,active
CHEMBL248044,active
CHEMBL5567680,inactive
CHEMBL7819,active
CHEMBL6006898,active
CHEMBL2087352,active
CHEMBL5809706,active
CHEMBL53796,active
CHEMBL1173191,inactive
CHEMBL53940,active
CHEMBL5786389,active
CHEMBL452980,active
CHEMBL120719,inactive
CHEMBL425601,active
CHEMBL591053,inactive
CHEMBL6005198,active
CHEMBL5770747,active
CHEMBL5612077,inactive
CHEMBL5931174,active
CHEMBL1944924,inactive
CHEMBL3416620,active
CHEMBL5562495,active
CHEMBL2216827,active
CHEMBL5920414,active
CHEMBL5078816,active
CHEMBL1645469,active
CHEMBL6028869,active
CHEMBL4874550,active
CHEMBL5624545,active
CHEMBL5887780,active
CHEMBL5905270,active
CHEMBL5936173,active
CHEMBL251700,active
CHEMBL3735648,active
CHEMBL459729,inactive
CHEMBL344486,active
CHEMBL5990005,active
CHEMBL5876257,active
CHEMBL5287505,active
CHEMBL3671538,active
CHEMBL5747033,active
CHEMBL3979366,active
CHEMBL247513,active
CHEMBL3098312,inactive
CHEMBL5759938,active
CHEMBL5834938,active
CHEMBL213007,active
CHEMBL553137,active
CHEMBL3622669,active
CHEMBL5419099,active
CHEMBL5427561,active
CHEMBL5274187,active
CHEMBL60826,active
CHEMBL6012697,active
CHEMBL3234736,active
CHEMBL4441921,active
CHEMBL5977247,active
CHEMBL3945072,active
CHEMBL5397642,active
CHEMBL4078026,active
CHEMBL480349,active
CHEMBL5199354,active
CHEMBL3814956,active
CHEMBL3676365,active
CHEMBL3912723,active
CHEMBL5712062,active
CHEMBL5819277,active
CHEMBL5970630,active
CHEMBL5751617,active
CHEMBL308672,active
CHEMBL5175316,active
CHEMBL5840456,active
CHEMBL6031205,active
CHEMBL6060469,active
CHEMBL3263963,active
CHEMBL4570333,active
CHEMBL311959,inactive
CHEMBL1946926,active
CHEMBL594790,inactive
CHEMBL5834209,active
CHEMBL5749360,active
CHEMBL3952877,active
CHEMBL1821883,inactive
CHEMBL5841112,active
CHEMBL5762347,active
CHEMBL5872035,active
CHEMBL3940909,active
CHEMBL3671479,active
CHEMBL407534,active
CHEMBL6048868,active
CHEMBL6023158,active
CHEMBL2031303,active
CHEMBL5896750,active
CHEMBL5808700,active
CHEMBL5916856,active
CHEMBL5798664,active
CHEMBL2178350,active
CHEMBL98,active
CHEMBL523573,active
CHEMBL4095447,active
CHEMBL4279057,active
CHEMBL53552,active
CHEMBL5807574,active
CHEMBL3237945,active
CHEMBL5288276,active
CHEMBL597096,active
CHEMBL4251297,inactive
CHEMBL2337366,inactive
CHEMBL5288888,active
CHEMBL3800597,active
CHEMBL597948,active
CHEMBL3736183,active
CHEMBL4062722,active
CHEMBL166358,active
CHEMBL5779576,active
CHEMBL5812367,active
CHEMBL5817731,active
CHEMBL3403510,active
CHEMBL3678951,active
CHEMBL5281903,active
CHEMBL3985086,active
CHEMBL5199169,active
CHEMBL132466,inactive
CHEMBL3622634,active
CHEMBL5420051,active
CHEMBL5888462,active
CHEMBL6039752,active
CHEMBL4127897,active
CHEMBL4125840,active
CHEMBL1830276,active
CHEMBL5903227,active
CHEMBL56266,active
CHEMBL3758471,active
CHEMBL4103194,active
CHEMBL4450824,active
CHEMBL289787,active
CHEMBL1916951,inactive
CHEMBL4286374,active
CHEMBL5922274,active
CHEMBL3805588,active
CHEMBL1254363,inactive
CHEMBL5870984,active
CHEMBL98248,active
CHEMBL127058,active
CHEMBL2325095,active
CHEMBL5838821,active
CHEMBL6024685,active
CHEMBL1914664,active
CHEMBL3758585,active
CHEMBL2322330,active
CHEMBL4553685,active
CHEMBL540068,active
CHEMBL248108,active
CHEMBL255236,active
CHEMBL1242031,inactive
CHEMBL2031301,active
CHEMBL3233785,active
CHEMBL3765815,active
CHEMBL5218754,active
CHEMBL4865792,active
CHEMBL5960825,active
CHEMBL5439126,active
CHEMBL5632112,inactive
CHEMBL5206400,active
CHEMBL552634,active
CHEMBL5876947,active
CHEMBL1914461,active
CHEMBL431996,inactive
CHEMBL5975928,active
CHEMBL4129209,active
CHEMBL4129287,active
CHEMBL5277940,active
CHEMBL5838668,active
CHEMBL3740105,active
CHEMBL6057405,active
CHEMBL4206193,active
CHEMBL3608431,active
CHEMBL6040863,active
CHEMBL158119,inactive
CHEMBL5745490,active
CHEMBL5965945,active
CHEMBL3900264,active
CHEMBL4520064,active
CHEMBL294395,active
CHEMBL504117,active
CHEMBL1172419,inactive
CHEMBL93537,active
CHEMBL5805552,active
CHEMBL4438856,active
CHEMBL3219133,active
CHEMBL5841647,active
CHEMBL5994959,active
CHEMBL5966767,active
CHEMBL5967745,active
CHEMBL5753875,active
CHEMBL5950889,active
CHEMBL127367,active
CHEMBL5805901,active
CHEMBL327838,active
CHEMBL1242115,active
CHEMBL5288264,active
CHEMBL5401490,active
CHEMBL2047253,inactive
CHEMBL5997917,active
CHEMBL5287295,active
CHEMBL5632632,active
CHEMBL5433585,active
CHEMBL2031305,active
CHEMBL196438,active
CHEMBL3806248,active
CHEMBL5631902,active
CHEMBL5784655,active
CHEMBL1934630,active
CHEMBL4102288,active
CHEMBL592139,inactive
CHEMBL5612851,active
CHEMBL4868614,active
CHEMBL2426282,active
CHEMBL6022124,active
CHEMBL3699583,active
CHEMBL1173680,inactive
CHEMBL535,active
CHEMBL5840868,active
CHEMBL5783822,active
CHEMBL5814794,active
CHEMBL4864983,active
CHEMBL1914670,active
CHEMBL6009556,active
CHEMBL3971413,active
CHEMBL5785458,active
CHEMBL5839813,active
CHEMBL5190121,active
CHEMBL3699589,active
CHEMBL3752404,active
CHEMBL3671555,active
CHEMBL204420,active
CHEMBL4161938,active
CHEMBL5828230,active
CHEMBL488101,inactive
CHEMBL3814320,active
CHEMBL2334001,active
CHEMBL132348,active
CHEMBL3416636,active
CHEMBL5284972,active
CHEMBL5834572,active
CHEMBL517907,active
CHEMBL5220645,active
CHEMBL1092250,active
CHEMBL593275,active
CHEMBL298637,active
CHEMBL4279016,active
CHEMBL5083645,active
CHEMBL3633146,active
CHEMBL1097190,inactive
CHEMBL5427952,active
CHEMBL2018752,active
CHEMBL3114689,active
CHEMBL5612021,active
CHEMBL3758502,active
CHEMBL3775911,active
CHEMBL555797,active
CHEMBL5094288,active
CHEMBL5947857,active
CHEMBL4215080,active
CHEMBL154822,inactive
CHEMBL5873547,active
CHEMBL5927848,active
CHEMBL5940711,active
CHEMBL92174,active
CHEMBL114073,inactive
CHEMBL1243255,active
CHEMBL5428404,active
CHEMBL5945119,active
CHEMBL5988997,active
CHEMBL5973804,active
CHEMBL3699613,active
CHEMBL25610,active
CHEMBL5826359,active
CHEMBL3586175,inactive
CHEMBL281990,active
CHEMBL5755118,active
CHEMBL4469900,active
CHEMBL6007318,active
CHEMBL5761989,active
CHEMBL5838142,active
CHEMBL3087202,active
CHEMBL3907533,active
CHEMBL4440012,active
CHEMBL4282506,active
CHEMBL5179214,active
CHEMBL5828176,active
CHEMBL126623,active
CHEMBL5891063,active
CHEMBL4790553,active
CHEMBL6013487,active
CHEMBL6049383,active
CHEMBL4743464,active
CHEMBL5189340,active
CHEMBL6028598,active
CHEMBL3984008,active
CHEMBL333082,active
CHEMBL4875985,active
CHEMBL5532212,inactive
CHEMBL6013184,active
CHEMBL4857477,active
CHEMBL3612561,active
CHEMBL2325091,active
CHEMBL348116,inactive
CHEMBL3040910,active
CHEMBL3622628,active
CHEMBL3622648,active
CHEMBL4759112,active
CHEMBL5903083,active
CHEMBL3974626,active
CHEMBL381604,active
CHEMBL5874088,active
CHEMBL4060383,inactive
CHEMBL4854693,active
CHEMBL5988665,active
CHEMBL6013504,active
CHEMBL5923851,active
CHEMBL5751543,active
CHEMBL5753585,active
CHEMBL1910268,inactive
CHEMBL4750608,active
CHEMBL3678958,active
CHEMBL5882559,active
CHEMBL3805509,active
CHEMBL4286241,active
CHEMBL6007080,active
CHEMBL5766497,active
CHEMBL1272276,active
CHEMBL5428368,active
CHEMBL4519408,active
CHEMBL2335018,inactive
CHEMBL3671542,active
CHEMBL6048351,active
CHEMBL5771755,active
CHEMBL5284115,active
CHEMBL5208454,active
CHEMBL5206902,active
CHEMBL3805238,active
CHEMBL5776043,active
CHEMBL1951415,active
CHEMBL4071827,active
CHEMBL5983026,active
CHEMBL5618083,active
CHEMBL5269307,active
CHEMBL6024312,active
CHEMBL4533337,active
CHEMBL4758842,active
CHEMBL6055537,active
CHEMBL5882138,active
CHEMBL3353396,inactive
CHEMBL248114,active
CHEMBL188762,active
CHEMBL475584,active
CHEMBL4535881,active
CHEMBL31656,active
CHEMBL6008734,active
CHEMBL92937,active
CHEMBL3746564,inactive
CHEMBL473436,active
CHEMBL69071,active
CHEMBL5820578,active
CHEMBL4759127,active
CHEMBL326596,active
CHEMBL5190294,active
CHEMBL4294743,active
CHEMBL6020779,active
CHEMBL5569696,active
CHEMBL3815045,active
CHEMBL5744664,active
CHEMBL607707,active
CHEMBL3815074,active
CHEMBL5195321,active
CHEMBL5591885,active
CHEMBL2385976,active
CHEMBL5185772,active
CHEMBL5847866,active
CHEMBL2018760,active
CHEMBL1934623,active
CHEMBL3786220,active
CHEMBL1241859,inactive
CHEMBL3699582,active
CHEMBL5439991,active
CHEMBL3746980,inactive
CHEMBL306081,active
CHEMBL332882,active
CHEMBL3891846,active
CHEMBL4745868,active
CHEMBL5995813,active
CHEMBL5939316,active
CHEMBL5075594,active
CHEMBL4250273,active
CHEMBL3085277,active
CHEMBL5952540,active
CHEMBL6019189,active
CHEMBL5909338,active
CHEMBL330224,active
CHEMBL4226151,active
CHEMBL602890,inactive
CHEMBL355982,active
CHEMBL5091683,active
CHEMBL3040861,active
CHEMBL5202129,active
CHEMBL5194719,active
CHEMBL5198424,active
CHEMBL93295,active
CHEMBL1630116,active
CHEMBL249921,active
CHEMBL5821372,active
CHEMBL4471491,active
CHEMBL5761824,active
CHEMBL3298000,active
CHEMBL4751085,active
CHEMBL5999061,active
CHEMBL6033422,active
CHEMBL3352899,active
CHEMBL5853085,active
CHEMBL4859375,active
CHEMBL4648924,active
CHEMBL3890526,active
CHEMBL5183324,active
CHEMBL5771679,active
CHEMBL5981673,active
CHEMBL5806322,active
CHEMBL3604943,active
CHEMBL5798313,active
CHEMBL3671522,active
CHEMBL3633938,active
CHEMBL552860,active
CHEMBL51485,active
CHEMBL4164805,active
CHEMBL346863,active
CHEMBL5891448,active
CHEMBL3092302,active
CHEMBL5780633,active
CHEMBL3088220,active
CHEMBL393264,active
CHEMBL5828031,active
CHEMBL2064373,active
CHEMBL6053281,active
CHEMBL5940715,active
CHEMBL5830860,active
CHEMBL4462965,active
CHEMBL3671503,active
CHEMBL205045,active
CHEMBL5082422,active
CHEMBL3297999,active
CHEMBL5900156,active
CHEMBL3233783,active
CHEMBL6052028,active
CHEMBL121260,active
CHEMBL5979002,active
CHEMBL598407,active
CHEMBL2309507,active
CHEMBL94068,active
CHEMBL6004850,active
CHEMBL6031696,active
CHEMBL136511,active
CHEMBL3814816,active
CHEMBL135853,active
CHEMBL5812784,active
CHEMBL3699587,active
CHEMBL190094,active
CHEMBL5839834,active
CHEMBL5267140,active
CHEMBL87746,inactive
CHEMBL1242033,inactive
CHEMBL603266,active
CHEMBL5173534,active
CHEMBL6037302,active
CHEMBL2333986,inactive
CHEMBL1914655,active
CHEMBL3633940,active
CHEMBL5974536,active
CHEMBL2064380,active
CHEMBL5286091,active
CHEMBL598164,active
CHEMBL53300,active
CHEMBL5908279,active
CHEMBL54805,active
CHEMBL246898,active
CHEMBL3680376,active
CHEMBL939,active
CHEMBL4294156,active
CHEMBL5177023,active
CHEMBL5797008,active
CHEMBL402011,active
CHEMBL5943599,active
CHEMBL485246,inactive
CHEMBL4239716,active
CHEMBL4776396,active
CHEMBL4099682,active
CHEMBL299672,active
CHEMBL5972316,active
CHEMBL5408255,active
CHEMBL6057769,active
CHEMBL4783428,active
CHEMBL2064376,active
CHEMBL3948354,active
CHEMBL2086760,active
CHEMBL400413,active
CHEMBL4851176,active
CHEMBL6013119,active
CHEMBL4087538,active
CHEMBL2441565,active
CHEMBL5818238,active
CHEMBL4278325,active
CHEMBL5173862,active
CHEMBL53203,active
CHEMBL1641990,active
CHEMBL5416410,active
CHEMBL210660,active
CHEMBL5574232,active
CHEMBL5173596,inactive
CHEMBL3604940,active
CHEMBL171311,active
CHEMBL4074782,inactive
CHEMBL5968985,active
CHEMBL3970738,active
CHEMBL3939913,active
CHEMBL6062221,active
CHEMBL5959647,active
CHEMBL3799138,active
CHEMBL248322,active
CHEMBL3409482,active
CHEMBL2148048,active
CHEMBL153419,active
CHEMBL5863579,active
CHEMBL5269317,active
CHEMBL4475546,active
CHEMBL340508,active
CHEMBL309625,inactive
CHEMBL5193451,active
CHEMBL5863733,active
CHEMBL3676374,active
CHEMBL5195912,active
CHEMBL5907964,active
CHEMBL2018753,active
CHEMBL4540295,active
CHEMBL4172718,active
CHEMBL3903063,active
CHEMBL1090360,active
CHEMBL6057992,active
CHEMBL5928946,active
CHEMBL4227701,active
CHEMBL5425947,active
CHEMBL5919441,active
CHEMBL4063301,active
CHEMBL5918532,active
CHEMBL3884319,inactive
CHEMBL5803419,active
CHEMBL5914847,active
CHEMBL4798177,active
CHEMBL4094647,inactive
CHEMBL4750375,active
CHEMBL4790485,active
CHEMBL3930762,active
CHEMBL5934098,active
CHEMBL5907670,active
CHEMBL4748149,active
CHEMBL3234752,active
CHEMBL5918405,active
CHEMBL4862351,active
CHEMBL3671565,active
CHEMBL6003257,active
CHEMBL5094237,active
CHEMBL466586,active
CHEMBL4096822,active
CHEMBL6021978,active
CHEMBL5890335,active
CHEMBL168829,inactive
CHEMBL6032663,active
CHEMBL249928,active
CHEMBL5896403,active
CHEMBL3622667,active
CHEMBL1242750,active
CHEMBL3805333,active
CHEMBL3956112,active
CHEMBL1201179,active
CHEMBL590877,inactive
CHEMBL5785047,active
CHEMBL6045539,active
CHEMBL3805039,active
CHEMBL4088971,active
CHEMBL4278031,active
CHEMBL3676379,active
CHEMBL1242475,active
CHEMBL93302,active
CHEMBL3622645,active
CHEMBL5946057,active
CHEMBL6010216,active
CHEMBL14874,active
CHEMBL304929,active
CHEMBL5266834,active
CHEMBL2087355,active
CHEMBL306315,active
CHEMBL5895307,active
CHEMBL1683954,inactive
CHEMBL5819204,active
CHEMBL4226676,active
CHEMBL3956430,active
CHEMBL1828879,inactive
CHEMBL4084868,active
CHEMBL4468893,active
CHEMBL6029402,active
CHEMBL309392,inactive
CHEMBL4457018,active
CHEMBL5808072,active
CHEMBL3218347,active
CHEMBL5920948,active
CHEMBL5904869,active
CHEMBL3753228,active
CHEMBL1641998,inactive
CHEMBL4866476,active
CHEMBL4748320,active
CHEMBL5992704,active
CHEMBL5436031,active
CHEMBL5808792,active
CHEMBL5831631,active
CHEMBL3699607,active
CHEMBL5998385,active
CHEMBL5906672,active
CHEMBL4280835,active
CHEMBL3676359,active
CHEMBL5286007,active
CHEMBL5963710,active
CHEMBL6025324,active
CHEMBL157084,active
CHEMBL205235,active
CHEMBL4072620,active
CHEMBL4446953,active
CHEMBL1683973,active
CHEMBL3676392,active
CHEMBL5752228,active
CHEMBL428741,active
CHEMBL5778795,active
CHEMBL5832921,active
CHEMBL4080711,active
CHEMBL5870222,active
CHEMBL207130,active
CHEMBL3360611,active
CHEMBL5926423,active
CHEMBL4077608,active
CHEMBL3746387,inactive
CHEMBL5171318,active
CHEMBL6039698,active
CHEMBL372112,active
CHEMBL4441244,active
CHEMBL1929555,inactive
CHEMBL4860398,active
CHEMBL6023552,active
CHEMBL4529521,active
CHEMBL197689,active
CHEMBL1928948,active
CHEMBL4063890,active
CHEMBL1910273,inactive
CHEMBL3699595,active
CHEMBL3928176,active
CHEMBL3956465,active
CHEMBL5916409,active
CHEMBL5913125,active
CHEMBL4087241,active
CHEMBL4465558,active
CHEMBL4458344,active
CHEMBL3939771,active
CHEMBL3774906,active
CHEMBL5268867,active
CHEMBL273789,active
CHEMBL366831,inactive
CHEMBL5969564,active
CHEMBL4566193,active
CHEMBL5417638,active
CHEMBL4071368,active
CHEMBL3633936,active
CHEMBL5912587,active
CHEMBL5872345,active
CHEMBL5438864,active
CHEMBL3622647,active
CHEMBL590083,inactive
CHEMBL4128567,active
CHEMBL116853,active
CHEMBL5795419,active
CHEMBL4064942,active
CHEMBL2070045,active
CHEMBL1077069,inactive
CHEMBL1242469,inactive
CHEMBL5183664,active
CHEMBL5761729,active
CHEMBL3233778,active
CHEMBL5277831,active
CHEMBL3409483,active
CHEMBL4166609,active
CHEMBL6041040,active
CHEMBL5903269,active
CHEMBL592215,active
CHEMBL394462,active
CHEMBL3934461,active
CHEMBL5434169,active
CHEMBL4166412,active
CHEMBL5975681,active
CHEMBL5893361,active
CHEMBL294034,active
CHEMBL5200495,active
CHEMBL4071151,active
CHEMBL5273791,active
CHEMBL435809,active
CHEMBL310580,active
CHEMBL5414512,active
CHEMBL4092788,active
CHEMBL6008376,active
CHEMBL544868,active
CHEMBL5813491,active
CHEMBL595142,active
CHEMBL5895801,active
CHEMBL2283251,inactive
CHEMBL5431377,active
CHEMBL4217992,active
CHEMBL4552065,inactive
CHEMBL1873475,active
CHEMBL3647964,active
CHEMBL3182647,active
CHEMBL3804868,active
CHEMBL5423464,active
CHEMBL182254,active
CHEMBL2325097,active
CHEMBL5857101,active
CHEMBL4446681,inactive
CHEMBL5633759,active
CHEMBL565467,active
CHEMBL475768,active
CHEMBL5820435,active
CHEMBL5850886,active
CHEMBL5083976,active
CHEMBL5767529,active
CHEMBL322298,active
CHEMBL5837535,active
CHEMBL4456234,active
CHEMBL2148044,active
CHEMBL4565086,active
CHEMBL5271937,active
CHEMBL4522594,inactive
CHEMBL3092305,active
CHEMBL6014788,active
CHEMBL5847293,active
CHEMBL5597233,active
CHEMBL55150,active
CHEMBL1272061,active
CHEMBL4062509,active
CHEMBL6004905,active
CHEMBL5796746,active
CHEMBL174426,active
CHEMBL4208811,active
CHEMBL5878812,active
CHEMBL6008370,active
CHEMBL3355877,active
CHEMBL6030662,active
CHEMBL4125940,active
CHEMBL122068,active
CHEMBL127082,active
CHEMBL6049798,active
CHEMBL5973569,active
CHEMBL77688,active
CHEMBL3655338,active
CHEMBL5971649,active
CHEMBL5939157,active
CHEMBL5947797,active
CHEMBL2425089,active
CHEMBL3930506,active
CHEMBL5836521,active
CHEMBL4435885,active
CHEMBL3622659,active
CHEMBL92086,active
CHEMBL3416446,active
CHEMBL5409629,active
CHEMBL3929484,active
CHEMBL129509,active
CHEMBL5591805,active
CHEMBL6022600,active
CHEMBL3930539,active
CHEMBL5885846,active
CHEMBL3628817,inactive
CHEMBL281872,active
CHEMBL3425662,active
CHEMBL4527443,active
CHEMBL5778061,active
CHEMBL5594407,active
CHEMBL5813210,active
CHEMBL2334002,active
CHEMBL3741768,active
CHEMBL3805681,active
CHEMBL4125764,active
CHEMBL4127809,active
CHEMBL4639459,active
CHEMBL481331,active
CHEMBL280998,inactive
CHEMBL5887910,active
CHEMBL3416628,active
CHEMBL4083493,inactive
CHEMBL101253,active
CHEMBL5861940,active
CHEMBL5927580,active
CHEMBL247711,active
CHEMBL6033024,active
CHEMBL1945452,inactive
CHEMBL27085,inactive
CHEMBL3813728,active
CHEMBL6045970,active
CHEMBL3235204,inactive
CHEMBL5938217,active
CHEMBL5845905,active
CHEMBL3233777,active
CHEMBL3416623,active
CHEMBL3799428,active
CHEMBL2347231,active
CHEMBL4094438,active
CHEMBL3671557,active
CHEMBL2435999,active
CHEMBL3754556,active
CHEMBL466615,active
CHEMBL466412,active
CHEMBL466175,active
CHEMBL517123,active
CHEMBL5952397,active
CHEMBL4100647,active
CHEMBL3671584,active
CHEMBL5439547,active
CHEMBL5178754,active
CHEMBL5435033,active
CHEMBL437584,active
CHEMBL3961982,active
CHEMBL2180204,active
CHEMBL5180839,active
CHEMBL3897723,active
CHEMBL68920,active
CHEMBL6025850,active
CHEMBL5794459,active
CHEMBL6050073,active
CHEMBL4746697,active
CHEMBL2448066,active
CHEMBL4538707,active
CHEMBL207235,active
CHEMBL3892310,active
CHEMBL592210,inactive
CHEMBL5936433,active
CHEMBL3221258,active
CHEMBL443523,active
CHEMBL5420948,active
CHEMBL501709,inactive
CHEMBL3663926,active
CHEMBL5928047,active
CHEMBL3774471,active
CHEMBL210444,active
CHEMBL6018694,active
CHEMBL31622,active
CHEMBL5822553,active
CHEMBL4871192,active
CHEMBL5647136,active
CHEMBL1928309,active
CHEMBL3357649,active
CHEMBL3352869,active
CHEMBL5277101,active
CHEMBL5410422,active
CHEMBL4225517,active
CHEMBL5909369,active
CHEMBL3676339,active
CHEMBL5937987,active
CHEMBL3799332,inactive
CHEMBL4798527,active
CHEMBL4286263,active
CHEMBL1956885,inactive
CHEMBL4456976,active
CHEMBL4776057,active
CHEMBL5944879,active
CHEMBL5404315,active
CHEMBL5201846,active
CHEMBL3906200,active
CHEMBL5827561,active
CHEMBL4530686,active
CHEMBL4640686,active
CHEMBL2437469,active
CHEMBL1934632,active
CHEMBL470012,active
CHEMBL1683967,active
CHEMBL257860,active
CHEMBL5185952,inactive
CHEMBL5413772,active
CHEMBL4066845,active
CHEMBL430571,active
CHEMBL6017472,active
CHEMBL5283216,active
CHEMBL436137,active
CHEMBL3671531,active
CHEMBL5886836,active
CHEMBL5982623,active
CHEMBL3759733,active
CHEMBL333851,active
CHEMBL5822102,active
CHEMBL310853,active
CHEMBL165228,active
CHEMBL485070,active
CHEMBL5417494,active
CHEMBL5917549,active
CHEMBL5081433,active
CHEMBL4070454,active
CHEMBL205047,active
CHEMBL4077956,active
CHEMBL3758800,active
CHEMBL5801115,active
CHEMBL3968839,active
CHEMBL1683968,active
CHEMBL5906478,active
CHEMBL3425655,active
CHEMBL5420774,active
CHEMBL5815729,active
CHEMBL3604917,active
CHEMBL5815244,active
CHEMBL3671533,active
CHEMBL321193,active
CHEMBL5746961,active
CHEMBL3678950,active
CHEMBL3612585,active
CHEMBL3133757,active
CHEMBL5929629,active
CHEMBL3671497,active
CHEMBL4742081,active
CHEMBL4288562,active
CHEMBL5926524,active
CHEMBL6062851,active
CHEMBL5932695,inactive
CHEMBL5089336,active
CHEMBL5417607,active
CHEMBL4848093,active
CHEMBL5897274,active
CHEMBL3680377,active
CHEMBL1916891,active
CHEMBL5943719,active
CHEMBL15346,active
CHEMBL3699586,active
CHEMBL248321,active
CHEMBL5767132,active
CHEMBL5763922,active
CHEMBL1203937,active
CHEMBL589503,inactive
CHEMBL3671513,active
CHEMBL5820639,active
CHEMBL1241679,inactive
CHEMBL3908711,active
CHEMBL591050,inactive
CHEMBL5777319,active
CHEMBL5771166,active
CHEMBL5218459,active
CHEMBL3671499,active
CHEMBL387187,active
CHEMBL4778826,active
CHEMBL5774604,inactive
CHEMBL5177272,active
CHEMBL104779,active
CHEMBL128432,active
CHEMBL5927148,active
CHEMBL3964380,active
CHEMBL5762610,active
CHEMBL5858513,active
CHEMBL1173324,inactive
CHEMBL5743902,active
CHEMBL5797771,active
CHEMBL6018511,active
CHEMBL5275872,active
CHEMBL5862453,active
CHEMBL4762453,active
CHEMBL2031296,active
CHEMBL5413341,active
CHEMBL3233773,active
CHEMBL6041177,active
CHEMBL5891594,active
CHEMBL504416,inactive
CHEMBL2426281,active
CHEMBL163369,active
CHEMBL3947802,active
CHEMBL3087201,active
CHEMBL2437457,active
CHEMBL2070199,active
CHEMBL5412768,active
CHEMBL2437477,inactive
CHEMBL1242118,inactive
CHEMBL5868587,active
CHEMBL3676345,active
CHEMBL398388,active
CHEMBL3905242,active
CHEMBL5885717,active
CHEMBL78018,active
CHEMBL2385960,active
CHEMBL5989746,active
CHEMBL5798581,active
CHEMBL37543,active
CHEMBL5414792,active
CHEMBL5776072,active
CHEMBL327023,active
CHEMBL3416621,active
CHEMBL5430958,active
CHEMBL248393,active
CHEMBL4743566,active
CHEMBL5923801,active
CHEMBL5394606,active
CHEMBL3237935,active
CHEMBL5807004,active
CHEMBL5751436,active
CHEMBL5201973,active
CHEMBL4290750,active
CHEMBL338155,active
CHEMBL1645473,active
CHEMBL3676358,active
CHEMBL4215496,active
CHEMBL340399,active
CHEMBL5975976,active
CHEMBL529663,inactive
CHEMBL5193149,active
CHEMBL2316148,inactive
CHEMBL4471155,active
CHEMBL6058480,active
CHEMBL5759916,active
CHEMBL599398,active
CHEMBL136491,active
CHEMBL4452106,active
CHEMBL4214567,active
CHEMBL5192038,active
CHEMBL129946,active
CHEMBL5612514,active
CHEMBL3934034,active
CHEMBL4063421,active
CHEMBL2018757,active
CHEMBL601040,active
CHEMBL5406084,active
CHEMBL5810347,active
CHEMBL5831739,active
CHEMBL5398753,active
CHEMBL5408900,active
CHEMBL5422588,active
CHEMBL5411347,active
CHEMBL498248,inactive
CHEMBL77243,inactive
CHEMBL5087214,active
CHEMBL5758879,active
CHEMBL4062192,active
CHEMBL5854771,active
CHEMBL6000037,active
CHEMBL5076986,active
CHEMBL247104,active
CHEMBL5828125,active
CHEMBL56027,active
CHEMBL3973862,active
CHEMBL4088718,active
CHEMBL3800448,inactive
CHEMBL4228518,active
CHEMBL3935492,active
CHEMBL6022292,active
CHEMBL1914658,active
CHEMBL471058,active
CHEMBL5870018,active
CHEMBL6029891,active
CHEMBL5566478,active
CHEMBL4095271,active
CHEMBL4464404,active
CHEMBL5799378,active
CHEMBL4203016,active
CHEMBL5876510,active
CHEMBL1683966,active
CHEMBL4754811,active
CHEMBL3798887,active
CHEMBL280757,active
CHEMBL1173192,inactive
CHEMBL76751,active
CHEMBL2425086,active
CHEMBL5853655,active
CHEMBL5893709,active
CHEMBL3622643,active
CHEMBL6044013,active
CHEMBL302552,active
CHEMBL165508,active
CHEMBL5740251,active
CHEMBL5858035,active
CHEMBL3092315,active
CHEMBL5972189,active
CHEMBL1173248,inactive
CHEMBL3763796,active
CHEMBL5952264,active
CHEMBL6011290,active
CHEMBL5765177,active
CHEMBL4067916,active
CHEMBL5274670,active
CHEMBL4537004,active
CHEMBL4437863,active
CHEMBL3234864,inactive
CHEMBL5833522,active
CHEMBL5570514,active
CHEMBL247100,active
CHEMBL5780612,active
CHEMBL5881803,active
CHEMBL5174418,active
CHEMBL597551,active
CHEMBL2138625,active
CHEMBL105053,active
CHEMBL5414782,active
CHEMBL4104717,active
CHEMBL3612562,active
CHEMBL3894938,active
CHEMBL5956882,active
CHEMBL3663933,active
CHEMBL3786523,active
CHEMBL4061283,active
CHEMBL3928512,active
CHEMBL5777370,active
CHEMBL3951099,active
CHEMBL1421,active
CHEMBL3676371,active
CHEMBL418967,active
CHEMBL5963175,active
CHEMBL4855850,active
CHEMBL1241484,active
CHEMBL5415565,active
CHEMBL3133758,active
CHEMBL5271640,active
CHEMBL4791960,inactive
CHEMBL2031300,active
CHEMBL3763701,active
CHEMBL3633145,active
CHEMBL5942546,active
CHEMBL5752500,active
CHEMBL1946847,inactive
CHEMBL4516287,active
CHEMBL94061,active
CHEMBL208144,active
CHEMBL370934,active
CHEMBL3234746,active
CHEMBL3941175,active
CHEMBL4102577,active
CHEMBL1094475,inactive
CHEMBL153170,active
CHEMBL5831458,active
CHEMBL231875,active
CHEMBL4082515,active
CHEMBL4073278,active
CHEMBL5779959,active
CHEMBL6044860,active
CHEMBL5174995,active
CHEMBL3416593,active
CHEMBL3416592,active
CHEMBL3416594,active
CHEMBL121190,active
CHEMBL3917105,active
CHEMBL4460381,active
CHEMBL3357636,active
CHEMBL3357635,active
CHEMBL3900059,active
CHEMBL4552482,active
CHEMBL266995,active
CHEMBL104153,active
CHEMBL5266823,active
CHEMBL5768250,active
CHEMBL1945450,inactive
CHEMBL5291353,active
CHEMBL3774396,active
CHEMBL3676394,active
CHEMBL5282956,active
CHEMBL5169547,active
CHEMBL3087195,active
CHEMBL2335014,inactive
CHEMBL26641,active
CHEMBL5982062,active
CHEMBL594228,active
CHEMBL5276374,active
CHEMBL3921017,active
CHEMBL4282523,active
CHEMBL4541014,active
CHEMBL2048798,active
CHEMBL5197154,active
CHEMBL1828876,inactive
CHEMBL2325098,active
CHEMBL3436360,active
CHEMBL3355885,active
CHEMBL1241949,inactive
CHEMBL39811,active
CHEMBL4061473,active
CHEMBL4070707,active
CHEMBL153409,active
CHEMBL1241390,inactive
CHEMBL5825244,active
CHEMBL5763336,active
CHEMBL4869024,active
CHEMBL4130016,active
CHEMBL5998332,active
CHEMBL604893,active
CHEMBL5997770,active
CHEMBL248674,active
CHEMBL6020494,active
CHEMBL461311,active
CHEMBL4448428,active
CHEMBL1241487,active
CHEMBL5665391,active
CHEMBL5290879,active
CHEMBL5991077,active
CHEMBL251124,active
CHEMBL2426286,active
CHEMBL5770549,active
CHEMBL5418474,active
CHEMBL5938912,active
CHEMBL4868909,active
CHEMBL1173250,inactive
CHEMBL5569061,active
CHEMBL5848181,active
CHEMBL3087198,active
CHEMBL4792426,active
CHEMBL4128415,active
CHEMBL327127,active
CHEMBL3699600,active
CHEMBL5574206,active
CHEMBL8223,inactive
CHEMBL5773557,active
CHEMBL2070201,active
CHEMBL5922445,active
CHEMBL391738,active
CHEMBL1684800,active
CHEMBL5558740,active
CHEMBL592004,active
CHEMBL4520103,inactive
CHEMBL382041,active
CHEMBL3775536,active
CHEMBL5192750,active
CHEMBL1204168,active
CHEMBL5841961,active
CHEMBL6015436,active
CHEMBL3938494,active
CHEMBL5181037,active
CHEMBL5562753,active
CHEMBL3786802,active
CHEMBL69966,active
CHEMBL4096014,active
CHEMBL5194966,active
CHEMBL5862252,active
CHEMBL379601,active
CHEMBL329672,active
CHEMBL163168,active
CHEMBL4855080,active
CHEMBL473438,active
CHEMBL3759317,active
CHEMBL4226907,active
CHEMBL3944702,active
CHEMBL5903174,active
CHEMBL5877254,active
CHEMBL6033989,active
CHEMBL3235202,active
CHEMBL210893,active
CHEMBL6060963,active
CHEMBL4111809,active
CHEMBL1241578,active
CHEMBL111339,active
CHEMBL5195137,active
CHEMBL203725,active
CHEMBL215786,active
CHEMBL5892937,active
CHEMBL3403513,active
CHEMBL5890663,active
CHEMBL5269391,active
CHEMBL3360618,active
CHEMBL5272121,active
CHEMBL3914607,active
CHEMBL5279933,active
CHEMBL4582933,active
CHEMBL5920220,active
CHEMBL1945444,inactive
CHEMBL120564,inactive
CHEMBL4521214,active
CHEMBL4435632,active
CHEMBL3676356,active
CHEMBL5772876,active
CHEMBL6050361,active
CHEMBL5965573,active
CHEMBL6004995,active
CHEMBL392273,active
CHEMBL291313,inactive
CHEMBL1630117,active
CHEMBL1242032,inactive
CHEMBL3735958,active
CHEMBL5830622,active
CHEMBL4079501,active
CHEMBL5934396,active
CHEMBL38199,active
CHEMBL5921291,active
CHEMBL4095439,active
CHEMBL1254523,active
CHEMBL6025577,active
CHEMBL6032795,active
CHEMBL5742774,active
CHEMBL5175489,active
CHEMBL1241682,inactive
CHEMBL4166210,active
CHEMBL5811442,active
CHEMBL5405163,active
CHEMBL475446,active
CHEMBL5815927,active
CHEMBL5423465,active
CHEMBL5850193,active
CHEMBL4439933,active
CHEMBL3786453,active
CHEMBL5209046,active
CHEMBL90541,active
CHEMBL2064383,active
CHEMBL4437943,active
CHEMBL2385977,active
CHEMBL1988225,active
CHEMBL5095068,active
CHEMBL555921,active
CHEMBL71,inactive
CHEMBL427298,active
CHEMBL4558528,active
CHEMBL5854107,active
CHEMBL4858409,active
CHEMBL4463005,active
CHEMBL54088,active
CHEMBL6029655,active
CHEMBL5932830,active
CHEMBL3740595,active
CHEMBL5740342,active
CHEMBL4079649,active
CHEMBL57553,inactive
CHEMBL97162,active
CHEMBL5270938,active
CHEMBL1089203,active
CHEMBL3818970,active
CHEMBL3436356,active
CHEMBL413987,active
CHEMBL250132,active
CHEMBL3671510,active
CHEMBL6016935,active
CHEMBL5416489,active
CHEMBL5568120,active
CHEMBL2374457,active
CHEMBL5591124,active
CHEMBL4088277,active
CHEMBL5878893,active
CHEMBL1242664,active
CHEMBL3297896,active
CHEMBL3676347,active
CHEMBL51707,active
CHEMBL5077866,active
CHEMBL574059,active
CHEMBL5523580,active
CHEMBL5770894,active
CHEMBL1243346,active
CHEMBL5181045,active
CHEMBL5824219,active
CHEMBL6060856,active
CHEMBL341522,active
CHEMBL4646415,active
CHEMBL1944925,inactive
CHEMBL5286636,active
CHEMBL5203758,active
CHEMBL1683963,active
CHEMBL5557733,inactive
CHEMBL2335379,inactive
CHEMBL3806170,active
CHEMBL5986956,active
CHEMBL5900455,active
CHEMBL6061899,active
CHEMBL589588,active
CHEMBL3403509,active
CHEMBL3896969,active
CHEMBL1241581,active
CHEMBL6039447,active
CHEMBL2312654,active
CHEMBL5777984,active
CHEMBL1241270,inactive
CHEMBL4291471,active
CHEMBL5821463,active
CHEMBL250924,active
CHEMBL3671558,active
CHEMBL475767,active
CHEMBL5883280,active
CHEMBL5831023,active
CHEMBL1830131,inactive
CHEMBL3699622,active
CHEMBL4097141,active
CHEMBL355330,active
CHEMBL5201110,active
CHEMBL5885055,active
CHEMBL4550473,active
CHEMBL511637,active
CHEMBL5619592,active
CHEMBL593987,active
CHEMBL4094823,active
CHEMBL4756368,active
CHEMBL6041434,active
CHEMBL5929024,active
CHEMBL398793,active
CHEMBL6003806,active
CHEMBL2437483,active
CHEMBL5875583,active
CHEMBL5928693,active
CHEMBL6061951,active
CHEMBL5921189,active
CHEMBL601625,active
CHEMBL1928311,active
CHEMBL3806321,active
CHEMBL5169346,active
CHEMBL5759102,active
CHEMBL169064,active
CHEMBL3937527,active
CHEMBL5625055,active
CHEMBL5408941,active
CHEMBL5867436,active
CHEMBL5802555,active
CHEMBL5441041,active
CHEMBL50519,active
CHEMBL4170916,active
CHEMBL64894,active
CHEMBL5869051,active
CHEMBL5199678,active
CHEMBL208240,active
CHEMBL5187169,active
CHEMBL3655337,active
CHEMBL1928955,active
CHEMBL514938,active
CHEMBL90540,active
CHEMBL5904564,active
CHEMBL5814763,active
CHEMBL5962521,active
CHEMBL3741424,active
CHEMBL1830260,inactive
CHEMBL5193175,active
CHEMBL6057673,active
CHEMBL4460151,active
CHEMBL3758376,active
CHEMBL5998257,active
CHEMBL5742171,active
CHEMBL5183924,active
CHEMBL3219125,active
CHEMBL1614725,active
CHEMBL5807051,active
CHEMBL5169450,active
CHEMBL4092966,active
CHEMBL5620032,active
CHEMBL5407489,active
CHEMBL173498,active
CHEMBL382822,active
CHEMBL4635100,active
CHEMBL157952,inactive
CHEMBL5752653,active
CHEMBL2029432,active
CHEMBL4276842,active
CHEMBL3040566,active
CHEMBL383965,active
CHEMBL293749,active
CHEMBL4878090,inactive
CHEMBL247710,active
CHEMBL2178349,active
CHEMBL4570293,active
