molecule_chembl_id,pchembl_value
CHEMBL268868,6.52
CHEMBL2029442,6.32
CHEMBL2048906,8.54
CHEMBL5757238,8.505
CHEMBL1240554,5.85
CHEMBL5994000,7.72
CHEMBL553,7.428
CHEMBL595757,4.74
CHEMBL3741026,8.05
CHEMBL3758758,8.15
CHEMBL5218990,8.0
CHEMBL5984505,6.76
CHEMBL354033,5.57
CHEMBL1947123,5.03
CHEMBL5761246,5.83
CHEMBL1173813,6.47
CHEMBL5775095,5.26
CHEMBL30973,6.95
CHEMBL6000322,6.56
CHEMBL120979,8.1
CHEMBL4077228,5.89
CHEMBL4778502,6.79
CHEMBL4548481,7.0833
CHEMBL2031309,8.7
CHEMBL5754433,7.4
CHEMBL603198,4.25
CHEMBL6048747,6.41
CHEMBL5864012,6.995
CHEMBL3612599,5.82
CHEMBL1822063,5.33
CHEMBL5184539,8.145
CHEMBL4453748,7.19
CHEMBL5993343,5.47
CHEMBL5397557,9.0
CHEMBL5934357,7.26
CHEMBL496,6.13
CHEMBL5837076,8.4
CHEMBL3950966,7.985
CHEMBL5284528,6.06
CHEMBL5746601,6.9717
CHEMBL5850413,5.92
CHEMBL5094406,7.61
CHEMBL5882592,8.52
CHEMBL4278997,6.98
CHEMBL2346678,7.175
CHEMBL3740577,6.0867
CHEMBL3604939,5.59
CHEMBL3741762,5.655
CHEMBL3814021,5.655
CHEMBL5201128,5.19
CHEMBL590525,5.12
CHEMBL1243345,8.37
CHEMBL2048794,7.68
CHEMBL3133910,4.12
CHEMBL4284841,6.97
CHEMBL4467561,7.81
CHEMBL5404799,8.35
CHEMBL5173449,6.91
CHEMBL5281748,7.89
CHEMBL5277739,9.09
CHEMBL328216,9.505
CHEMBL5812290,4.98
CHEMBL3914227,7.34
CHEMBL3663923,8.94
CHEMBL1614712,5.26
CHEMBL5512543,6.08
CHEMBL47660,5.0
CHEMBL184682,6.0
CHEMBL3604915,5.85
CHEMBL4066141,6.44
CHEMBL5964825,5.62
CHEMBL3628800,6.23
CHEMBL4566583,6.59
CHEMBL340484,8.31
CHEMBL214419,7.04
CHEMBL5994478,8.06
CHEMBL1929314,4.58
CHEMBL1203936,7.7
CHEMBL5194722,7.5775
CHEMBL4101774,7.66
CHEMBL5939261,8.35
CHEMBL324030,4.925
CHEMBL4063067,6.38
CHEMBL5863443,7.185
CHEMBL1828864,5.66
CHEMBL5084760,8.18
CHEMBL1173718,6.21
CHEMBL5523403,6.83
CHEMBL5884300,8.15
CHEMBL5417219,7.58
CHEMBL4074726,4.13
CHEMBL5947149,6.52
CHEMBL6246,6.16
CHEMBL5429694,6.08
CHEMBL3651854,6.02
CHEMBL5741835,9.31
CHEMBL3088219,6.37
CHEMBL5860281,9.31
CHEMBL169757,5.91
CHEMBL1641991,4.68
CHEMBL5834450,6.19
CHEMBL4563683,7.82
CHEMBL249511,6.48
CHEMBL4210744,5.2867
CHEMBL4445761,6.0
CHEMBL1241774,4.75
CHEMBL3092312,6.33
CHEMBL5523558,4.06
CHEMBL3759929,8.3
CHEMBL5979972,5.8333
CHEMBL2031302,9.74
CHEMBL2316153,5.34
CHEMBL1094808,4.04
CHEMBL94123,6.67
CHEMBL2347968,6.505
CHEMBL4074615,5.6
CHEMBL3970063,4.35
CHEMBL3671564,6.16
CHEMBL292323,5.19
CHEMBL4474429,5.55
CHEMBL251125,8.74
CHEMBL441083,6.04
CHEMBL5890676,7.16
CHEMBL4080424,7.68
CHEMBL3893128,7.3
CHEMBL4076854,8.16
CHEMBL307026,6.24
CHEMBL3699592,7.7
CHEMBL3925158,6.94
CHEMBL5084983,6.7067
CHEMBL276154,8.0
CHEMBL27685,8.535
CHEMBL4578466,7.04
CHEMBL3975598,6.21
CHEMBL5173070,6.665
CHEMBL5748931,7.68
CHEMBL6030089,5.26
CHEMBL5415196,6.865
CHEMBL3545311,7.7055
CHEMBL5787019,8.3
CHEMBL5953516,8.7
CHEMBL4537790,9.435
CHEMBL4215076,7.8967
CHEMBL3805584,6.725
CHEMBL5205097,7.91
CHEMBL5791105,6.76
CHEMBL2029440,8.676
CHEMBL4205869,4.9733
CHEMBL3233772,7.535
CHEMBL5916523,8.7
CHEMBL6010206,7.33
CHEMBL3893810,6.23
CHEMBL4168235,8.44
CHEMBL2333164,5.54
CHEMBL4546122,7.28
CHEMBL4069229,6.13
CHEMBL5966296,8.52
CHEMBL5783967,6.57
CHEMBL5767212,8.58
CHEMBL4065300,7.22
CHEMBL5407309,7.5729
CHEMBL4863836,7.1
CHEMBL4077349,6.11
CHEMBL5949598,7.69
CHEMBL4216765,5.44
CHEMBL5882302,8.4
CHEMBL5966165,8.77
CHEMBL4799700,5.79
CHEMBL5851491,8.15
CHEMBL2337369,4.23
CHEMBL5885364,6.86
CHEMBL6044637,8.52
CHEMBL119156,5.035
CHEMBL5802636,4.6033
CHEMBL2425084,7.6
CHEMBL5646626,7.35
CHEMBL5956271,8.52
CHEMBL3233795,8.2
CHEMBL4078973,6.66
CHEMBL2032376,8.702
CHEMBL5837440,6.96
CHEMBL5749572,7.6
CHEMBL6047255,8.15
CHEMBL55204,5.92
CHEMBL6060196,7.75
CHEMBL5574303,5.32
CHEMBL3622658,6.96
CHEMBL3775112,7.0
CHEMBL1929306,4.42
CHEMBL1242472,5.22
CHEMBL2029435,8.752
CHEMBL3747152,5.18
CHEMBL470010,7.6
CHEMBL5902883,6.65
CHEMBL3911796,8.38
CHEMBL50647,6.66
CHEMBL5286373,6.66
CHEMBL1929307,4.91
CHEMBL590714,5.97
CHEMBL5774764,4.59
CHEMBL5859093,5.26
CHEMBL3092313,7.09
CHEMBL5836257,5.39
CHEMBL5790363,7.73
CHEMBL5903567,7.8025
CHEMBL5741542,8.52
CHEMBL5195904,9.8567
CHEMBL6007403,5.26
CHEMBL4084726,6.43
CHEMBL338215,8.27
CHEMBL5926198,5.26
CHEMBL4105392,6.42
CHEMBL3671539,7.05
CHEMBL503418,8.05
CHEMBL5856597,6.26
CHEMBL3087204,6.97
CHEMBL3087205,8.06
CHEMBL5764550,6.42
CHEMBL5887361,6.42
CHEMBL3747277,5.13
CHEMBL219557,6.64
CHEMBL2381506,7.36
CHEMBL125568,7.85
CHEMBL5434495,9.69
CHEMBL5970552,7.36
CHEMBL5763826,8.3
CHEMBL4287401,8.335
CHEMBL3436359,7.94
CHEMBL123046,4.38
CHEMBL4087570,7.96
CHEMBL5169349,6.62
CHEMBL5561729,7.04
CHEMBL4074601,7.92
CHEMBL5857086,5.52
CHEMBL5284701,7.72
CHEMBL5273261,7.08
CHEMBL5831214,8.4
CHEMBL5878820,6.82
CHEMBL128468,9.55
CHEMBL4084996,6.01
CHEMBL5981415,8.3
CHEMBL475351,5.29
CHEMBL4793639,6.21
CHEMBL5867445,6.52
CHEMBL591288,6.25
CHEMBL246073,6.72
CHEMBL3818015,8.55
CHEMBL1643976,5.74
CHEMBL402294,8.3
CHEMBL185686,6.05
CHEMBL5872256,6.63
CHEMBL5963322,8.7
CHEMBL1821887,4.7
CHEMBL5089073,7.075
CHEMBL296377,7.4
CHEMBL166255,8.77
CHEMBL4085868,5.23
CHEMBL3941823,7.745
CHEMBL4794073,8.89
CHEMBL5082074,6.8467
CHEMBL5861126,6.29
CHEMBL4560187,8.51
CHEMBL5203195,8.02
CHEMBL4782900,7.8
CHEMBL5796454,7.14
CHEMBL589801,5.07
CHEMBL4091569,8.02
CHEMBL5786207,8.1
CHEMBL6036892,6.52
CHEMBL5846455,6.76
CHEMBL605957,5.24
CHEMBL3360603,9.51
CHEMBL5962943,9.865
CHEMBL3676344,7.75
CHEMBL3263366,5.88
CHEMBL5563672,8.65
CHEMBL115745,7.25
CHEMBL1945648,5.58
CHEMBL5209075,6.38
CHEMBL3221541,5.1
CHEMBL5766704,8.52
CHEMBL5199520,6.7
CHEMBL3903641,7.48
CHEMBL2426279,6.9617
CHEMBL6011434,8.52
CHEMBL2325099,6.92
CHEMBL5854207,6.32
CHEMBL5266649,8.78
CHEMBL3954684,7.7
CHEMBL3604911,5.765
CHEMBL348554,4.76
CHEMBL2347963,8.4
CHEMBL123189,8.1
CHEMBL5840248,9.5333
CHEMBL250315,5.25
CHEMBL138125,6.62
CHEMBL4474073,9.12
CHEMBL306732,7.03
CHEMBL242349,5.11
CHEMBL472545,7.52
CHEMBL5777803,8.4
CHEMBL4752843,6.6
CHEMBL3962365,7.43
CHEMBL5747733,6.56
CHEMBL1095445,4.57
CHEMBL244948,5.12
CHEMBL4783641,8.6833
CHEMBL3764589,7.86
CHEMBL473437,8.4
CHEMBL4780058,6.96
CHEMBL5840400,7.5825
CHEMBL6009993,7.715
CHEMBL2031306,8.84
CHEMBL3237949,5.99
CHEMBL519147,5.5
CHEMBL2283256,4.86
CHEMBL6011609,5.21
CHEMBL188522,6.825
CHEMBL170438,4.88
CHEMBL3897363,8.1
CHEMBL5974959,8.3
CHEMBL435831,4.42
CHEMBL3622639,8.92
CHEMBL592247,5.23
CHEMBL3913728,6.05
CHEMBL3948084,7.77
CHEMBL5182567,9.04
CHEMBL3908272,7.07
CHEMBL296168,8.605
CHEMBL5573028,6.89
CHEMBL5920148,8.3
CHEMBL3946396,8.15
CHEMBL4288262,6.565
CHEMBL3752825,7.02
CHEMBL1241490,6.02
CHEMBL5850600,7.82
CHEMBL3981551,7.78
CHEMBL4079393,8.6
CHEMBL5996357,8.22
CHEMBL5182465,6.505
CHEMBL5281270,7.66
CHEMBL59812,4.7
CHEMBL6008669,6.5817
CHEMBL1172602,4.59
CHEMBL5968640,10.41
CHEMBL6058583,6.32
CHEMBL126192,8.7
CHEMBL5990188,8.31
CHEMBL6004044,5.19
CHEMBL1821889,4.61
CHEMBL2048912,8.59
CHEMBL2070190,5.79
CHEMBL3671545,6.49
CHEMBL5874033,7.14
CHEMBL3948546,4.64
CHEMBL3671518,7.5
CHEMBL5187762,9.49
CHEMBL1828867,5.29
CHEMBL3360613,7.92
CHEMBL343352,7.57
CHEMBL234772,6.66
CHEMBL4225781,7.0125
CHEMBL3742146,5.37
CHEMBL3233779,7.955
CHEMBL3986363,7.725
CHEMBL5290094,6.99
CHEMBL1091613,6.62
CHEMBL4758107,6.25
CHEMBL1914661,7.02
CHEMBL31815,8.855
CHEMBL437879,8.99
CHEMBL2029695,4.08
CHEMBL1828862,6.41
CHEMBL2337364,4.41
CHEMBL4873202,6.16
CHEMBL5740396,8.52
CHEMBL5960969,4.7633
CHEMBL4078431,9.52
CHEMBL343722,6.92
CHEMBL3759155,5.34
CHEMBL5771859,8.52
CHEMBL2325106,6.8
CHEMBL5903840,5.72
CHEMBL5996683,8.7
CHEMBL5982032,8.05
CHEMBL5896195,8.52
CHEMBL1830231,8.1
CHEMBL1242661,4.68
CHEMBL4102455,7.8
CHEMBL4061382,7.58
CHEMBL3355890,8.93
CHEMBL3671552,7.54
CHEMBL3671553,7.01
CHEMBL3671551,6.81
CHEMBL5854828,6.76
CHEMBL246493,6.25
CHEMBL4471845,6.875
CHEMBL5903077,7.67
CHEMBL5753909,7.72
CHEMBL4288482,7.01
CHEMBL5590689,8.5675
CHEMBL1641997,4.34
CHEMBL2018777,5.04
CHEMBL4082840,6.915
CHEMBL56502,8.22
CHEMBL128000,4.95
CHEMBL376967,6.92
CHEMBL3622642,6.87
CHEMBL5836438,5.62
CHEMBL6040634,6.76
CHEMBL5764214,5.56
CHEMBL5852886,8.15
CHEMBL5831010,5.26
CHEMBL3676369,7.8
CHEMBL3416630,6.22
CHEMBL246491,6.34
CHEMBL265367,7.77
CHEMBL5880020,7.43
CHEMBL5270506,6.73
CHEMBL2179128,6.2233
CHEMBL5984973,6.76
CHEMBL155389,4.0
CHEMBL3787386,8.15
CHEMBL5077378,8.89
CHEMBL5930652,9.0
CHEMBL5887634,8.14
CHEMBL5571836,6.58
CHEMBL3425669,5.43
CHEMBL5816684,6.46
CHEMBL5995066,8.7
CHEMBL4650319,8.3
CHEMBL5188948,7.885
CHEMBL6060281,8.1
CHEMBL3639703,7.17
CHEMBL1929303,5.29
CHEMBL1944923,4.54
CHEMBL5789149,6.6729
CHEMBL3814878,6.7
CHEMBL5283543,7.12
CHEMBL5950819,6.76
CHEMBL5796215,6.26
CHEMBL1828868,5.23
CHEMBL1173262,5.01
CHEMBL19978,4.02
CHEMBL4173696,7.155
CHEMBL3965391,8.705
CHEMBL6064016,6.4933
CHEMBL120185,5.06
CHEMBL5993587,8.11
CHEMBL3786647,6.15
CHEMBL4278226,7.66
CHEMBL5864041,5.26
CHEMBL4215397,7.41
CHEMBL5276251,7.05
CHEMBL4873984,6.98
CHEMBL4853833,7.805
CHEMBL5851856,7.12
CHEMBL4102886,8.31
CHEMBL40734,8.81
CHEMBL592481,5.84
CHEMBL140561,6.97
CHEMBL3085376,8.52
CHEMBL4204596,5.3167
CHEMBL4572315,7.96
CHEMBL6011269,7.94
CHEMBL4576032,8.43
CHEMBL39320,8.66
CHEMBL5169943,6.78
CHEMBL1093234,7.26
CHEMBL185637,6.96
CHEMBL5523557,5.58
CHEMBL5933810,8.3
CHEMBL554,7.3874
CHEMBL1958034,5.64
CHEMBL4103912,9.23
CHEMBL5286532,5.53
CHEMBL5289250,5.75
CHEMBL542893,5.82
CHEMBL6001620,8.205
CHEMBL3699618,7.725
CHEMBL1947127,6.47
CHEMBL4084214,5.47
CHEMBL4214588,7.34
CHEMBL5555311,6.66
CHEMBL1094492,5.86
CHEMBL212965,7.92
CHEMBL3671495,8.3
CHEMBL2442333,5.93
CHEMBL520515,4.12
CHEMBL2348418,7.33
CHEMBL387265,8.7
CHEMBL442754,7.21
CHEMBL4216025,4.8
CHEMBL5815780,5.98
CHEMBL5595805,8.24
CHEMBL5619771,6.8
CHEMBL5272853,7.35
CHEMBL4751362,7.27
CHEMBL5775870,6.93
CHEMBL272935,7.85
CHEMBL4128726,7.17
CHEMBL3787112,5.64
CHEMBL5744155,7.12
CHEMBL1934621,6.19
CHEMBL4226436,6.575
CHEMBL121796,8.15
CHEMBL392664,6.96
CHEMBL404849,6.1
CHEMBL3219134,7.22
CHEMBL5397162,6.59
CHEMBL5405276,6.66
CHEMBL5876660,6.01
CHEMBL5903491,8.1
CHEMBL4278815,8.27
CHEMBL1173193,5.09
CHEMBL2385967,5.64
CHEMBL3818289,8.2167
CHEMBL1090356,7.2
CHEMBL5746567,6.76
CHEMBL414220,7.15
CHEMBL4067014,6.635
CHEMBL5631951,7.265
CHEMBL592141,4.5
CHEMBL1821890,5.24
CHEMBL5646609,7.152
CHEMBL1958036,5.07
CHEMBL127041,9.62
CHEMBL455433,6.75
CHEMBL5972110,8.66
CHEMBL5795375,8.23
CHEMBL6014011,7.72
CHEMBL4204139,7.29
CHEMBL3344216,8.39
CHEMBL3344221,7.52
CHEMBL3344208,8.17
CHEMBL162622,9.17
CHEMBL1947126,6.21
CHEMBL3360619,9.48
CHEMBL5864713,7.26
CHEMBL3919271,6.725
CHEMBL592713,7.75
CHEMBL80302,7.0
CHEMBL418906,5.925
CHEMBL363607,4.34
CHEMBL1956891,4.0
CHEMBL3764603,8.315
CHEMBL212954,7.55
CHEMBL485065,5.3
CHEMBL385479,7.75
CHEMBL1093815,7.08
CHEMBL3942228,8.4
CHEMBL5866027,6.26
CHEMBL418203,5.34
CHEMBL428690,4.82
CHEMBL6002504,6.26
CHEMBL380078,7.64
CHEMBL590524,5.13
CHEMBL1828872,5.02
CHEMBL3775285,6.61
CHEMBL5797573,5.56
CHEMBL597708,5.45
CHEMBL2437465,7.9517
CHEMBL5759248,6.74
CHEMBL125086,8.52
CHEMBL5876051,7.4625
CHEMBL118904,6.57
CHEMBL2420867,8.27
CHEMBL134312,7.96
CHEMBL5414141,7.43
CHEMBL3924500,7.19
CHEMBL5430071,7.72
CHEMBL5271284,6.71
CHEMBL1242288,4.9
CHEMBL6049268,6.76
CHEMBL3586174,5.09
CHEMBL3758749,6.82
CHEMBL3734933,6.54
CHEMBL2178351,7.98
CHEMBL3671500,8.52
CHEMBL446250,8.52
CHEMBL5864620,7.69
CHEMBL4475770,6.7
CHEMBL5186794,6.6533
CHEMBL3985134,7.19
CHEMBL4447036,5.52
CHEMBL5438475,6.96
CHEMBL162508,8.74
CHEMBL3237936,5.49
CHEMBL3699588,7.3443
CHEMBL4281367,8.575
CHEMBL5401619,7.5133
CHEMBL5822356,8.1
CHEMBL6058403,6.56
CHEMBL5559904,4.21
CHEMBL1243284,8.815
CHEMBL5939106,6.26
CHEMBL5908975,6.26
CHEMBL6050763,8.7
CHEMBL153843,4.98
CHEMBL92731,7.05
CHEMBL4521028,8.23
CHEMBL4129138,7.615
CHEMBL4126810,7.5467
CHEMBL57758,7.06
CHEMBL431001,4.79
CHEMBL5969707,8.63
CHEMBL5431658,7.085
CHEMBL589831,6.03
CHEMBL4070404,7.45
CHEMBL1934631,7.03
CHEMBL186802,5.25
CHEMBL5949708,7.3
CHEMBL427671,7.09
CHEMBL293986,4.0
CHEMBL599524,5.14
CHEMBL3663928,9.015
CHEMBL2437479,7.9571
CHEMBL169390,7.1
CHEMBL5434109,6.84
CHEMBL3786962,7.89
CHEMBL5953169,7.74
CHEMBL608533,5.52
CHEMBL338448,5.72
CHEMBL4851555,5.99
CHEMBL3699590,7.7
CHEMBL3674151,8.3067
CHEMBL5557998,4.94
CHEMBL2347964,7.195
CHEMBL4529183,6.09
CHEMBL2029693,4.64
CHEMBL2437468,6.45
CHEMBL3219131,6.7725
CHEMBL3946259,6.85
CHEMBL4228473,7.1933
CHEMBL5763277,8.52
CHEMBL184750,6.29
CHEMBL3671509,7.04
CHEMBL52015,7.08
CHEMBL5076881,6.63
CHEMBL4459564,4.73
CHEMBL3426225,5.45
CHEMBL5831823,7.46
CHEMBL4755988,7.09
CHEMBL5633818,7.44
CHEMBL3741304,7.5
CHEMBL5402235,7.64
CHEMBL5286675,5.65
CHEMBL4468521,5.62
CHEMBL3736121,6.125
CHEMBL461795,8.22
CHEMBL5412305,8.47
CHEMBL5395404,6.14
CHEMBL190651,5.3
CHEMBL3347487,6.7
CHEMBL233324,6.62
CHEMBL5980088,5.05
CHEMBL4746030,6.69
CHEMBL2437478,5.7486
CHEMBL4581316,8.0233
CHEMBL6033348,8.7
CHEMBL5419520,7.19
CHEMBL5406951,8.43
CHEMBL5915264,8.7
CHEMBL4569755,5.95
CHEMBL3734934,5.6
CHEMBL4207984,6.5633
CHEMBL5208825,6.57
CHEMBL3612587,8.14
CHEMBL4212450,6.4667
CHEMBL6023442,6.11
CHEMBL5904700,8.52
CHEMBL5178703,8.09
CHEMBL5181694,7.59
CHEMBL5170965,7.06
CHEMBL5176854,7.49
CHEMBL90595,7.24
CHEMBL5517918,6.64
CHEMBL5568213,6.25
CHEMBL6023885,8.255
CHEMBL57990,7.31
CHEMBL5953946,7.8
CHEMBL250524,7.1
CHEMBL5774147,5.3
CHEMBL133024,7.0
CHEMBL251497,6.82
CHEMBL98798,5.12
CHEMBL2425087,7.8
CHEMBL4159404,7.42
CHEMBL3734877,5.63
CHEMBL3977192,7.11
CHEMBL4553504,6.92
CHEMBL5933081,5.26
CHEMBL6000647,8.22
CHEMBL170724,6.24
CHEMBL1914672,7.57
CHEMBL4749518,6.47
CHEMBL3895411,8.4
CHEMBL3751967,6.32
CHEMBL5563305,6.66
CHEMBL5401705,6.54
CHEMBL3608433,8.118
CHEMBL299707,4.0
CHEMBL165864,9.72
CHEMBL2105719,8.22
CHEMBL21108,4.05
CHEMBL3759280,8.3
CHEMBL5558514,6.46
CHEMBL4447196,6.3
CHEMBL1173397,4.82
CHEMBL4868965,5.87
CHEMBL5556861,6.325
CHEMBL4227091,8.395
CHEMBL118321,4.77
CHEMBL1821891,5.31
CHEMBL3975699,7.36
CHEMBL1097189,5.6
CHEMBL4280993,8.045
CHEMBL4531250,7.0433
CHEMBL1242026,6.18
CHEMBL1098120,6.0
CHEMBL206197,5.235
CHEMBL3957025,7.77
CHEMBL4789796,6.0
CHEMBL117554,5.16
CHEMBL5836601,6.56
CHEMBL5807906,6.56
CHEMBL4210550,7.08
CHEMBL5912353,8.52
CHEMBL4648271,7.445
CHEMBL3290142,7.55
CHEMBL3671491,8.7
CHEMBL91867,9.026
CHEMBL5417458,6.76
CHEMBL485745,5.2
CHEMBL6056083,5.62
CHEMBL4586164,5.54
CHEMBL2385980,5.26
CHEMBL3983460,5.53
CHEMBL121954,9.0
CHEMBL1173713,4.96
CHEMBL4083486,8.64
CHEMBL3797963,7.14
CHEMBL194337,5.68
CHEMBL6000385,6.44
CHEMBL592457,7.05
CHEMBL14932,7.01
CHEMBL4210237,5.0933
CHEMBL5287229,8.8767
CHEMBL3929584,7.54
CHEMBL1821871,6.43
CHEMBL4060103,8.035
CHEMBL433205,8.48
CHEMBL6063800,7.875
CHEMBL14627,7.13
CHEMBL497459,8.1
CHEMBL4746321,6.39
CHEMBL3671571,7.92
CHEMBL5826541,7.7433
CHEMBL2381511,6.7967
CHEMBL1271561,7.705
CHEMBL265629,6.46
CHEMBL4206501,7.6533
CHEMBL3753811,6.92
CHEMBL3263374,5.2
CHEMBL5810396,6.57
CHEMBL498134,7.8
CHEMBL257861,7.8
CHEMBL4793852,7.9367
CHEMBL5920538,7.7
CHEMBL4447982,6.65
CHEMBL157304,4.33
CHEMBL250923,8.4
CHEMBL2070195,5.43
CHEMBL5851917,8.7
CHEMBL3774926,6.46
CHEMBL5181487,7.26
CHEMBL5204446,6.2467
CHEMBL4241867,5.72
CHEMBL4229213,7.2
CHEMBL6034048,6.52
CHEMBL4210100,6.57
CHEMBL51265,7.29
CHEMBL6027049,6.26
CHEMBL48614,5.78
CHEMBL432738,5.87
CHEMBL5857449,7.43
CHEMBL205783,5.86
CHEMBL5199166,6.7275
CHEMBL6048492,8.0
CHEMBL5850696,8.55
CHEMBL5413423,7.045
CHEMBL5931729,8.3
CHEMBL332906,8.7
CHEMBL136674,7.15
CHEMBL5785108,7.96
CHEMBL4855312,6.12
CHEMBL1821879,4.71
CHEMBL5440766,7.66
CHEMBL3904205,6.76
CHEMBL5556316,4.37
CHEMBL3647418,8.32
CHEMBL91,4.53
CHEMBL424252,5.72
CHEMBL1828878,4.8
CHEMBL5985094,8.4
CHEMBL363815,8.61
CHEMBL598305,5.76
CHEMBL5950429,9.1733
CHEMBL154969,4.17
CHEMBL1956892,4.16
CHEMBL4079768,8.14
CHEMBL4752492,6.91
CHEMBL3612570,6.25
CHEMBL1958211,5.1
CHEMBL5950050,8.0
CHEMBL5962642,6.9333
CHEMBL470003,7.57
CHEMBL5218780,6.675
CHEMBL4552429,6.875
CHEMBL1272275,5.46
CHEMBL6012240,8.7
CHEMBL6001160,7.16
CHEMBL3092310,7.2
CHEMBL5193772,7.595
CHEMBL2336359,4.9
CHEMBL258282,8.3
CHEMBL3671575,6.71
CHEMBL4203110,6.04
CHEMBL5204954,6.36
CHEMBL1242112,6.04
CHEMBL2029437,8.864
CHEMBL5594128,7.07
CHEMBL5992914,5.71
CHEMBL598163,8.47
CHEMBL6064756,7.13
CHEMBL3765263,8.445
CHEMBL352801,6.38
CHEMBL175101,7.66
CHEMBL56393,6.0433
CHEMBL490687,5.12
CHEMBL3671481,7.58
CHEMBL5857367,9.0
CHEMBL5755194,8.0
CHEMBL604671,5.17
CHEMBL257430,8.1
CHEMBL78049,5.04
CHEMBL3902295,5.33
CHEMBL4448148,6.62
CHEMBL2385988,5.22
CHEMBL196548,6.02
CHEMBL3114688,7.89
CHEMBL1203939,8.03
CHEMBL289162,7.02
CHEMBL4795165,7.59
CHEMBL473553,7.2
CHEMBL113070,7.1
CHEMBL5892248,6.19
CHEMBL3754213,7.72
CHEMBL4282543,8.63
CHEMBL304271,9.35
CHEMBL6017936,5.57
CHEMBL67057,8.35
CHEMBL3970399,7.06
CHEMBL6017545,5.26
CHEMBL57759,8.15
CHEMBL4753700,7.71
CHEMBL592480,6.25
CHEMBL3608430,7.708
CHEMBL330323,6.7
CHEMBL1172781,6.78
CHEMBL243628,6.415
CHEMBL473556,5.82
CHEMBL5844686,8.0
CHEMBL162821,9.35
CHEMBL6051041,7.85
CHEMBL157128,6.82
CHEMBL80540,8.52
CHEMBL5770089,7.66
CHEMBL3961848,8.52
CHEMBL4064937,7.54
CHEMBL1080506,5.1
CHEMBL4579805,6.04
CHEMBL6034266,7.64
CHEMBL4165267,7.13
CHEMBL1090357,7.885
CHEMBL6006209,8.4
CHEMBL1241439,5.22
CHEMBL10,4.02
CHEMBL5946635,6.26
CHEMBL5199106,6.13
CHEMBL5208737,7.425
CHEMBL3967219,7.89
CHEMBL93181,8.0
CHEMBL4079566,8.245
CHEMBL293584,6.3
CHEMBL3947406,8.4
CHEMBL5814864,6.26
CHEMBL5179288,5.8667
CHEMBL4530170,8.79
CHEMBL4785849,7.39
CHEMBL4858583,9.41
CHEMBL583683,6.41
CHEMBL6046213,7.395
CHEMBL6047706,8.67
CHEMBL76905,4.43
CHEMBL4175782,8.11
CHEMBL5180251,9.19
CHEMBL49350,5.85
CHEMBL4286318,8.2
CHEMBL4212326,7.28
CHEMBL5897021,8.7
CHEMBL307062,6.09
CHEMBL3297894,7.52
CHEMBL36819,6.6
CHEMBL5591496,8.45
CHEMBL116308,6.45
CHEMBL5767398,4.98
CHEMBL3671580,7.92
CHEMBL377772,6.77
CHEMBL422531,4.92
CHEMBL80745,5.96
CHEMBL326811,5.79
CHEMBL5630690,7.665
CHEMBL5926724,5.26
CHEMBL5416719,6.99
CHEMBL153206,8.405
CHEMBL76432,7.845
CHEMBL5745328,6.305
CHEMBL5186362,9.52
CHEMBL3923551,6.71
CHEMBL5408586,7.305
CHEMBL2347972,7.055
CHEMBL5763337,8.52
CHEMBL1933083,7.26
CHEMBL3237938,4.74
CHEMBL1645476,8.0
CHEMBL75049,5.72
CHEMBL5181237,7.955
CHEMBL4098500,7.12
CHEMBL137364,7.19
CHEMBL3628799,5.4
CHEMBL122243,6.1
CHEMBL3586179,5.01
CHEMBL3805859,7.675
CHEMBL2437459,5.29
CHEMBL129579,8.32
CHEMBL5172236,8.19
CHEMBL1242111,5.75
CHEMBL4540442,7.61
CHEMBL300491,8.0
CHEMBL5284179,7.66
CHEMBL263528,6.77
CHEMBL81375,6.85
CHEMBL538814,6.34
CHEMBL4540303,9.43
CHEMBL53555,8.795
CHEMBL4745195,9.07
CHEMBL3753208,7.04
CHEMBL444724,8.44
CHEMBL1242752,4.27
CHEMBL541988,5.06
CHEMBL5276760,6.83
CHEMBL5290595,6.83
CHEMBL459,5.28
CHEMBL4067855,7.95
CHEMBL1242290,5.52
CHEMBL215033,7.0
CHEMBL245277,6.16
CHEMBL394495,6.92
CHEMBL3680375,7.95
CHEMBL4245874,6.55
CHEMBL5185864,7.95
CHEMBL5847902,7.54
CHEMBL1242377,5.85
CHEMBL73820,4.56
CHEMBL1830264,4.72
CHEMBL5773114,9.5267
CHEMBL5755291,9.0233
CHEMBL3092299,5.885
CHEMBL5749405,8.52
CHEMBL5281203,6.585
CHEMBL4581088,5.1
CHEMBL3760082,8.52
CHEMBL3233788,7.665
CHEMBL6017494,8.52
CHEMBL4077930,5.57
CHEMBL5760659,7.025
CHEMBL5957231,9.8533
CHEMBL3699612,7.7
CHEMBL515401,6.68
CHEMBL2381508,6.9667
CHEMBL3622632,8.92
CHEMBL5422383,7.58
CHEMBL5631610,6.855
CHEMBL4792967,9.77
CHEMBL6015337,7.75
CHEMBL6026303,6.83
CHEMBL4463563,6.04
CHEMBL2316143,5.68
CHEMBL4850856,6.68
CHEMBL4303382,7.235
CHEMBL5896727,9.3533
CHEMBL1200558,5.27
CHEMBL2425083,7.62
CHEMBL5188281,7.4033
CHEMBL4848234,6.93
CHEMBL1914666,6.0
CHEMBL2408829,6.7
CHEMBL311119,4.22
CHEMBL51028,6.06
CHEMBL4104658,7.7533
CHEMBL5950802,7.6
CHEMBL3416624,6.76
CHEMBL5894911,7.58
CHEMBL1945644,4.54
CHEMBL5404368,6.15
CHEMBL2425736,8.67
CHEMBL5821349,8.52
CHEMBL3622641,6.29
CHEMBL3425660,5.89
CHEMBL57892,7.0
CHEMBL5590430,8.515
CHEMBL3233765,5.47
CHEMBL5558549,6.66
CHEMBL6036276,8.22
CHEMBL1241860,5.05
CHEMBL5870500,8.2467
CHEMBL1172957,5.0
CHEMBL2437488,8.03
CHEMBL4870265,6.93
CHEMBL596964,6.785
CHEMBL332971,7.02
CHEMBL3098313,4.74
CHEMBL5816313,7.6
CHEMBL5592391,6.67
CHEMBL5561612,7.9733
CHEMBL3933539,8.28
CHEMBL4281426,7.34
CHEMBL2316155,5.28
CHEMBL5925024,6.5333
CHEMBL152984,6.12
CHEMBL2064395,7.21
CHEMBL5767790,6.76
CHEMBL204223,5.2
CHEMBL4449391,7.93
CHEMBL3959248,8.225
CHEMBL3088224,5.21
CHEMBL205765,7.04
CHEMBL91980,9.46
CHEMBL4576802,6.3933
CHEMBL1241861,5.0
CHEMBL5406771,7.35
CHEMBL5559071,6.595
CHEMBL6032873,8.2
CHEMBL1241768,5.85
CHEMBL1241678,5.8
CHEMBL5180070,5.52
CHEMBL4066569,7.275
CHEMBL6052743,5.66
CHEMBL1744086,7.02
CHEMBL1788321,7.17
CHEMBL5847747,7.7983
CHEMBL5200637,8.66
CHEMBL3671517,7.85
CHEMBL5440559,7.15
CHEMBL5423938,6.925
CHEMBL5750469,7.72
CHEMBL4208829,7.77
CHEMBL4097862,7.71
CHEMBL6033743,5.8333
CHEMBL6054383,5.62
CHEMBL4085902,5.54
CHEMBL3357653,7.95
CHEMBL3357652,8.45
CHEMBL5885178,6.26
CHEMBL4462971,6.16
CHEMBL5888426,5.78
CHEMBL55994,5.01
CHEMBL1271619,5.31
CHEMBL5858630,8.5267
CHEMBL5930490,6.52
CHEMBL93423,6.41
CHEMBL111038,7.2967
CHEMBL5827368,5.69
CHEMBL604672,5.11
CHEMBL3699620,7.7
CHEMBL5191674,9.22
CHEMBL193368,6.77
CHEMBL399372,7.92
CHEMBL5805507,7.175
CHEMBL3233767,7.71
CHEMBL131577,5.0
CHEMBL475769,8.4
CHEMBL6035688,9.0
CHEMBL5785533,8.52
CHEMBL5270419,6.92
CHEMBL2385975,6.1
CHEMBL3970231,8.84
CHEMBL5944794,8.56
CHEMBL5565503,8.54
CHEMBL4060198,7.75
CHEMBL4788364,6.775
CHEMBL3622650,8.28
CHEMBL3752008,7.83
CHEMBL3671501,7.64
CHEMBL1821884,4.75
CHEMBL4519305,6.68
CHEMBL4517633,7.2475
CHEMBL4083642,7.4
CHEMBL4213609,6.17
CHEMBL6035028,5.56
CHEMBL5631544,6.32
CHEMBL6042351,5.13
CHEMBL57251,5.77
CHEMBL5768939,8.05
CHEMBL5409736,4.73
CHEMBL553351,7.91
CHEMBL1830273,4.91
CHEMBL4750196,7.7825
CHEMBL5832595,8.06
CHEMBL1945646,4.67
CHEMBL5954442,7.6933
CHEMBL5972541,4.28
CHEMBL5817539,8.4
CHEMBL5396915,7.51
CHEMBL1171273,4.5
CHEMBL5964110,6.76
CHEMBL171256,4.84
CHEMBL3622630,6.92
CHEMBL606027,4.66
CHEMBL2047015,5.63
CHEMBL4091966,7.7
CHEMBL5907329,7.6
CHEMBL307481,5.0
CHEMBL5077901,6.42
CHEMBL4454709,5.77
CHEMBL3360614,7.78
CHEMBL4441404,6.15
CHEMBL1830279,5.11
CHEMBL3092317,5.805
CHEMBL4555707,7.49
CHEMBL3676390,6.23
CHEMBL5741712,8.0
CHEMBL4791108,6.48
CHEMBL4228120,7.37
CHEMBL5832966,7.96
CHEMBL6063908,7.7
CHEMBL5775729,8.7
CHEMBL5859805,7.43
CHEMBL4441745,7.26
CHEMBL4789312,8.66
CHEMBL55993,4.795
CHEMBL86326,4.71
CHEMBL290389,6.46
CHEMBL2442329,5.86
CHEMBL4294211,8.61
CHEMBL3935007,8.15
CHEMBL5750518,6.59
CHEMBL1958219,5.22
CHEMBL2070191,6.24
CHEMBL5813402,8.4
CHEMBL49596,5.25
CHEMBL3335245,4.12
CHEMBL131193,6.04
CHEMBL3355882,9.3
CHEMBL5742635,7.95
CHEMBL5204535,8.905
CHEMBL5807191,7.85
CHEMBL3937373,6.61
CHEMBL174634,5.58
CHEMBL4454929,7.38
CHEMBL5619848,6.63
CHEMBL2347971,6.905
CHEMBL7866,6.045
CHEMBL3622653,7.57
CHEMBL3961532,7.17
CHEMBL4250210,8.19
CHEMBL4747759,6.55
CHEMBL5978804,7.43
CHEMBL215559,6.94
CHEMBL5840304,6.26
CHEMBL3953921,7.23
CHEMBL353823,5.08
CHEMBL462162,6.14
CHEMBL3088223,4.91
CHEMBL5279636,7.16
CHEMBL53299,8.64
CHEMBL5178571,8.85
CHEMBL5899957,7.6
CHEMBL3671582,7.31
CHEMBL5569412,5.82
CHEMBL1230609,5.51
CHEMBL5945102,5.285
CHEMBL187007,4.54
CHEMBL5828219,8.7
CHEMBL50245,6.065
CHEMBL5286080,7.825
CHEMBL1172951,4.91
CHEMBL1241492,5.08
CHEMBL296582,5.51
CHEMBL3416598,6.56
CHEMBL5395951,7.675
CHEMBL243837,7.68
CHEMBL2334003,7.87
CHEMBL2335377,4.07
CHEMBL461114,7.12
CHEMBL3218424,6.19
CHEMBL5437181,6.495
CHEMBL4591886,8.83
CHEMBL2031313,7.43
CHEMBL4090582,7.0
CHEMBL104466,5.43
CHEMBL75880,5.83
CHEMBL604485,5.48
CHEMBL3087209,6.15
CHEMBL5912978,7.92
CHEMBL65038,7.82
CHEMBL3915538,5.21
CHEMBL4759650,7.32
CHEMBL1958024,5.37
CHEMBL201511,4.7633
CHEMBL589165,4.44
CHEMBL5879127,8.52
CHEMBL5968167,7.7433
CHEMBL4205688,6.63
CHEMBL93032,9.77
CHEMBL429057,5.96
CHEMBL3416599,6.62
CHEMBL3977926,7.465
CHEMBL518803,5.89
CHEMBL6022533,5.26
CHEMBL5833420,7.43
CHEMBL1641993,5.16
CHEMBL5178865,8.47
CHEMBL3678949,8.3233
CHEMBL3353395,4.47
CHEMBL540082,6.8
CHEMBL403357,6.57
CHEMBL5802671,6.32
CHEMBL5961642,7.0
CHEMBL1683971,5.38
CHEMBL5971053,8.3
CHEMBL5976557,5.33
CHEMBL1990583,5.68
CHEMBL495617,4.52
CHEMBL118205,5.09
CHEMBL1242470,4.96
CHEMBL448154,6.31
CHEMBL247916,6.28
CHEMBL1683972,7.42
CHEMBL122182,8.1
CHEMBL4473875,9.16
CHEMBL1202478,7.0
CHEMBL5567954,6.92
CHEMBL5987547,7.64
CHEMBL67027,6.16
CHEMBL589825,4.94
CHEMBL4282688,8.675
CHEMBL46946,5.16
CHEMBL5180289,7.595
CHEMBL3360620,9.09
CHEMBL5895755,8.1
CHEMBL332765,7.54
CHEMBL4878626,7.9
CHEMBL1243316,8.87
CHEMBL251291,6.94
CHEMBL5771047,8.46
CHEMBL289213,7.685
CHEMBL5200991,7.7875
CHEMBL5206436,7.99
CHEMBL5863176,4.61
CHEMBL1232944,5.69
CHEMBL1241681,5.68
CHEMBL5863747,5.0533
CHEMBL5798951,8.52
CHEMBL5779120,7.85
CHEMBL3085374,8.05
CHEMBL5078413,8.62
CHEMBL5192223,9.805
CHEMBL5786862,9.0
CHEMBL6024600,8.225
CHEMBL4293126,8.465
CHEMBL3353407,5.2133
CHEMBL196018,7.05
CHEMBL5887896,9.7
CHEMBL4456494,5.37
CHEMBL3263966,5.24
CHEMBL1830130,4.71
CHEMBL214478,8.05
CHEMBL168921,5.66
CHEMBL3416625,8.3
CHEMBL5176295,6.31
CHEMBL1172950,4.84
CHEMBL5944318,7.18
CHEMBL485321,5.66
CHEMBL3676373,6.65
CHEMBL5857090,8.05
CHEMBL3671504,7.05
CHEMBL1683969,6.81
CHEMBL5964212,6.76
CHEMBL4794857,6.67
CHEMBL21096,4.23
CHEMBL3699599,7.48
CHEMBL139095,8.62
CHEMBL5828421,7.22
CHEMBL1821873,6.09
CHEMBL5742722,7.89
CHEMBL3622636,7.04
CHEMBL5958646,8.52
CHEMBL5829030,6.71
CHEMBL4447976,6.81
CHEMBL1828865,5.17
CHEMBL5946595,5.46
CHEMBL4278886,7.67
CHEMBL5999776,7.96
CHEMBL2070200,5.94
CHEMBL3633942,5.84
CHEMBL2048910,7.68
CHEMBL3133903,5.64
CHEMBL5905455,6.32
CHEMBL6061803,7.89
CHEMBL4521506,8.4
CHEMBL1830265,4.69
CHEMBL3344211,7.83
CHEMBL2408045,8.16
CHEMBL504135,4.05
CHEMBL6022365,8.7
CHEMBL383246,7.6
CHEMBL419137,8.0
CHEMBL1958027,4.96
CHEMBL257815,7.8
CHEMBL5633067,8.965
CHEMBL5429838,7.175
CHEMBL3935034,7.75
CHEMBL3958631,7.7183
CHEMBL544867,7.96
CHEMBL94431,8.42
CHEMBL402316,7.32
CHEMBL608860,6.97
CHEMBL3085379,6.7
CHEMBL5872428,7.6
CHEMBL5979209,7.58
CHEMBL6026968,6.76
CHEMBL591051,4.71
CHEMBL5793320,9.0
CHEMBL4447225,6.23
CHEMBL225928,8.36
CHEMBL5289304,8.595
CHEMBL604094,7.08
CHEMBL5889345,5.78
CHEMBL5852751,7.26
CHEMBL358934,8.22
CHEMBL5922695,7.6
CHEMBL257816,7.89
CHEMBL1914667,8.33
CHEMBL2087360,8.025
CHEMBL6054496,7.785
CHEMBL1173814,7.16
CHEMBL4646281,5.63
CHEMBL6058940,6.52
CHEMBL1821885,4.59
CHEMBL1172573,5.2
CHEMBL176815,6.1
CHEMBL2424664,6.8
CHEMBL5291434,7.805
CHEMBL31326,7.91
CHEMBL461571,5.65
CHEMBL6026532,6.76
CHEMBL4067373,6.42
CHEMBL2424676,6.24
CHEMBL1241944,5.58
CHEMBL218677,8.7
CHEMBL4852264,7.41
CHEMBL3221556,6.05
CHEMBL5758176,7.47
CHEMBL5821647,8.0
CHEMBL5584189,8.54
CHEMBL5400539,8.14
CHEMBL5289358,8.14
CHEMBL5208416,8.25
CHEMBL3754057,7.58
CHEMBL1241301,4.0
CHEMBL2047025,5.81
CHEMBL3903249,6.16
CHEMBL3903870,7.72
CHEMBL306029,5.72
CHEMBL593760,5.64
CHEMBL5871879,7.06
CHEMBL4282460,7.86
CHEMBL401644,5.08
CHEMBL3926223,6.85
CHEMBL3894726,6.23
CHEMBL5189711,7.5
CHEMBL3923650,6.28
CHEMBL2335019,4.57
CHEMBL24026,6.1
CHEMBL3357651,8.02
CHEMBL3357650,8.25
CHEMBL3818547,8.6867
CHEMBL5952214,5.26
CHEMBL5856403,5.962
CHEMBL3741324,5.62
CHEMBL3086103,7.26
CHEMBL4077973,7.2
CHEMBL1645474,8.22
CHEMBL5744898,8.52
CHEMBL4591327,6.1267
CHEMBL31588,8.255
CHEMBL2148053,7.96
CHEMBL513362,7.85
CHEMBL470218,7.89
CHEMBL3805782,7.255
CHEMBL3088225,5.0
CHEMBL5882437,6.32
CHEMBL66409,7.6
CHEMBL3357654,8.335
CHEMBL3357655,8.3
CHEMBL5994362,7.89
CHEMBL3919609,8.82
CHEMBL4279863,4.35
CHEMBL5980501,8.51
CHEMBL5270334,7.47
CHEMBL3623286,8.64
CHEMBL365606,6.7
CHEMBL3916141,6.13
CHEMBL5903857,8.3
CHEMBL3612571,5.89
CHEMBL6026502,6.89
CHEMBL5839323,8.7
CHEMBL2424795,5.47
CHEMBL6034481,7.6
CHEMBL5770931,5.26
CHEMBL470011,8.0
CHEMBL203644,9.52
CHEMBL4576626,4.79
CHEMBL196925,6.92
CHEMBL1257998,5.64
CHEMBL3114686,7.735
CHEMBL4227210,8.38
CHEMBL135902,8.0
CHEMBL4740063,8.125
CHEMBL328244,6.24
CHEMBL5913484,6.76
CHEMBL5784511,6.6
CHEMBL3663927,8.885
CHEMBL3746711,5.9
CHEMBL5560649,6.92
CHEMBL4588202,6.18
CHEMBL54475,6.16
CHEMBL1958215,6.62
CHEMBL5911586,6.76
CHEMBL97771,6.43
CHEMBL247468,6.4
CHEMBL451074,6.64
CHEMBL4279008,5.82
CHEMBL158805,5.28
CHEMBL500591,7.57
CHEMBL3946232,7.865
CHEMBL5270336,6.19
CHEMBL3752370,7.74
CHEMBL338175,8.82
CHEMBL4642158,6.94
CHEMBL5946980,8.7
CHEMBL1645471,7.3
CHEMBL347854,4.54
CHEMBL3612580,5.12
CHEMBL4741678,7.54
CHEMBL1630118,8.66
CHEMBL135577,5.34
CHEMBL4245415,8.51
CHEMBL4761468,9.74
CHEMBL5823957,7.6
CHEMBL592427,5.65
CHEMBL78280,5.4
CHEMBL5559069,6.18
CHEMBL3263964,6.77
CHEMBL4064361,7.7
CHEMBL5824770,8.52
CHEMBL475352,5.58
CHEMBL1278149,5.23
CHEMBL4465727,6.26
CHEMBL5876724,8.25
CHEMBL204638,8.82
CHEMBL5833997,6.26
CHEMBL3671560,6.53
CHEMBL593294,6.64
CHEMBL5745455,7.24
CHEMBL3961961,8.4
CHEMBL3960332,6.96
CHEMBL2283259,4.53
CHEMBL6043477,6.45
CHEMBL5772446,8.7
CHEMBL4165126,6.08
CHEMBL5853424,5.06
CHEMBL4860202,5.0
CHEMBL5931975,9.0
CHEMBL5790308,8.0
CHEMBL61119,5.28
CHEMBL4288246,8.15
CHEMBL4102179,6.82
CHEMBL1171822,4.71
CHEMBL4553708,4.18
CHEMBL232082,6.77
CHEMBL1828883,4.48
CHEMBL5961562,6.1683
CHEMBL500640,6.85
CHEMBL2031307,9.17
CHEMBL335718,5.89
CHEMBL5280635,7.07
CHEMBL422066,6.37
CHEMBL2437461,5.8617
CHEMBL5565051,6.08
CHEMBL3092303,5.93
CHEMBL2070197,6.2
CHEMBL5963945,7.58
CHEMBL525725,7.31
CHEMBL153525,8.91
CHEMBL5874947,6.26
CHEMBL438440,7.13
CHEMBL5789472,7.71
CHEMBL5893218,9.0267
CHEMBL5779580,6.73
CHEMBL4637355,5.41
CHEMBL5173986,6.885
CHEMBL5170653,7.24
CHEMBL3785393,7.33
CHEMBL3360615,7.45
CHEMBL5981661,7.5067
CHEMBL3699602,8.26
CHEMBL473141,4.99
CHEMBL5760623,8.4
CHEMBL592707,5.49
CHEMBL5436057,5.945
CHEMBL3233790,7.93
CHEMBL4160854,5.27
CHEMBL3975588,6.19
CHEMBL5860078,8.52
CHEMBL2070193,6.1
CHEMBL2048791,6.02
CHEMBL1241864,5.85
CHEMBL6026193,8.4
CHEMBL3622671,8.28
CHEMBL118130,8.22
CHEMBL4088760,7.45
CHEMBL5190204,8.4
CHEMBL5436096,7.64
CHEMBL31816,7.78
CHEMBL5750984,6.75
CHEMBL3671487,8.4
CHEMBL5759591,6.76
CHEMBL77397,5.56
CHEMBL3671572,7.5
CHEMBL2333998,6.38
CHEMBL1241675,4.92
CHEMBL5914292,7.6267
CHEMBL2385979,5.82
CHEMBL5801199,6.685
CHEMBL5892140,8.7
CHEMBL384699,7.29
CHEMBL3086106,8.14
CHEMBL516047,8.06
CHEMBL243410,6.115
CHEMBL4175024,9.7
CHEMBL5624580,7.915
CHEMBL5428623,7.25
CHEMBL4097883,7.75
CHEMBL4793338,9.0267
CHEMBL1242847,5.37
CHEMBL1241586,6.03
CHEMBL5572670,8.83
CHEMBL5789905,7.405
CHEMBL3741069,5.59
CHEMBL2325108,6.68
CHEMBL3114687,7.84
CHEMBL3353410,7.7889
CHEMBL4741340,7.855
CHEMBL334255,5.46
CHEMBL5741413,5.9783
CHEMBL5619849,6.47
CHEMBL55748,4.95
CHEMBL78685,5.8
CHEMBL62843,4.0
CHEMBL5619554,6.67
CHEMBL331906,7.58
CHEMBL5192185,5.25
CHEMBL4786168,6.98
CHEMBL122411,7.52
CHEMBL3972316,8.345
CHEMBL5280292,6.47
CHEMBL291701,6.17
CHEMBL5946210,6.76
CHEMBL5987223,8.34
CHEMBL3759480,8.82
CHEMBL593292,6.17
CHEMBL1945448,7.05
CHEMBL5183327,6.78
CHEMBL5798503,4.85
CHEMBL417478,8.36
CHEMBL1630111,8.54
CHEMBL5918652,9.0
CHEMBL6003119,7.5
CHEMBL80155,5.22
CHEMBL4536115,6.19
CHEMBL3622638,8.0
CHEMBL5898294,8.48
CHEMBL444619,8.3
CHEMBL4797395,7.39
CHEMBL1545480,6.97
CHEMBL3758582,9.3
CHEMBL3699585,7.7
CHEMBL5925992,8.55
CHEMBL4209019,7.6875
CHEMBL4291900,7.02
CHEMBL63469,8.19
CHEMBL6048009,5.9125
CHEMBL595374,5.85
CHEMBL5973763,5.26
CHEMBL185327,4.96
CHEMBL76589,6.95
CHEMBL5862436,9.1867
CHEMBL1829272,4.58
CHEMBL469354,8.0
CHEMBL4204937,5.4267
CHEMBL1093099,4.82
CHEMBL3758951,8.1
CHEMBL432903,6.7
CHEMBL5872217,7.52
CHEMBL5411886,9.05
CHEMBL1242028,5.16
CHEMBL365805,5.745
CHEMBL4463012,7.365
CHEMBL3355889,9.28
CHEMBL5831921,9.31
CHEMBL2437486,7.072
CHEMBL5279914,7.7
CHEMBL589120,4.83
CHEMBL165788,8.96
CHEMBL3806213,7.62
CHEMBL105436,5.76
CHEMBL5396086,9.76
CHEMBL4105503,6.38
CHEMBL3671581,7.75
CHEMBL30432,8.575
CHEMBL1914671,7.48
CHEMBL6021920,6.7
CHEMBL6022955,8.46
CHEMBL5790648,10.54
CHEMBL251732,7.19
CHEMBL4081698,5.33
CHEMBL5742497,7.47
CHEMBL4740234,7.505
CHEMBL3978686,7.08
CHEMBL5899926,5.26
CHEMBL4794223,7.585
CHEMBL5804773,9.0
CHEMBL1688860,5.31
CHEMBL93734,7.55
CHEMBL4292715,5.57
CHEMBL4846607,7.08
CHEMBL3234745,6.89
CHEMBL5750713,6.26
CHEMBL5853466,6.52
CHEMBL5837340,7.51
CHEMBL372293,6.7
CHEMBL4519470,6.79
CHEMBL297968,7.925
CHEMBL4287629,6.1
CHEMBL5956184,8.855
CHEMBL1242853,6.41
CHEMBL1242024,6.02
CHEMBL5565103,7.24
CHEMBL379047,6.81
CHEMBL5849866,8.52
CHEMBL3905552,6.17
CHEMBL5400143,7.82
CHEMBL5836136,8.15
CHEMBL4094471,5.35
CHEMBL4060003,7.28
CHEMBL5803675,8.7
CHEMBL5972309,9.69
CHEMBL5619530,7.29
CHEMBL3760023,7.58
CHEMBL5571590,6.04
CHEMBL5840159,7.29
CHEMBL2408825,6.21
CHEMBL6040910,8.4
CHEMBL2425737,7.6
CHEMBL4877452,6.75
CHEMBL572030,6.75
CHEMBL3353409,5.2833
CHEMBL5570405,7.64
CHEMBL505463,6.55
CHEMBL5819792,6.76
CHEMBL3623278,8.3
CHEMBL74722,7.6
CHEMBL320705,7.18
CHEMBL4446124,7.0
CHEMBL5786877,9.04
CHEMBL5268143,7.72
CHEMBL56912,8.1
CHEMBL3754040,7.03
CHEMBL4086821,6.53
CHEMBL540292,5.14
CHEMBL2029431,7.724
CHEMBL5895880,8.22
CHEMBL55360,5.14
CHEMBL420885,6.57
CHEMBL3786343,7.68
CHEMBL6028345,6.4514
CHEMBL4283970,7.62
CHEMBL5881427,8.3
CHEMBL5278452,7.15
CHEMBL5266798,7.62
CHEMBL4284071,9.15
CHEMBL5829312,5.9575
CHEMBL5404784,6.84
CHEMBL4290375,6.04
CHEMBL5850442,6.52
CHEMBL5597403,6.85
CHEMBL5918623,7.29
CHEMBL335012,5.09
CHEMBL5892653,5.26
CHEMBL3436358,7.22
CHEMBL597569,7.98
CHEMBL3828079,7.165
CHEMBL3787220,8.05
CHEMBL6000674,8.52
CHEMBL279481,4.54
CHEMBL5184313,6.6567
CHEMBL5937054,8.22
CHEMBL6028388,6.26
CHEMBL1169856,5.29
CHEMBL4757145,8.18
CHEMBL3671496,8.7
CHEMBL590878,8.2
CHEMBL5950803,9.015
CHEMBL93284,6.27
CHEMBL5206697,6.9075
CHEMBL5914297,8.7
CHEMBL2047016,5.85
CHEMBL4861346,7.645
CHEMBL1782692,7.51
CHEMBL3355875,9.33
CHEMBL6050060,5.1
CHEMBL3937949,8.21
CHEMBL96065,9.05
CHEMBL5896779,4.79
CHEMBL2347969,6.695
CHEMBL2425093,7.44
CHEMBL2031297,8.05
CHEMBL2437471,8.07
CHEMBL4063701,5.23
CHEMBL5868212,6.26
CHEMBL5879850,9.1
CHEMBL1760035,6.07
CHEMBL3699617,7.225
CHEMBL2426284,5.615
CHEMBL31630,7.38
CHEMBL4074766,5.9
CHEMBL460736,8.07
CHEMBL3655350,9.0
CHEMBL1242658,4.81
CHEMBL1242657,5.06
CHEMBL5175873,8.67
CHEMBL91914,4.92
CHEMBL448628,7.6
CHEMBL6042374,6.43
CHEMBL54474,6.03
CHEMBL245869,7.14
CHEMBL69964,6.68
CHEMBL2018773,5.04
CHEMBL176891,8.88
CHEMBL255871,8.1
CHEMBL408565,4.88
CHEMBL1830129,4.63
CHEMBL5826650,8.15
CHEMBL5275642,8.7575
CHEMBL2029699,5.07
CHEMBL6062783,8.7
CHEMBL5289352,6.26
CHEMBL4087375,7.65
CHEMBL4093954,7.8
CHEMBL5768666,7.6
CHEMBL5756092,6.13
CHEMBL5274305,7.43
CHEMBL3699621,7.7
CHEMBL5755058,8.9967
CHEMBL5955416,7.48
CHEMBL1944641,4.09
CHEMBL161956,9.66
CHEMBL521155,4.46
CHEMBL5597916,7.444
CHEMBL5968112,8.15
CHEMBL5920179,6.26
CHEMBL5978253,6.52
CHEMBL1821867,5.72
CHEMBL2426248,5.64
CHEMBL511449,4.75
CHEMBL53428,8.945
CHEMBL2426290,5.9333
CHEMBL3655346,7.72
CHEMBL4778159,7.48
CHEMBL1981977,5.01
CHEMBL5762278,6.76
CHEMBL2426287,6.72
CHEMBL4216784,5.5667
CHEMBL5813773,8.2
CHEMBL2178368,7.04
CHEMBL371863,6.7
CHEMBL1944927,4.18
CHEMBL205059,9.05
CHEMBL3909201,9.125
CHEMBL4078920,6.59
CHEMBL3759015,6.64
CHEMBL5834686,9.0
CHEMBL1923007,7.47
CHEMBL5206683,7.72
CHEMBL5780557,7.69
CHEMBL5917268,8.52
CHEMBL5265797,5.61
CHEMBL1928949,6.43
CHEMBL5814141,8.4
CHEMBL4538066,6.75
CHEMBL5929353,7.48
CHEMBL5949485,8.7
CHEMBL5272858,6.97
CHEMBL596755,7.81
CHEMBL5993924,8.22
CHEMBL47940,5.5
CHEMBL3416629,7.58
CHEMBL5900120,5.16
CHEMBL5832640,6.93
CHEMBL1821877,5.03
CHEMBL3628792,5.88
CHEMBL493428,7.62
CHEMBL5631083,8.2
CHEMBL473427,8.1
CHEMBL5784215,5.72
CHEMBL73625,4.12
CHEMBL3954906,7.48
CHEMBL6036007,7.85
CHEMBL418907,5.535
CHEMBL5572504,9.8
CHEMBL109296,5.35
CHEMBL284326,7.38
CHEMBL5971019,6.05
CHEMBL332938,6.7
CHEMBL1221700,6.16
CHEMBL305246,8.55
CHEMBL590558,7.49
CHEMBL3219127,7.974
CHEMBL248877,6.44
CHEMBL3612593,7.28
CHEMBL4878421,6.24
CHEMBL6030424,7.63
CHEMBL4784777,9.4
CHEMBL5200598,7.2067
CHEMBL356850,7.755
CHEMBL496174,8.15
CHEMBL495979,6.96
CHEMBL571809,6.62
CHEMBL4061829,8.01
CHEMBL95774,7.1
CHEMBL5912662,8.3
CHEMBL5758862,7.89
CHEMBL4289490,8.05
CHEMBL116595,6.08
CHEMBL4228848,6.89
CHEMBL1821874,6.01
CHEMBL253292,6.42
CHEMBL6018816,8.52
CHEMBL5926581,5.96
CHEMBL6020997,8.22
CHEMBL6007655,6.1725
CHEMBL3344217,7.05
CHEMBL5862480,4.86
CHEMBL4098444,8.57
CHEMBL4634317,4.72
CHEMBL3753305,7.68
CHEMBL2437224,7.89
CHEMBL3916644,6.29
CHEMBL3809045,6.06
CHEMBL5782176,6.26
CHEMBL175409,6.1
CHEMBL1619395,7.09
CHEMBL5835925,5.62
CHEMBL3297998,6.47
CHEMBL1910275,4.32
CHEMBL6058591,8.4
CHEMBL6022727,6.56
CHEMBL139307,6.71
CHEMBL5846040,6.52
CHEMBL4575583,9.0
CHEMBL373207,8.51
CHEMBL4099713,7.31
CHEMBL3086104,7.45
CHEMBL312753,9.0
CHEMBL3676363,7.72
CHEMBL4171115,6.09
CHEMBL3216699,5.64
CHEMBL6043071,7.885
CHEMBL137788,6.47
CHEMBL2437227,7.68
CHEMBL4454516,9.23
CHEMBL1098119,5.79
CHEMBL4077419,6.83
CHEMBL5186680,10.135
CHEMBL5772311,7.6
CHEMBL5902984,6.26
CHEMBL1829274,4.67
CHEMBL5888373,5.26
CHEMBL3916927,8.89
CHEMBL5802687,6.26
CHEMBL3233786,8.35
CHEMBL4435699,7.82
CHEMBL5555620,7.0
CHEMBL4076434,7.8
CHEMBL154911,4.0
CHEMBL4859473,6.84
CHEMBL460746,6.55
CHEMBL5281118,5.72
CHEMBL6022949,7.52
CHEMBL1242201,6.36
CHEMBL3671530,6.9
CHEMBL5811425,8.3
CHEMBL4129387,7.52
CHEMBL6039588,7.88
CHEMBL5565728,6.89
CHEMBL6023228,8.4
CHEMBL6019018,7.57
CHEMBL3040806,7.38
CHEMBL3092324,6.78
CHEMBL91748,6.6
CHEMBL2336361,5.0
CHEMBL3425666,6.145
CHEMBL5880574,6.28
CHEMBL403569,6.49
CHEMBL249927,7.01
CHEMBL208358,6.96
CHEMBL3678957,7.68
CHEMBL5824767,6.28
CHEMBL3633934,7.64
CHEMBL3805299,7.13
CHEMBL5938227,8.7
CHEMBL3297893,6.91
CHEMBL204268,6.73
CHEMBL2335013,4.71
CHEMBL4288080,7.87
CHEMBL2148046,7.28
CHEMBL5180894,8.0567
CHEMBL5889356,7.26
CHEMBL440453,6.68
CHEMBL4071463,8.55
CHEMBL3699611,7.725
CHEMBL1270795,5.3
CHEMBL258940,8.52
CHEMBL5435225,7.52
CHEMBL421326,8.4
CHEMBL91484,7.57
CHEMBL5812980,6.52
CHEMBL1928711,5.79
CHEMBL5809227,8.3
CHEMBL5207479,7.89
CHEMBL122721,4.57
CHEMBL5286092,7.21
CHEMBL162719,8.19
CHEMBL514436,7.57
CHEMBL4637274,8.62
CHEMBL3671547,6.06
CHEMBL410659,5.02
CHEMBL5969574,5.66
CHEMBL490775,5.16
CHEMBL311133,5.16
CHEMBL5988246,7.38
CHEMBL5820547,7.91
CHEMBL29641,6.9
CHEMBL112925,5.06
CHEMBL432941,5.05
CHEMBL2031311,7.9
CHEMBL3655341,9.0
CHEMBL4083224,6.68
CHEMBL5934729,9.0
CHEMBL1242755,6.27
CHEMBL5573322,4.49
CHEMBL102726,6.5
CHEMBL325245,8.0
CHEMBL5175891,6.725
CHEMBL6021002,7.79
CHEMBL5879816,8.7
CHEMBL336410,5.16
CHEMBL5076067,9.075
CHEMBL7775,5.06
CHEMBL5865099,6.7767
CHEMBL6021032,5.62
CHEMBL5416252,8.1
CHEMBL4289728,6.69
CHEMBL6002699,8.4
CHEMBL5563485,7.11
CHEMBL241919,7.18
CHEMBL5980554,6.4825
CHEMBL3133901,5.66
CHEMBL2048908,8.15
CHEMBL1094835,5.61
CHEMBL4869634,5.71
CHEMBL3360606,9.49
CHEMBL168661,6.53
CHEMBL1829275,4.61
CHEMBL3806066,6.88
CHEMBL1242200,4.96
CHEMBL1760057,5.64
CHEMBL5439238,8.43
CHEMBL2425088,6.72
CHEMBL3325470,4.98
CHEMBL3699614,7.98
CHEMBL3678946,8.8733
CHEMBL6044345,7.23
CHEMBL122260,5.01
CHEMBL47173,5.0
CHEMBL341319,8.59
CHEMBL6017443,5.99
CHEMBL2322329,6.715
CHEMBL5281140,8.92
CHEMBL5266601,7.97
CHEMBL4584413,7.92
CHEMBL277667,4.0
CHEMBL4096021,8.755
CHEMBL5788210,8.165
CHEMBL5273197,8.55
CHEMBL5583867,6.355
CHEMBL5744692,8.7
CHEMBL25450,6.3
CHEMBL3676343,6.76
CHEMBL2437474,5.134
CHEMBL114392,5.57
CHEMBL2283257,4.8
CHEMBL4129607,7.85
CHEMBL1084117,4.21
CHEMBL5440626,8.25
CHEMBL3671492,8.05
CHEMBL430031,7.5
CHEMBL5406303,8.12
CHEMBL3906533,8.36
CHEMBL5849525,7.6
CHEMBL4225565,6.28
CHEMBL383614,5.57
CHEMBL3098322,5.37
CHEMBL3676342,6.06
CHEMBL3671569,6.43
CHEMBL4173032,6.76
CHEMBL4785569,9.52
CHEMBL5916200,8.7
CHEMBL6010478,8.4
CHEMBL3977326,7.68
CHEMBL210378,6.69
CHEMBL3325471,5.27
CHEMBL5198992,6.24
CHEMBL5280471,8.15
CHEMBL5785289,5.02
CHEMBL5800758,7.78
CHEMBL4784185,5.8633
CHEMBL5993268,10.095
CHEMBL541307,5.41
CHEMBL3815161,7.6267
CHEMBL523059,4.66
CHEMBL6043125,6.26
CHEMBL293251,4.94
CHEMBL5879924,6.26
CHEMBL5758455,8.05
CHEMBL4105329,8.29
CHEMBL3752074,7.31
CHEMBL4116552,8.64
CHEMBL2148049,7.33
CHEMBL4080008,8.055
CHEMBL4456370,5.2
CHEMBL4204354,4.8467
CHEMBL301483,5.9
CHEMBL5398855,5.645
CHEMBL5555183,4.29
CHEMBL5823520,5.62
CHEMBL3968417,8.85
CHEMBL4065984,6.22
CHEMBL4209119,5.5033
CHEMBL6005779,7.955
CHEMBL480356,5.46
CHEMBL5805378,8.2567
CHEMBL5790950,8.52
CHEMBL5266896,6.54
CHEMBL305782,6.75
CHEMBL3234744,6.92
CHEMBL5619516,7.12
CHEMBL4851795,7.18
CHEMBL5967217,6.26
CHEMBL1242034,4.0
CHEMBL4473365,7.9733
CHEMBL5958444,5.93
CHEMBL4241638,7.03
CHEMBL5998176,8.4
CHEMBL3235203,6.38
CHEMBL3133895,5.975
CHEMBL5843771,8.62
CHEMBL3676361,7.89
CHEMBL6008298,8.1
CHEMBL522785,5.48
CHEMBL4791195,9.1
CHEMBL5916066,9.0
CHEMBL3133755,5.48
CHEMBL5208056,7.995
CHEMBL2348194,5.995
CHEMBL5740720,9.67
CHEMBL1095776,4.02
CHEMBL2152252,6.13
CHEMBL2064379,4.12
CHEMBL1233882,6.21
CHEMBL381541,5.255
CHEMBL1998736,5.13
CHEMBL5080676,7.7767
CHEMBL4800533,6.48
CHEMBL5759845,6.76
CHEMBL4749765,7.55
CHEMBL5275712,7.5
CHEMBL3680373,8.19
CHEMBL7917,8.3783
CHEMBL3930965,7.185
CHEMBL5593471,8.97
CHEMBL5201054,7.99
CHEMBL5206164,9.59
CHEMBL1172843,7.8
CHEMBL2310642,6.725
CHEMBL6007835,8.1
CHEMBL4176787,7.055
CHEMBL5844317,6.48
CHEMBL1242569,5.29
CHEMBL3613702,10.43
CHEMBL206370,5.01
CHEMBL5272096,6.04
CHEMBL5895507,6.26
CHEMBL115519,5.36
CHEMBL599728,5.51
CHEMBL5206298,6.8033
CHEMBL93386,7.7
CHEMBL346770,5.26
CHEMBL5755978,7.92
CHEMBL4753913,6.64
CHEMBL598611,8.09
CHEMBL5085816,7.39
CHEMBL5071181,7.0767
CHEMBL4553484,6.05
CHEMBL5199341,8.8
CHEMBL5792678,6.3783
CHEMBL256297,7.92
CHEMBL101683,5.14
CHEMBL131020,5.96
CHEMBL5962799,7.6
CHEMBL4748367,10.0
CHEMBL2070198,7.01
CHEMBL6012141,5.26
CHEMBL4587811,6.55
CHEMBL5746241,5.07
CHEMBL5630609,8.285
CHEMBL3814846,6.5275
CHEMBL3806005,6.7
CHEMBL5954631,6.26
CHEMBL5918833,4.54
CHEMBL4214620,5.1867
CHEMBL202421,7.77
CHEMBL246356,4.6
CHEMBL4085352,7.22
CHEMBL3233780,6.655
CHEMBL420624,10.0
CHEMBL117710,6.12
CHEMBL3967512,8.48
CHEMBL591495,5.8
CHEMBL4126358,8.6
CHEMBL5184760,8.08
CHEMBL3759961,8.7
CHEMBL248864,6.69
CHEMBL5766471,7.245
CHEMBL5935095,9.0
CHEMBL4083815,5.14
CHEMBL74645,4.59
CHEMBL3951434,8.0
CHEMBL3752363,8.89
CHEMBL495733,6.92
CHEMBL3828021,8.41
CHEMBL3622649,8.09
CHEMBL6053635,8.4167
CHEMBL6000404,5.26
CHEMBL4207305,5.51
CHEMBL5400371,6.68
CHEMBL5419101,7.15
CHEMBL5860263,5.62
CHEMBL4165894,7.995
CHEMBL5966545,6.76
CHEMBL1173398,4.7
CHEMBL4866102,5.6167
CHEMBL5834784,8.3
CHEMBL599863,9.43
CHEMBL954,5.98
CHEMBL5796011,5.26
CHEMBL328879,7.26
CHEMBL4227201,8.515
CHEMBL3759478,8.05
CHEMBL5913710,7.48
CHEMBL5746419,6.76
CHEMBL6046464,6.26
CHEMBL1683960,6.23
CHEMBL3763405,8.265
CHEMBL542733,6.6
CHEMBL5927526,8.52
CHEMBL1821888,4.67
CHEMBL4087921,4.33
CHEMBL4126654,7.16
CHEMBL5901093,6.36
CHEMBL6047629,7.42
CHEMBL1744349,7.05
CHEMBL5763010,6.76
CHEMBL5563422,6.575
CHEMBL5559367,7.6267
CHEMBL3219505,6.24
CHEMBL144159,5.395
CHEMBL1928959,6.14
CHEMBL5286853,5.34
CHEMBL5794723,8.4
CHEMBL5094480,9.05
CHEMBL3799345,4.31
CHEMBL3237947,4.95
CHEMBL3234740,5.41
CHEMBL3612573,6.36
CHEMBL1821895,5.27
CHEMBL5205073,5.845
CHEMBL4539566,6.645
CHEMBL3798556,4.46
CHEMBL5566173,8.48
CHEMBL4638194,6.07
CHEMBL3663937,8.82
CHEMBL3416437,6.82
CHEMBL3604931,5.9
CHEMBL3676380,6.9
CHEMBL6058695,9.17
CHEMBL4787483,8.084
CHEMBL5406792,7.97
CHEMBL4465497,8.1
CHEMBL4593609,7.72
CHEMBL4516635,8.03
CHEMBL340660,6.25
CHEMBL4226562,6.54
CHEMBL5194245,7.42
CHEMBL5273525,7.0
CHEMBL4288761,6.03
CHEMBL5755313,7.4783
CHEMBL5776776,6.76
CHEMBL93544,5.7
CHEMBL225720,7.43
CHEMBL5953610,6.52
CHEMBL271705,9.0
CHEMBL5973646,7.85
CHEMBL136178,5.98
CHEMBL3753142,7.11
CHEMBL5937036,7.95
CHEMBL6058524,6.35
CHEMBL3892567,8.41
CHEMBL5862502,7.85
CHEMBL340611,7.37
CHEMBL4283823,7.335
CHEMBL5996878,7.655
CHEMBL31876,6.235
CHEMBL6060271,7.26
CHEMBL4464589,8.12
CHEMBL345862,4.33
CHEMBL4575267,7.58
CHEMBL6017173,5.62
CHEMBL5560045,4.25
CHEMBL5565435,5.38
CHEMBL1229517,7.32
CHEMBL196738,6.7
CHEMBL3902576,4.0
CHEMBL2064400,4.19
CHEMBL5422135,8.4
CHEMBL4436337,8.37
CHEMBL4060320,8.64
CHEMBL5787750,8.3
CHEMBL6027911,8.0
CHEMBL36967,8.17
CHEMBL57323,6.21
CHEMBL3827349,7.505
CHEMBL4792577,9.3
CHEMBL5088574,6.47
CHEMBL454002,5.0
CHEMBL3902778,8.44
CHEMBL2029692,5.17
CHEMBL4584630,7.025
CHEMBL597752,8.11
CHEMBL1641996,4.25
CHEMBL3676377,7.195
CHEMBL3676375,7.06
CHEMBL3676376,7.78
CHEMBL5952683,5.26
CHEMBL130163,5.58
CHEMBL4750343,6.63
CHEMBL5209545,7.665
CHEMBL3806143,7.73
CHEMBL5868329,5.16
CHEMBL4514452,7.9325
CHEMBL1944931,4.03
CHEMBL492199,5.52
CHEMBL3416590,5.73
CHEMBL3416447,8.05
CHEMBL3416591,7.72
CHEMBL5193027,7.82
CHEMBL251315,6.18
CHEMBL399373,8.38
CHEMBL251314,7.93
CHEMBL1241271,4.72
CHEMBL5202119,7.01
CHEMBL3753836,6.88
CHEMBL5882388,7.68
CHEMBL5421809,5.66
CHEMBL422292,7.29
CHEMBL3092307,6.045
CHEMBL2048797,8.51
CHEMBL3982619,7.35
CHEMBL283088,6.7
CHEMBL3925959,7.0
CHEMBL5191556,7.99
CHEMBL4213741,6.55
CHEMBL4206312,7.54
CHEMBL1928946,6.97
CHEMBL74481,6.96
CHEMBL53898,6.16
CHEMBL4858714,7.0
CHEMBL5909516,8.7
CHEMBL5789779,7.495
CHEMBL5177090,6.69
CHEMBL5200160,4.33
CHEMBL3806110,7.93
CHEMBL5841377,6.5
CHEMBL3671556,7.16
CHEMBL5769174,6.12
CHEMBL204335,5.385
CHEMBL5206817,7.72
CHEMBL5170278,6.45
CHEMBL1203938,7.32
CHEMBL5939053,7.1
CHEMBL4778248,10.0
CHEMBL1079742,7.515
CHEMBL3746168,5.03
CHEMBL1812573,6.72
CHEMBL5591930,8.46
CHEMBL4763967,7.58
CHEMBL5934800,8.7
CHEMBL1242846,4.0
CHEMBL5852243,7.39
CHEMBL490570,4.3
CHEMBL1934622,7.66
CHEMBL3671535,6.8
CHEMBL4867893,7.05
CHEMBL17157,5.45
CHEMBL6033429,8.7
CHEMBL5760776,8.02
CHEMBL3814182,6.7767
CHEMBL4470214,4.74
CHEMBL3622675,8.62
CHEMBL5271043,6.685
CHEMBL3740614,4.94
CHEMBL1095154,5.89
CHEMBL5416812,8.66
CHEMBL5871700,6.8
CHEMBL5893022,7.96
CHEMBL5286368,7.59
CHEMBL207037,7.3
CHEMBL6042815,8.21
CHEMBL6048717,7.6
CHEMBL5858369,8.22
CHEMBL4294264,5.71
CHEMBL5198433,7.135
CHEMBL2064374,5.24
CHEMBL5406587,8.68
CHEMBL5265870,6.945
CHEMBL6062282,6.92
CHEMBL4776751,9.3
CHEMBL5192184,6.47
CHEMBL5083034,7.3033
CHEMBL490577,7.0
CHEMBL440298,5.63
CHEMBL596761,7.0
CHEMBL4534611,8.18
CHEMBL505626,7.2
CHEMBL113863,6.0
CHEMBL5280092,7.81
CHEMBL5769479,5.445
CHEMBL5925185,6.69
CHEMBL3663930,8.795
CHEMBL5885768,8.22
CHEMBL3098319,4.44
CHEMBL296419,5.22
CHEMBL1688861,6.72
CHEMBL3655349,9.0
CHEMBL5793411,6.55
CHEMBL3234741,5.72
CHEMBL2021576,7.9833
CHEMBL2021575,8.0333
CHEMBL3425656,5.8967
CHEMBL420254,7.92
CHEMBL473428,8.52
CHEMBL403435,7.75
CHEMBL5220529,8.885
CHEMBL3357647,7.655
CHEMBL3357648,7.41
CHEMBL5860901,8.52
CHEMBL4776012,7.885
CHEMBL5968961,6.6483
CHEMBL5782179,8.7
CHEMBL3905284,6.22
CHEMBL4102822,7.6
CHEMBL5972469,6.42
CHEMBL4209801,7.855
CHEMBL3921710,7.64
CHEMBL3604928,5.9
CHEMBL3739750,5.33
CHEMBL5979309,6.26
CHEMBL153573,8.19
CHEMBL126903,7.8
CHEMBL4873506,8.705
CHEMBL5810016,7.225
CHEMBL2381505,7.28
CHEMBL3957801,7.825
CHEMBL5910943,5.98
CHEMBL1172802,5.38
CHEMBL1241773,4.92
CHEMBL396079,6.3
CHEMBL5739768,6.26
CHEMBL4166436,6.06
CHEMBL4587222,6.28
CHEMBL3622678,8.38
CHEMBL525527,5.01
CHEMBL2324871,6.46
CHEMBL5422465,7.75
CHEMBL5287042,6.87
CHEMBL92709,6.95
CHEMBL5982869,6.9225
CHEMBL3787662,8.4
CHEMBL5199612,6.74
CHEMBL37346,5.26
CHEMBL2347966,7.86
CHEMBL3739812,5.62
CHEMBL3814211,7.3233
CHEMBL452768,6.82
CHEMBL349070,8.74
CHEMBL4643111,7.785
CHEMBL5560711,6.1
CHEMBL589413,4.74
CHEMBL3416597,6.97
CHEMBL5772330,7.81
CHEMBL4100777,8.51
CHEMBL5928380,6.26
CHEMBL5932679,6.41
CHEMBL3774609,6.08
CHEMBL5750528,8.52
CHEMBL5415418,9.305
CHEMBL387207,6.8
CHEMBL6008076,8.7
CHEMBL5962946,6.0
CHEMBL2316145,5.17
CHEMBL4588786,7.61
CHEMBL195204,6.16
CHEMBL4082884,7.055
CHEMBL5996771,7.14
CHEMBL3361128,4.0
CHEMBL5759138,8.4
CHEMBL4088135,7.47
CHEMBL4207750,8.62
CHEMBL192737,6.76
CHEMBL4076405,6.54
CHEMBL4645726,5.75
CHEMBL4095071,5.96
CHEMBL2070192,5.99
CHEMBL3676353,7.82
CHEMBL4060996,8.64
CHEMBL377277,5.09
CHEMBL5873242,4.83
CHEMBL3425663,6.775
CHEMBL5988366,8.52
CHEMBL62701,4.65
CHEMBL6032856,8.8267
CHEMBL5816591,9.28
CHEMBL4527121,9.66
CHEMBL55379,5.75
CHEMBL3926657,6.31
CHEMBL5932725,5.3025
CHEMBL4647257,6.49
CHEMBL3219348,7.774
CHEMBL5169328,6.45
CHEMBL3416606,6.58
CHEMBL4634127,6.25
CHEMBL1928709,4.95
CHEMBL4068254,4.5
CHEMBL5741973,8.15
CHEMBL3806292,6.825
CHEMBL5425883,6.93
CHEMBL1934628,7.52
CHEMBL5173979,7.57
CHEMBL6012981,7.82
CHEMBL5573631,6.89
CHEMBL5266785,5.33
CHEMBL5940006,7.8
CHEMBL4225255,6.7925
CHEMBL5189183,6.44
CHEMBL5836680,5.26
CHEMBL5968711,8.4
CHEMBL291496,7.75
CHEMBL325949,5.11
CHEMBL165630,9.03
CHEMBL3671544,6.6
CHEMBL3622623,6.87
CHEMBL1242119,4.0
CHEMBL2179119,6.5533
CHEMBL3671567,5.71
CHEMBL3774982,6.08
CHEMBL3297899,7.15
CHEMBL5905340,6.51
CHEMBL3425668,5.2
CHEMBL3671515,7.23
CHEMBL5633661,5.24
CHEMBL56081,4.0
CHEMBL5752067,7.89
CHEMBL4592101,8.55
CHEMBL5914586,5.26
CHEMBL2385985,6.1
CHEMBL1242754,6.0
CHEMBL4441933,7.48
CHEMBL5927471,5.99
CHEMBL1087054,4.03
CHEMBL6051171,8.3
CHEMBL5195531,6.92
CHEMBL5967931,8.22
CHEMBL2048795,8.55
CHEMBL5975243,8.05
CHEMBL5909544,7.6
CHEMBL5190132,8.99
CHEMBL4086878,7.74
CHEMBL4857353,7.48
CHEMBL5280953,5.03
CHEMBL399928,7.03
CHEMBL4780286,9.25
CHEMBL513716,6.73
CHEMBL589809,5.38
CHEMBL5990895,5.232
CHEMBL436511,6.16
CHEMBL373882,4.6
CHEMBL5266100,7.1
CHEMBL2381510,7.1567
CHEMBL119987,5.29
CHEMBL4468924,7.85
CHEMBL5858538,6.76
CHEMBL3663922,8.31
CHEMBL2426283,4.805
CHEMBL1822061,5.11
CHEMBL5625037,8.2
CHEMBL3086102,8.1867
CHEMBL5188568,8.04
CHEMBL5942187,7.255
CHEMBL5275916,7.34
CHEMBL328277,6.09
CHEMBL3930810,7.7
CHEMBL5864704,6.225
CHEMBL213874,8.7
CHEMBL54091,8.91
CHEMBL5834453,8.9367
CHEMBL3759022,8.3
CHEMBL5851650,8.4
CHEMBL5558817,5.38
CHEMBL4441440,6.8
CHEMBL242541,7.54
CHEMBL3932338,5.58
CHEMBL2111784,6.06
CHEMBL542891,6.52
CHEMBL5575614,8.08
CHEMBL5959718,7.26
CHEMBL4794131,6.51
CHEMBL3233792,8.52
CHEMBL589119,4.51
CHEMBL5942334,8.52
CHEMBL1683965,7.75
CHEMBL5988897,7.75
CHEMBL262276,6.1
CHEMBL4786701,6.645
CHEMBL56731,6.03
CHEMBL3612567,6.47
CHEMBL583218,7.52
CHEMBL3360616,7.7
CHEMBL324718,6.09
CHEMBL2437464,7.984
CHEMBL5812562,7.42
CHEMBL388978,7.5631
CHEMBL3133909,5.5
CHEMBL1242659,5.94
CHEMBL5755363,8.52
CHEMBL5572882,7.15
CHEMBL5920201,8.4
CHEMBL5949226,7.28
CHEMBL502015,5.91
CHEMBL5806097,7.6
CHEMBL2408826,5.8633
CHEMBL127223,7.75
CHEMBL217090,6.05
CHEMBL5563395,5.63
CHEMBL3325477,7.05
CHEMBL4101719,7.935
CHEMBL5188730,6.67
CHEMBL5612290,5.04
CHEMBL4791596,8.555
CHEMBL5764948,8.15
CHEMBL3608432,6.4057
CHEMBL3233774,7.83
CHEMBL1947125,7.19
CHEMBL1958028,5.32
CHEMBL5830681,5.91
CHEMBL5190513,6.08
CHEMBL6065436,7.77
CHEMBL5908256,7.645
CHEMBL157021,4.8
CHEMBL3966111,6.79
CHEMBL1821881,4.65
CHEMBL1242030,4.89
CHEMBL504173,6.0
CHEMBL384711,7.37
CHEMBL119033,6.86
CHEMBL3759257,7.68
CHEMBL3759096,5.52
CHEMBL507714,7.24
CHEMBL293991,6.28
CHEMBL5969655,8.035
CHEMBL1761929,5.16
CHEMBL334915,5.46
CHEMBL4750368,7.47
CHEMBL555201,7.0
CHEMBL5411617,7.01
CHEMBL3416595,7.64
CHEMBL5517879,7.49
CHEMBL5290340,7.7
CHEMBL5933544,7.7
CHEMBL5966891,5.26
CHEMBL5285503,7.595
CHEMBL1821872,5.98
CHEMBL3814257,7.3967
CHEMBL3680378,7.92
CHEMBL155607,4.66
CHEMBL3977504,7.275
CHEMBL274732,6.03
CHEMBL4447962,6.435
CHEMBL5873524,6.26
CHEMBL4441037,6.96
CHEMBL6027273,8.52
CHEMBL5972461,8.2033
CHEMBL3929448,7.11
CHEMBL600048,4.66
CHEMBL5932930,6.6433
CHEMBL5425121,7.5
CHEMBL4446546,5.9
CHEMBL3098318,4.46
CHEMBL3633142,8.78
CHEMBL2442332,5.91
CHEMBL4520801,8.1
CHEMBL5781756,8.1
CHEMBL4293134,6.12
CHEMBL5419895,8.39
CHEMBL1928957,6.09
CHEMBL3622644,8.05
CHEMBL4083467,4.92
CHEMBL337297,5.09
CHEMBL609321,7.77
CHEMBL4087709,6.7
CHEMBL4460706,7.92
CHEMBL4081252,6.82
CHEMBL6008308,6.26
CHEMBL207869,7.11
CHEMBL31745,5.2
CHEMBL596059,7.2
CHEMBL3655344,8.85
CHEMBL5180914,7.96
CHEMBL5183286,8.21
CHEMBL3098315,4.21
CHEMBL4126630,9.0
CHEMBL5975408,6.76
CHEMBL3612591,5.64
CHEMBL6015868,8.15
CHEMBL5804933,5.47
CHEMBL5758018,8.15
CHEMBL4224932,7.0025
CHEMBL3910422,7.725
CHEMBL4535047,6.44
CHEMBL5632295,6.57
CHEMBL3979264,7.85
CHEMBL329183,5.21
CHEMBL4086000,8.85
CHEMBL5558799,7.5833
CHEMBL4868123,5.28
CHEMBL4784258,10.0
CHEMBL6000502,7.06
CHEMBL2316144,5.1
CHEMBL4787951,10.0
CHEMBL3237946,5.21
CHEMBL6013821,7.26
CHEMBL5289059,7.38
CHEMBL5180725,7.68
CHEMBL1202477,7.0
CHEMBL500072,7.48
CHEMBL1683956,6.19
CHEMBL372246,5.91
CHEMBL1812561,5.44
CHEMBL5812371,7.6
CHEMBL1630109,7.025
CHEMBL247709,7.32
CHEMBL5764068,7.29
CHEMBL53665,8.335
CHEMBL3676372,7.12
CHEMBL3908303,7.96
CHEMBL1242287,6.49
CHEMBL5172338,7.4567
CHEMBL4169489,7.5
CHEMBL5990988,9.0
CHEMBL5272004,7.41
CHEMBL592617,9.77
CHEMBL5274692,9.81
CHEMBL5418390,7.6957
CHEMBL382862,5.0
CHEMBL591440,4.61
CHEMBL4550104,9.0
CHEMBL278287,4.31
CHEMBL5926126,8.05
CHEMBL5830978,7.96
CHEMBL2316142,5.82
CHEMBL380247,7.75
CHEMBL5172668,7.71
CHEMBL1916897,7.82
CHEMBL5994162,6.76
CHEMBL3297816,6.95
CHEMBL3633775,6.26
CHEMBL5924640,7.92
CHEMBL1016,5.49
CHEMBL5898457,8.05
CHEMBL5746124,4.97
CHEMBL162053,8.09
CHEMBL285063,7.9456
CHEMBL3133906,5.15
CHEMBL5997059,5.1667
CHEMBL25579,6.52
CHEMBL6032445,6.26
CHEMBL3545308,7.6293
CHEMBL3676370,7.68
CHEMBL4588486,5.85
CHEMBL382823,8.0
CHEMBL5993206,7.92
CHEMBL4099008,7.2
CHEMBL2018762,5.3
CHEMBL3980793,8.42
CHEMBL3633928,7.2025
CHEMBL3234756,7.0
CHEMBL401251,7.28
CHEMBL1817964,6.93
CHEMBL5866385,8.3
CHEMBL169920,6.3
CHEMBL4782025,8.08
CHEMBL1257795,4.96
CHEMBL76116,5.6
CHEMBL5860200,8.15
CHEMBL5889231,7.96
CHEMBL3965948,8.0
CHEMBL3655345,8.3
CHEMBL3355873,8.52
CHEMBL5850364,9.0
CHEMBL567197,7.72
CHEMBL260861,5.62
CHEMBL255656,7.64
CHEMBL5887579,8.05
CHEMBL32079,8.77
CHEMBL3633941,7.51
CHEMBL1242289,6.12
CHEMBL4442932,4.62
CHEMBL5849883,8.7
CHEMBL1830278,5.66
CHEMBL3544983,9.52
CHEMBL1956886,4.7
CHEMBL5842396,5.77
CHEMBL4759697,8.8367
CHEMBL5198812,9.05
CHEMBL1272223,6.5
CHEMBL3800262,4.24
CHEMBL1914654,8.42
CHEMBL1928708,6.06
CHEMBL5950027,8.4
CHEMBL5871981,6.0
CHEMBL5415774,5.31
CHEMBL3633151,8.07
CHEMBL5933379,5.32
CHEMBL5940893,8.55
CHEMBL286343,8.1
CHEMBL5966612,7.54
CHEMBL1645472,7.5
CHEMBL5809367,8.22
CHEMBL2047024,5.65
CHEMBL6015951,8.7
CHEMBL3754803,7.63
CHEMBL3805260,6.44
CHEMBL5220061,8.01
CHEMBL3219129,7.49
CHEMBL522116,6.4
CHEMBL5812558,8.3
CHEMBL4071170,7.55
CHEMBL1830271,6.16
CHEMBL3671534,6.59
CHEMBL5962222,5.2625
CHEMBL253969,5.23
CHEMBL6055515,8.0333
CHEMBL2029441,8.56
CHEMBL3936642,7.11
CHEMBL474524,6.48
CHEMBL414631,6.48
CHEMBL5907912,6.87
CHEMBL403785,5.59
CHEMBL250130,8.52
CHEMBL3358006,5.68
CHEMBL5287016,6.93
CHEMBL4749342,5.91
CHEMBL5966699,7.04
CHEMBL3805280,6.41
CHEMBL4783569,9.25
CHEMBL4793053,9.4
CHEMBL5920011,8.3
CHEMBL5630267,8.685
CHEMBL5088102,8.415
CHEMBL5972732,8.3
CHEMBL543600,4.0
CHEMBL1095259,4.35
CHEMBL3805236,7.96
CHEMBL5998932,7.24
CHEMBL2385983,5.35
CHEMBL4747078,7.92
CHEMBL328245,7.21
CHEMBL2385969,5.6
CHEMBL1172916,5.13
CHEMBL5808781,9.09
CHEMBL2048788,7.48
CHEMBL1090351,8.72
CHEMBL5281589,5.7
CHEMBL1945647,4.82
CHEMBL3894623,5.33
CHEMBL3699596,7.98
CHEMBL161895,8.89
CHEMBL257859,7.8
CHEMBL6013422,9.31
CHEMBL1172823,5.05
CHEMBL3357641,9.03
CHEMBL3357642,8.55
CHEMBL205454,5.24
CHEMBL4519157,8.52
CHEMBL501705,7.3
CHEMBL4293734,8.6
CHEMBL5401125,6.435
CHEMBL3759900,8.22
CHEMBL3604927,5.7567
CHEMBL3746642,5.84
CHEMBL3982602,4.78
CHEMBL6013902,8.59
CHEMBL4456688,5.37
CHEMBL3416439,7.64
CHEMBL2325096,6.52
CHEMBL3893698,7.33
CHEMBL6044353,8.52
CHEMBL52472,7.52
CHEMBL5743744,7.92
CHEMBL4242522,8.4
CHEMBL5275471,5.0
CHEMBL5812501,8.0
CHEMBL5836125,5.62
CHEMBL3233771,7.14
CHEMBL5930251,6.26
CHEMBL122785,4.99
CHEMBL597914,5.9
CHEMBL5870314,6.32
CHEMBL204625,7.2
CHEMBL3233763,5.525
CHEMBL5568921,6.89
CHEMBL5844276,8.52
CHEMBL6036005,5.26
CHEMBL160207,4.67
CHEMBL5749776,6.71
CHEMBL1950289,6.42
CHEMBL598306,6.0
CHEMBL149512,6.13
CHEMBL5941079,8.3
CHEMBL3961553,8.7
CHEMBL3953210,7.62
CHEMBL4281413,5.85
CHEMBL6050257,8.7
CHEMBL1241769,5.03
CHEMBL1630113,7.58
CHEMBL5976230,7.8133
CHEMBL5221067,9.33
CHEMBL3759848,6.52
CHEMBL5081299,8.25
CHEMBL5808724,7.96
CHEMBL4798434,6.59
CHEMBL1242663,4.0
CHEMBL3680374,8.01
CHEMBL5397801,8.58
CHEMBL5420947,6.635
CHEMBL5795026,8.18
CHEMBL6030420,7.66
CHEMBL540590,7.32
CHEMBL3098321,5.79
CHEMBL1241482,4.0
CHEMBL1928716,5.45
CHEMBL6009455,5.865
CHEMBL5203711,6.92
CHEMBL5834325,7.075
CHEMBL5843489,5.08
CHEMBL111197,7.52
CHEMBL4285894,6.12
CHEMBL5766029,6.93
CHEMBL4872030,4.85
CHEMBL3647970,7.31
CHEMBL3954370,6.14
CHEMBL188386,5.13
CHEMBL485320,6.52
CHEMBL334801,7.24
CHEMBL5739799,5.38
CHEMBL6006814,5.29
CHEMBL3678959,7.5867
CHEMBL5203118,7.54
CHEMBL5771119,8.52
CHEMBL5788798,8.7
CHEMBL424093,7.6
CHEMBL4103440,7.68
CHEMBL5792679,7.92
CHEMBL54788,7.36
CHEMBL4555488,6.43
CHEMBL6056862,8.7
CHEMBL3353404,6.365
CHEMBL5754623,8.3
CHEMBL5208349,5.1
CHEMBL5089161,7.5667
CHEMBL592710,5.02
CHEMBL3962343,8.3
CHEMBL78206,5.89
CHEMBL3966129,8.2
CHEMBL1173105,4.76
CHEMBL5801606,7.6
CHEMBL5843750,4.6267
CHEMBL3335244,4.05
CHEMBL4084847,8.37
CHEMBL291514,7.1
CHEMBL5070579,7.67
CHEMBL4085842,8.73
CHEMBL5186583,7.22
CHEMBL49120,5.41
CHEMBL5570716,5.455
CHEMBL474543,5.28
CHEMBL5934211,9.11
CHEMBL5555813,6.1
CHEMBL3939588,6.09
CHEMBL2029691,4.31
CHEMBL5641915,7.46
CHEMBL287007,8.3
CHEMBL6012901,5.26
CHEMBL5409123,7.875
CHEMBL472743,5.27
CHEMBL5780851,6.26
CHEMBL3746557,6.58
CHEMBL5755984,6.535
CHEMBL355816,9.55
CHEMBL5849925,8.1
CHEMBL5779271,7.96
CHEMBL245667,7.19
CHEMBL5632007,5.86
CHEMBL5764117,6.56
CHEMBL3133899,6.01
CHEMBL5860261,8.4
CHEMBL3983586,8.19
CHEMBL5794110,7.73
CHEMBL3655340,9.0
CHEMBL4740108,7.19
CHEMBL257814,7.24
CHEMBL1172915,5.24
CHEMBL5400012,7.02
CHEMBL5918591,6.47
CHEMBL5268388,6.89
CHEMBL2312645,4.52
CHEMBL2335376,6.52
CHEMBL5928819,9.21
CHEMBL4762604,6.29
CHEMBL5282499,5.31
CHEMBL94062,8.7
CHEMBL5882108,8.05
CHEMBL172517,4.5
CHEMBL5218879,8.065
CHEMBL3954587,8.31
CHEMBL2385987,5.46
CHEMBL1077085,4.09
CHEMBL135142,7.46
CHEMBL597304,5.27
CHEMBL2385974,6.07
CHEMBL57690,4.0
CHEMBL3903707,6.945
CHEMBL205284,7.38
CHEMBL4203001,7.29
CHEMBL4436695,8.3
CHEMBL247024,5.6
CHEMBL3092304,6.53
CHEMBL5428511,5.8
CHEMBL5858571,6.9267
CHEMBL5069609,8.96
CHEMBL1173653,5.09
CHEMBL5273000,7.44
CHEMBL520839,4.7
CHEMBL4083916,6.44
CHEMBL1172603,4.81
CHEMBL5537023,6.62
CHEMBL345294,7.96
CHEMBL5914358,8.52
CHEMBL4793105,7.785
CHEMBL4534592,7.885
CHEMBL4762998,6.44
CHEMBL5815315,8.52
CHEMBL496388,6.0
CHEMBL6052966,7.96
CHEMBL381306,4.87
CHEMBL3753461,6.55
CHEMBL5743634,9.715
CHEMBL66570,7.89
CHEMBL3221553,5.14
CHEMBL5994405,7.1033
CHEMBL3678956,7.33
CHEMBL5909490,6.06
CHEMBL4752026,8.1
CHEMBL1934624,8.05
CHEMBL5182553,9.7
CHEMBL5613746,4.89
CHEMBL151593,8.57
CHEMBL2048792,5.64
CHEMBL207815,8.22
CHEMBL5839893,8.435
CHEMBL5964366,8.48
CHEMBL4440586,7.21
CHEMBL4649213,6.13
CHEMBL3765425,8.285
CHEMBL1958037,5.5
CHEMBL589259,4.5
CHEMBL5915655,10.3
CHEMBL3775897,6.34
CHEMBL6026375,5.26
CHEMBL514942,6.62
CHEMBL5947282,8.75
CHEMBL5974145,6.92
CHEMBL6062321,5.11
CHEMBL1241946,5.55
CHEMBL1830269,5.8
CHEMBL3237934,5.1533
CHEMBL3655351,9.0
CHEMBL1641995,5.66
CHEMBL3758990,8.05
CHEMBL93966,8.7
CHEMBL5796551,9.0
CHEMBL3622673,8.21
CHEMBL1093100,4.98
CHEMBL1946843,4.89
CHEMBL5973020,7.0525
CHEMBL1204261,8.09
CHEMBL5964547,6.76
CHEMBL126456,5.32
CHEMBL5967065,4.8525
CHEMBL5900269,5.26
CHEMBL5914449,7.905
CHEMBL4858535,7.35
CHEMBL128027,5.05
CHEMBL91811,7.07
CHEMBL5955406,6.76
CHEMBL5899856,5.995
CHEMBL347282,7.33
CHEMBL5418732,9.1
CHEMBL5763383,7.6
CHEMBL6026116,8.7
CHEMBL27688,8.195
CHEMBL4225863,8.365
CHEMBL5976210,8.22
CHEMBL5797595,7.89
CHEMBL5968371,8.4
CHEMBL126996,6.14
CHEMBL437197,5.87
CHEMBL6031178,7.28
CHEMBL4097594,8.7
CHEMBL1958217,5.37
CHEMBL326044,4.27
CHEMBL5936556,6.0
CHEMBL5787865,6.3867
CHEMBL3787344,7.9517
CHEMBL6004439,6.26
CHEMBL1929305,5.82
CHEMBL5194285,7.2533
CHEMBL5916404,8.095
CHEMBL4072928,6.88
CHEMBL1947124,7.82
CHEMBL5828924,8.22
CHEMBL2325102,5.65
CHEMBL5184941,6.2725
CHEMBL594661,5.35
CHEMBL5900800,6.26
CHEMBL3759780,8.22
CHEMBL447230,6.82
CHEMBL5842538,8.1
CHEMBL4572443,6.49
CHEMBL5782603,7.19
CHEMBL5289003,6.96
CHEMBL5291403,9.4
CHEMBL5265881,8.92
CHEMBL5770880,6.905
CHEMBL5436321,6.38
CHEMBL5997382,8.7
CHEMBL1821868,5.42
CHEMBL129825,8.13
CHEMBL169065,5.83
CHEMBL3353411,5.84
CHEMBL3972605,6.46
CHEMBL2018758,5.12
CHEMBL2381507,7.2167
CHEMBL1928293,7.73
CHEMBL4472571,5.76
CHEMBL3663936,8.92
CHEMBL5080260,7.47
CHEMBL6040638,6.56
CHEMBL5908548,7.45
CHEMBL177053,7.36
CHEMBL5759181,4.98
CHEMBL206483,4.82
CHEMBL5206775,7.03
CHEMBL4204566,6.15
CHEMBL3608429,8.07
CHEMBL214487,7.75
CHEMBL48760,4.73
CHEMBL6062263,6.26
CHEMBL5819905,7.66
CHEMBL5811686,8.4
CHEMBL2325109,5.52
CHEMBL4546553,6.285
CHEMBL598798,7.54
CHEMBL5747811,8.7
CHEMBL5949373,6.06
CHEMBL203645,8.77
CHEMBL5761295,5.62
CHEMBL2047029,6.05
CHEMBL5894338,6.0
CHEMBL3092297,5.95
CHEMBL5831433,8.7
CHEMBL5788105,8.61
CHEMBL3917723,5.0
CHEMBL401443,7.17
CHEMBL499345,5.37
CHEMBL6002318,5.83
CHEMBL5809223,5.95
CHEMBL5934972,6.26
CHEMBL6033704,6.26
CHEMBL2087353,7.26
CHEMBL31570,7.715
CHEMBL5966725,8.7
CHEMBL1233881,5.64
CHEMBL3133904,5.82
CHEMBL195218,5.38
CHEMBL5761064,9.0
CHEMBL5887926,8.05
CHEMBL1229592,7.9351
CHEMBL456758,7.58
CHEMBL515664,7.51
CHEMBL3752139,7.02
CHEMBL3758278,8.7
CHEMBL5200760,6.45
CHEMBL5172245,8.19
CHEMBL5915123,7.55
CHEMBL1271507,7.05
CHEMBL452716,5.98
CHEMBL4472983,6.41
CHEMBL355891,6.08
CHEMBL3814882,8.395
CHEMBL5563782,4.02
CHEMBL310740,8.7
CHEMBL162981,8.77
CHEMBL5405341,7.68
CHEMBL3622676,8.25
CHEMBL3903713,8.25
CHEMBL6032261,7.8217
CHEMBL205676,5.685
CHEMBL5743761,8.22
CHEMBL3133911,4.27
CHEMBL361322,5.3
CHEMBL1241491,6.24
CHEMBL72393,7.34
CHEMBL3759980,7.72
CHEMBL5780203,6.83
CHEMBL13629,5.0
CHEMBL74432,6.4
CHEMBL2064382,5.85
CHEMBL1828875,4.75
CHEMBL5897178,6.52
CHEMBL32844,8.645
CHEMBL4069672,7.47
CHEMBL208594,7.96
CHEMBL4862976,8.41
CHEMBL3092314,6.505
CHEMBL4454948,8.4
CHEMBL1242199,6.12
CHEMBL1821896,5.06
CHEMBL1093235,6.64
CHEMBL5900414,6.66
CHEMBL5913616,8.0
CHEMBL4283061,7.57
CHEMBL207247,7.22
CHEMBL293250,4.39
CHEMBL5944645,6.5843
CHEMBL5591709,8.09
CHEMBL503638,7.52
CHEMBL583403,7.64
CHEMBL4450934,6.85
CHEMBL5194482,6.625
CHEMBL5632830,5.9
CHEMBL4463094,7.64
CHEMBL4171543,8.06
CHEMBL4569885,7.52
CHEMBL77782,8.3
CHEMBL4071474,9.3
CHEMBL570918,6.3
CHEMBL132169,5.44
CHEMBL5898434,5.56
CHEMBL3628816,4.67
CHEMBL5180778,7.795
CHEMBL1242117,5.0
CHEMBL3655352,9.0
CHEMBL4289577,6.2
CHEMBL5416668,6.31
CHEMBL3960853,8.96
CHEMBL596754,8.7
CHEMBL5983827,8.7
CHEMBL6056654,8.4
CHEMBL186747,5.5
CHEMBL4863294,7.99
CHEMBL521887,6.16
CHEMBL4789716,6.76
CHEMBL466614,6.9
CHEMBL461869,7.3
CHEMBL466174,7.5
CHEMBL512076,7.5
CHEMBL3133754,5.63
CHEMBL3981041,6.9
CHEMBL5888007,7.4125
CHEMBL3416626,7.75
CHEMBL5899723,6.734
CHEMBL1242845,4.0
CHEMBL1929304,4.42
CHEMBL3814812,7.695
CHEMBL5801421,6.26
CHEMBL4062543,8.155
CHEMBL1830257,4.65
CHEMBL5886252,5.66
CHEMBL4437721,5.66
CHEMBL3740923,5.44
CHEMBL77100,5.32
CHEMBL5437343,7.865
CHEMBL4081732,6.765
CHEMBL2426288,6.275
CHEMBL4081727,5.72
CHEMBL5757288,6.68
CHEMBL56319,5.065
CHEMBL5795317,6.76
CHEMBL52765,7.3629
CHEMBL5940343,7.75
CHEMBL3890751,7.36
CHEMBL3912361,6.62
CHEMBL5913936,7.6
CHEMBL584714,7.42
CHEMBL332333,7.24
CHEMBL4227812,6.7033
CHEMBL6030352,6.3757
CHEMBL3969056,7.26
CHEMBL5079430,8.905
CHEMBL5900941,7.67
CHEMBL2442324,5.67
CHEMBL1365395,5.41
CHEMBL5437252,7.335
CHEMBL544770,5.82
CHEMBL3623287,8.125
CHEMBL385471,8.05
CHEMBL2029438,9.26
CHEMBL3759203,6.14
CHEMBL5823139,6.26
CHEMBL3740850,7.14
CHEMBL3953593,7.39
CHEMBL5776172,7.92
CHEMBL5897403,7.1533
CHEMBL5904573,7.47
CHEMBL55729,10.0
CHEMBL119977,7.72
CHEMBL2179124,6.2
CHEMBL514016,6.1
CHEMBL4465103,7.53
CHEMBL4092491,5.99
CHEMBL3752129,6.44
CHEMBL300083,5.68
CHEMBL4439338,8.455
CHEMBL5943336,5.26
CHEMBL3904787,6.12
CHEMBL4536146,5.05
CHEMBL4225191,7.2375
CHEMBL5811714,8.0
CHEMBL440873,6.44
CHEMBL3753235,9.7
CHEMBL6035358,7.6
CHEMBL441518,5.535
CHEMBL5835276,6.26
CHEMBL5967291,6.23
CHEMBL1276179,6.76
CHEMBL312482,7.52
CHEMBL4175045,8.39
CHEMBL382186,5.275
CHEMBL3633929,8.52
CHEMBL1242662,7.06
CHEMBL3219508,6.29
CHEMBL3676338,6.03
CHEMBL5874020,7.6
CHEMBL202398,7.4
CHEMBL3671554,7.58
CHEMBL3973601,7.57
CHEMBL3964033,8.72
CHEMBL4162530,7.135
CHEMBL6001194,7.89
CHEMBL5791264,7.6
CHEMBL1241485,5.42
CHEMBL1241684,4.0
CHEMBL4091166,6.825
CHEMBL1098121,5.36
CHEMBL5954027,6.76
CHEMBL338449,4.87
CHEMBL4638857,5.12
CHEMBL6060532,7.89
CHEMBL5206193,7.29
CHEMBL5784829,6.26
CHEMBL5878054,8.7
CHEMBL3092316,6.355
CHEMBL5969616,5.545
CHEMBL4129902,7.8
CHEMBL4112924,9.4
CHEMBL5883991,8.61
CHEMBL5924281,5.26
CHEMBL5956362,7.17
CHEMBL3918330,7.39
CHEMBL3957416,7.505
CHEMBL4208673,7.46
CHEMBL92356,7.19
CHEMBL5591662,7.84
CHEMBL3958006,8.31
CHEMBL4277822,7.0
CHEMBL3953221,7.3467
CHEMBL3973973,6.805
CHEMBL1641989,5.39
CHEMBL5403510,9.52
CHEMBL5763901,8.7
CHEMBL1907944,7.0
CHEMBL1907764,6.7
CHEMBL290106,6.21
CHEMBL1821897,5.29
CHEMBL3355887,8.31
CHEMBL1241947,5.0
CHEMBL205149,8.0
CHEMBL5888829,5.2617
CHEMBL256295,7.92
CHEMBL394333,7.05
CHEMBL3114690,7.93
CHEMBL3327179,5.32
CHEMBL5949054,9.03
CHEMBL3263965,6.24
CHEMBL5828306,5.26
CHEMBL3622652,6.28
CHEMBL162223,8.92
CHEMBL3922922,7.0
CHEMBL3758762,8.15
CHEMBL5936272,6.32
CHEMBL5806859,9.0
CHEMBL5272747,7.74
CHEMBL384407,7.57
CHEMBL3797606,7.985
CHEMBL6057645,7.96
CHEMBL5633106,6.96
CHEMBL4547475,7.39
CHEMBL4744655,8.37
CHEMBL1958222,5.26
CHEMBL3753874,7.75
CHEMBL3806222,7.23
CHEMBL3815163,7.7475
CHEMBL4549626,7.42
CHEMBL380889,7.3
CHEMBL5542514,5.34
CHEMBL4646644,5.37
CHEMBL3604926,5.76
CHEMBL5436634,6.045
CHEMBL5405436,5.23
CHEMBL264382,8.96
CHEMBL443098,7.24
CHEMBL1200679,5.66
CHEMBL5778626,9.53
CHEMBL293261,6.07
CHEMBL3752448,8.0
CHEMBL393787,6.7
CHEMBL233325,7.58
CHEMBL2437466,8.036
CHEMBL483108,4.64
CHEMBL3622677,8.1
CHEMBL5844116,7.6
CHEMBL3085377,5.14
CHEMBL5400975,7.22
CHEMBL5776775,7.6
CHEMBL490780,6.05
CHEMBL6001660,6.76
CHEMBL5823169,8.06
CHEMBL3740930,5.45
CHEMBL3233770,6.775
CHEMBL5180388,10.03
CHEMBL203295,7.68
CHEMBL394056,6.47
CHEMBL203661,8.89
CHEMBL5971757,5.3125
CHEMBL55425,7.24
CHEMBL76958,6.0
CHEMBL2437462,8.978
CHEMBL5894508,8.52
CHEMBL3233782,6.97
CHEMBL5920247,7.905
CHEMBL345109,7.23
CHEMBL4527132,5.3
CHEMBL6030490,5.79
CHEMBL4105442,8.17
CHEMBL4290812,8.86
CHEMBL3676386,7.17
CHEMBL2029690,4.13
CHEMBL4549542,7.565
CHEMBL5945237,9.0
CHEMBL391181,7.4
CHEMBL5436101,6.945
CHEMBL5815423,6.76
CHEMBL3604912,6.42
CHEMBL3087197,6.63
CHEMBL500217,7.05
CHEMBL5764610,5.5
CHEMBL78257,5.745
CHEMBL5618366,7.22
CHEMBL5201250,7.05
CHEMBL162142,9.11
CHEMBL5770897,6.26
CHEMBL432416,4.85
CHEMBL2032377,8.07
CHEMBL212250,7.6
CHEMBL5087785,6.47
CHEMBL5950214,6.76
CHEMBL5178971,9.55
CHEMBL578044,7.36
CHEMBL3676367,7.92
CHEMBL3671537,6.19
CHEMBL3967962,7.195
CHEMBL126372,7.84
CHEMBL5939422,7.09
CHEMBL3647422,8.7
CHEMBL3613691,5.28
CHEMBL5402031,7.89
CHEMBL4561606,8.135
CHEMBL12131,6.25
CHEMBL356324,5.67
CHEMBL3741219,6.0933
CHEMBL3655353,8.37
CHEMBL5569064,5.495
CHEMBL5632485,6.71
CHEMBL5971352,7.43
CHEMBL24137,7.0
CHEMBL3746268,4.96
CHEMBL258270,8.52
CHEMBL5828286,8.52
CHEMBL6016385,6.725
CHEMBL5429210,6.915
CHEMBL5894318,4.65
CHEMBL5840233,4.9467
CHEMBL5825778,9.51
CHEMBL5419002,7.15
CHEMBL1945446,5.49
CHEMBL4440618,8.605
CHEMBL1504817,5.46
CHEMBL4863913,6.95
CHEMBL5087610,8.48
CHEMBL447720,5.5
CHEMBL545006,5.75
CHEMBL4091921,7.94
CHEMBL168382,6.34
CHEMBL206347,5.525
CHEMBL2087358,7.98
CHEMBL4466350,8.05
CHEMBL5846269,7.75
CHEMBL1173783,5.9
CHEMBL4740295,9.1
CHEMBL399735,6.04
CHEMBL1914663,7.35
CHEMBL435054,4.33
CHEMBL5775013,9.0
CHEMBL345837,4.92
CHEMBL4451986,7.28
CHEMBL3344218,7.03
CHEMBL4213082,5.45
CHEMBL136058,8.06
CHEMBL93464,7.345
CHEMBL329642,6.57
CHEMBL2442320,5.26
CHEMBL5881155,9.66
CHEMBL31369,6.34
CHEMBL1645467,7.4
CHEMBL4845732,6.83
CHEMBL432428,6.11
CHEMBL255865,7.7
CHEMBL590109,6.03
CHEMBL1821882,4.8
CHEMBL5562309,6.66
CHEMBL1090363,7.62
CHEMBL5183329,4.47
CHEMBL3818062,8.52
CHEMBL3814447,7.2667
CHEMBL4473277,9.66
CHEMBL5741005,6.76
CHEMBL5191292,7.0
CHEMBL137635,5.03
CHEMBL4078120,8.74
CHEMBL69960,6.77
CHEMBL5853477,7.91
CHEMBL1929302,4.78
CHEMBL1348499,4.68
CHEMBL4451538,6.39
CHEMBL3234755,6.17
CHEMBL2325088,5.6
CHEMBL5878630,6.76
CHEMBL4096988,6.67
CHEMBL5641539,7.3067
CHEMBL5203267,6.4225
CHEMBL5785275,5.81
CHEMBL5910492,6.28
CHEMBL3763627,8.485
CHEMBL5976274,8.05
CHEMBL2029426,7.786
CHEMBL6029953,7.26
CHEMBL1080812,6.06
CHEMBL135592,5.1
CHEMBL3805383,7.08
CHEMBL3740582,5.41
CHEMBL3758946,7.32
CHEMBL2018765,5.0
CHEMBL5752927,8.7
CHEMBL3671478,7.82
CHEMBL4859542,7.31
CHEMBL926,5.26
CHEMBL1204262,9.19
CHEMBL5281464,7.05
CHEMBL2064384,6.0
CHEMBL1242286,5.37
CHEMBL6043242,5.7957
CHEMBL5991947,8.52
CHEMBL172973,6.3
CHEMBL5837449,6.76
CHEMBL3663935,8.89
CHEMBL1242757,5.34
CHEMBL5281167,9.26
CHEMBL3932784,8.85
CHEMBL4176629,7.22
CHEMBL4749501,7.72
CHEMBL1173816,4.73
CHEMBL3741960,5.43
CHEMBL268501,8.7
CHEMBL569880,8.005
CHEMBL5838174,6.8
CHEMBL420059,6.52
CHEMBL3972981,7.66
CHEMBL3092318,6.055
CHEMBL5185036,7.52
CHEMBL5418087,7.52
CHEMBL4080720,9.3
CHEMBL415738,9.0
CHEMBL4071058,8.49
CHEMBL3355888,8.46
CHEMBL5815828,8.22
CHEMBL1358485,8.52
CHEMBL1173319,4.76
CHEMBL4205469,5.0367
CHEMBL120319,6.89
CHEMBL6013771,8.7
CHEMBL5824101,6.74
CHEMBL207246,7.16
CHEMBL5209094,9.585
CHEMBL4452906,7.35
CHEMBL3676351,5.0
CHEMBL5754376,6.26
CHEMBL5289623,5.37
CHEMBL59145,5.5633
CHEMBL4452957,7.63
CHEMBL1928945,6.33
CHEMBL4226254,6.57
CHEMBL545541,8.4
CHEMBL5749996,7.585
CHEMBL3622617,8.74
CHEMBL2064389,6.24
CHEMBL4211835,8.05
CHEMBL5917624,9.52
CHEMBL5954184,7.6
CHEMBL4280817,8.05
CHEMBL2441561,7.495
CHEMBL2437467,8.0867
CHEMBL180022,8.5917
CHEMBL326280,6.1
CHEMBL4534719,7.4375
CHEMBL5984886,6.56
CHEMBL301359,7.57
CHEMBL5284924,9.51
CHEMBL5785692,7.26
CHEMBL1172855,5.0
CHEMBL346846,7.1
CHEMBL5431378,8.0
CHEMBL5400930,6.4257
CHEMBL138691,5.64
CHEMBL4117373,8.31
CHEMBL3360609,9.33
CHEMBL4079829,5.08
CHEMBL171545,5.82
CHEMBL3234748,7.48
CHEMBL2283255,4.79
CHEMBL5788794,7.44
CHEMBL5813354,8.1
CHEMBL5569311,8.28
CHEMBL4204983,7.61
CHEMBL5833896,8.7
CHEMBL368278,5.28
CHEMBL126483,5.03
CHEMBL5948727,8.7
CHEMBL3989970,8.2467
CHEMBL5790497,5.26
CHEMBL5975352,8.7
CHEMBL1928954,5.78
CHEMBL606403,6.89
CHEMBL1928944,5.92
CHEMBL6040478,5.0
CHEMBL6067939,6.99
CHEMBL3263968,5.96
CHEMBL39355,7.585
CHEMBL3758939,8.3
CHEMBL3647421,8.4
CHEMBL3647423,8.5
CHEMBL5965216,7.694
CHEMBL4639556,5.31
CHEMBL5985978,7.69
CHEMBL377250,7.05
CHEMBL5743124,8.05
CHEMBL347659,4.89
CHEMBL545315,8.5278
CHEMBL1241486,5.27
CHEMBL3919183,7.03
CHEMBL4473768,8.0
CHEMBL4167162,7.5
CHEMBL5870912,8.15
CHEMBL1822066,5.07
CHEMBL6056552,8.315
CHEMBL519757,7.27
CHEMBL3917698,6.57
CHEMBL1641994,4.89
CHEMBL3647973,7.21
CHEMBL5847651,6.26
CHEMBL4160329,5.47
CHEMBL391521,6.96
CHEMBL4090083,8.13
CHEMBL3671562,7.33
CHEMBL1828871,4.86
CHEMBL4759003,10.0
CHEMBL166765,6.22
CHEMBL604914,7.23
CHEMBL5755992,8.7
CHEMBL1203935,8.05
CHEMBL5170376,6.8575
CHEMBL207445,8.0
CHEMBL3671528,6.7
CHEMBL604992,6.14
CHEMBL5945683,7.235
CHEMBL5173517,7.5225
CHEMBL3933568,6.3
CHEMBL6041164,8.05
CHEMBL5557850,6.66
CHEMBL425738,6.92
CHEMBL4777353,8.31
CHEMBL4745521,8.3233
CHEMBL5205581,7.42
CHEMBL5942093,6.12
CHEMBL5837504,8.7
CHEMBL5906294,8.7
CHEMBL4098072,7.795
CHEMBL4068814,4.18
CHEMBL3896779,7.425
CHEMBL4099445,7.225
CHEMBL2316158,5.72
CHEMBL6037186,5.9733
CHEMBL426580,9.54
CHEMBL3604938,5.07
CHEMBL4776056,8.85
CHEMBL3805325,7.24
CHEMBL5845015,9.0
CHEMBL3752365,7.11
CHEMBL5204749,9.47
CHEMBL3892960,5.17
CHEMBL5400219,7.72
CHEMBL3671494,8.1
CHEMBL1812555,5.11
CHEMBL5894042,4.8
CHEMBL3754564,7.96
CHEMBL5920399,8.3
CHEMBL5986548,8.3
CHEMBL331026,4.48
CHEMBL5415311,9.945
CHEMBL5933908,8.52
CHEMBL5089912,6.7867
CHEMBL5404639,8.55
CHEMBL4849268,4.78
CHEMBL3325472,4.74
CHEMBL523586,5.0
CHEMBL3940089,8.835
CHEMBL145266,4.72
CHEMBL3676352,7.38
CHEMBL4106607,6.36
CHEMBL1243254,8.51
CHEMBL316064,8.72
CHEMBL1934629,7.13
CHEMBL1094825,5.56
CHEMBL4756049,6.3233
CHEMBL5755043,5.98
CHEMBL1914669,7.2
CHEMBL5929019,5.26
CHEMBL578255,6.96
CHEMBL6032965,5.44
CHEMBL230232,6.0
CHEMBL1242209,4.75
CHEMBL50344,8.35
CHEMBL1928315,7.97
CHEMBL53753,7.82
CHEMBL5907553,5.75
CHEMBL128467,8.85
CHEMBL3628906,5.48
CHEMBL4453276,6.435
CHEMBL321494,7.745
CHEMBL3416631,6.22
CHEMBL5970361,6.76
CHEMBL4094959,7.9029
CHEMBL4105621,9.22
CHEMBL225930,5.66
CHEMBL3978161,7.48
CHEMBL122245,8.15
CHEMBL598007,8.14
CHEMBL4448494,5.71
CHEMBL1914659,7.77
CHEMBL153518,5.37
CHEMBL4556799,7.92
CHEMBL5827453,8.15
CHEMBL2437485,5.4033
CHEMBL5938251,7.96
CHEMBL4786797,6.22
CHEMBL293913,4.36
CHEMBL3233791,8.085
CHEMBL589823,5.71
CHEMBL6037257,7.26
CHEMBL593911,7.82
CHEMBL4760606,7.24
CHEMBL181275,6.7
CHEMBL5873071,8.7
CHEMBL5590915,5.51
CHEMBL3904966,8.05
CHEMBL4168254,7.94
CHEMBL3088218,5.09
CHEMBL5853577,8.76
CHEMBL5797736,5.54
CHEMBL4064475,8.74
CHEMBL3221554,6.05
CHEMBL205798,7.92
CHEMBL598406,6.9
CHEMBL2309506,7.0
CHEMBL4562138,9.1
CHEMBL5436254,8.68
CHEMBL3219503,6.28
CHEMBL3699604,7.7
CHEMBL597200,7.3733
CHEMBL4289083,5.71
CHEMBL5814097,8.4
CHEMBL4079553,7.97
CHEMBL1917092,6.0
CHEMBL3963620,7.3
CHEMBL6059063,7.6
CHEMBL5799106,7.7083
CHEMBL3818563,8.705
CHEMBL3948267,7.88
CHEMBL4105526,8.13
CHEMBL3133894,5.51
CHEMBL5827666,8.35
CHEMBL4071012,8.04
CHEMBL205870,7.07
CHEMBL416191,6.52
CHEMBL1242753,5.1
CHEMBL4208712,5.9533
CHEMBL5951478,6.33
CHEMBL5982314,9.0
CHEMBL5825503,5.2
CHEMBL5816376,9.0
CHEMBL3699619,6.7
CHEMBL5760284,7.6
CHEMBL206029,7.82
CHEMBL3678960,8.45
CHEMBL5984403,8.22
CHEMBL337027,6.8
CHEMBL6045121,7.16
CHEMBL5201794,6.94
CHEMBL5272590,7.04
CHEMBL5915570,6.26
CHEMBL483313,5.88
CHEMBL5207390,7.075
CHEMBL6053847,5.4833
CHEMBL1272167,6.325
CHEMBL555321,7.3
CHEMBL4583178,7.135
CHEMBL5831206,7.64
CHEMBL308498,8.55
CHEMBL4780210,5.72
CHEMBL3622621,6.25
CHEMBL602328,6.01
CHEMBL3655347,9.0
CHEMBL65063,5.57
CHEMBL3425661,6.4367
CHEMBL1095761,6.67
CHEMBL4584651,6.83
CHEMBL52418,7.54
CHEMBL5882926,7.6
CHEMBL4070053,8.48
CHEMBL5945215,6.26
CHEMBL1241771,5.05
CHEMBL2029694,5.08
CHEMBL5265927,6.64
CHEMBL6045905,7.89
CHEMBL4763315,9.3
CHEMBL1944922,4.66
CHEMBL137422,5.21
CHEMBL5597724,9.7
CHEMBL2385964,5.82
CHEMBL3944027,7.98
CHEMBL1173601,5.19
CHEMBL176309,6.16
CHEMBL58,5.27
CHEMBL4439982,9.66
CHEMBL203132,5.77
CHEMBL234577,6.89
CHEMBL479,5.53
CHEMBL2425735,8.4367
CHEMBL5439200,7.15
CHEMBL3676350,6.1
CHEMBL6011191,6.56
CHEMBL332096,6.07
CHEMBL451523,5.27
CHEMBL5839283,8.0
CHEMBL1241241,6.04
CHEMBL1242378,4.0
CHEMBL1242468,4.58
CHEMBL203936,6.65
CHEMBL3950023,7.0
CHEMBL206003,7.68
CHEMBL5976760,6.56
CHEMBL6022989,7.82
CHEMBL590559,8.35
CHEMBL5804962,5.28
CHEMBL93545,7.28
CHEMBL3087200,7.37
CHEMBL204570,7.4
CHEMBL3926558,8.02
CHEMBL5624606,9.575
CHEMBL5432965,9.855
CHEMBL5748865,8.425
CHEMBL5771634,7.6
CHEMBL4086559,6.965
CHEMBL1095464,5.04
CHEMBL3360608,9.59
CHEMBL5419670,5.39
CHEMBL5838931,6.12
CHEMBL5570486,5.505
CHEMBL2333985,5.33
CHEMBL5566977,6.62
CHEMBL5187250,7.34
CHEMBL332612,8.3
CHEMBL6055785,7.85
CHEMBL4290785,7.83
CHEMBL5811490,7.52
CHEMBL204164,5.18
CHEMBL5196360,10.0
CHEMBL3754709,6.5
CHEMBL5431909,9.89
CHEMBL6056421,7.2533
CHEMBL5959323,7.46
CHEMBL5269071,6.84
CHEMBL5283507,8.81
CHEMBL5281741,9.09
CHEMBL3747281,5.3
CHEMBL1914656,6.35
CHEMBL5280531,6.03
CHEMBL4071180,8.235
CHEMBL5926481,7.44
CHEMBL5185207,6.8175
CHEMBL2031312,7.215
CHEMBL312451,4.4
CHEMBL483234,4.4
CHEMBL138940,7.85
CHEMBL5756489,6.26
CHEMBL2333999,7.74
CHEMBL257873,5.84
CHEMBL3086105,7.77
CHEMBL4650323,7.13
CHEMBL176705,6.46
CHEMBL4437803,6.83
CHEMBL1242029,5.85
CHEMBL5567534,7.12
CHEMBL204467,7.48
CHEMBL3622664,9.05
CHEMBL207410,7.1
CHEMBL5274657,7.1
CHEMBL402553,8.1
CHEMBL5766216,8.22
CHEMBL4091276,8.92
CHEMBL6027785,5.68
CHEMBL5424694,6.63
CHEMBL5842644,8.15
CHEMBL3676384,8.1
CHEMBL158797,4.37
CHEMBL5746985,7.17
CHEMBL4206585,6.39
CHEMBL5180830,7.28
CHEMBL2441567,6.13
CHEMBL5767274,8.3
CHEMBL369014,5.89
CHEMBL3806172,6.6
CHEMBL5198368,7.05
CHEMBL3219130,7.626
CHEMBL3899132,7.61
CHEMBL2347960,7.505
CHEMBL5612976,5.59
CHEMBL5195593,6.7
CHEMBL5960275,6.3867
CHEMBL126893,8.06
CHEMBL123045,5.27
CHEMBL4476689,5.95
CHEMBL6060509,8.05
CHEMBL422758,6.35
CHEMBL125920,7.96
CHEMBL5575693,5.52
CHEMBL5272533,6.785
CHEMBL326318,5.88
CHEMBL4746023,6.67
CHEMBL5871844,8.61
CHEMBL363130,5.08
CHEMBL6009400,8.15
CHEMBL5853395,6.2733
CHEMBL6033572,5.26
CHEMBL1094784,4.48
CHEMBL5426036,6.275
CHEMBL597492,5.77
CHEMBL4575697,6.85
CHEMBL3628818,4.34
CHEMBL53121,6.91
CHEMBL5778271,8.52
CHEMBL5884157,6.76
CHEMBL4790655,8.52
CHEMBL5187838,8.1475
CHEMBL3233776,7.68
CHEMBL3969628,6.74
CHEMBL4098587,7.77
CHEMBL5193594,8.125
CHEMBL5204270,8.24
CHEMBL6012814,8.7
CHEMBL287289,7.16
CHEMBL1928950,7.32
CHEMBL255237,7.85
CHEMBL5952451,7.51
CHEMBL4216551,5.21
CHEMBL200976,5.55
CHEMBL5198664,6.74
CHEMBL5936062,6.56
CHEMBL5199122,6.55
CHEMBL5411267,7.15
CHEMBL4082362,8.35
CHEMBL4445797,7.8
CHEMBL4103464,8.05
CHEMBL3237943,4.62
CHEMBL5977400,5.26
CHEMBL7914,5.6
CHEMBL5188399,7.3775
CHEMBL461113,6.82
CHEMBL601719,6.17
CHEMBL3360604,9.28
CHEMBL3746473,6.22
CHEMBL1945447,5.68
CHEMBL5814374,9.25
CHEMBL5883108,8.52
CHEMBL3804886,7.08
CHEMBL1242293,6.42
CHEMBL941,9.96
CHEMBL5809520,7.2567
CHEMBL2047022,5.85
CHEMBL3416627,6.66
CHEMBL4470236,5.51
CHEMBL5935427,8.7
CHEMBL347668,5.07
CHEMBL6026402,7.17
CHEMBL1242566,5.54
CHEMBL2385981,5.3
CHEMBL379017,5.02
CHEMBL2325093,6.7
CHEMBL6062449,7.92
CHEMBL2437226,7.97
CHEMBL1242114,5.66
CHEMBL3699591,7.19
CHEMBL5824145,6.32
CHEMBL5398686,7.77
CHEMBL5431583,7.7
CHEMBL533849,6.3
CHEMBL1645464,6.02
CHEMBL6020978,8.275
CHEMBL5756022,8.305
CHEMBL5411377,7.31
CHEMBL3739587,5.35
CHEMBL144842,5.43
CHEMBL4280174,7.82
CHEMBL5876067,6.78
CHEMBL5815306,6.78
CHEMBL5992872,6.78
CHEMBL5849328,6.78
CHEMBL3297898,7.17
CHEMBL6031721,8.52
CHEMBL497863,7.28
CHEMBL24944,5.53
CHEMBL5888474,7.19
CHEMBL5271155,7.47
CHEMBL3133897,5.36
CHEMBL3219128,7.492
CHEMBL3604930,5.765
CHEMBL255438,7.64
CHEMBL3604924,5.72
CHEMBL5747418,6.52
CHEMBL5206805,6.7
CHEMBL4753631,7.07
CHEMBL4446258,7.19
CHEMBL4072874,7.53
CHEMBL1914665,8.4
CHEMBL1812491,4.92
CHEMBL5287477,8.0
CHEMBL3542268,8.3
CHEMBL3301625,6.36
CHEMBL6026906,8.4
CHEMBL118109,4.73
CHEMBL380386,6.82
CHEMBL606964,6.26
CHEMBL4549604,5.02
CHEMBL28418,8.435
CHEMBL3809489,5.41
CHEMBL5964556,7.15
CHEMBL52665,7.46
CHEMBL323630,6.19
CHEMBL5406924,6.905
CHEMBL3586189,4.88
CHEMBL3414594,6.74
CHEMBL3676346,6.05
CHEMBL1271562,6.58
CHEMBL2381516,7.6767
CHEMBL77085,4.02
CHEMBL5901475,7.4875
CHEMBL5818193,4.9475
CHEMBL2385978,5.7
CHEMBL5870116,6.32
CHEMBL1683957,4.7
CHEMBL6064874,7.67
CHEMBL5742327,8.8
CHEMBL611681,5.06
CHEMBL166154,9.72
CHEMBL3237942,4.83
CHEMBL5740900,7.85
CHEMBL591897,6.22
CHEMBL5854206,7.52
CHEMBL5770169,8.54
CHEMBL5857553,8.32
CHEMBL5798764,7.6
CHEMBL1173815,6.89
CHEMBL4206716,7.9833
CHEMBL4283097,6.945
CHEMBL5768440,8.08
CHEMBL5895402,7.55
CHEMBL3742128,5.4967
CHEMBL4114766,6.43
CHEMBL3393072,5.07
CHEMBL2047021,5.75
CHEMBL5876064,5.56
CHEMBL3949347,7.955
CHEMBL6046040,6.52
CHEMBL4541573,6.44
CHEMBL3425665,6.01
CHEMBL5875012,9.512
CHEMBL5768138,6.4933
CHEMBL201865,4.51
CHEMBL3763757,8.1
CHEMBL3671524,7.5
CHEMBL5207327,7.7
CHEMBL4286031,7.22
CHEMBL193160,8.48
CHEMBL444337,5.89
CHEMBL5639130,5.97
CHEMBL3676357,8.4
CHEMBL4639739,5.35
CHEMBL5938417,6.52
CHEMBL5922580,6.26
CHEMBL5807695,7.8
CHEMBL1829273,4.73
CHEMBL5867406,9.3
CHEMBL5185330,6.2467
CHEMBL6010524,4.92
CHEMBL4440096,4.92
CHEMBL6000972,6.52
CHEMBL511478,6.34
CHEMBL5813513,8.52
CHEMBL5923332,7.3
CHEMBL1242203,4.77
CHEMBL5187375,6.75
CHEMBL49986,8.12
CHEMBL1945453,4.7
CHEMBL287832,6.99
CHEMBL5612888,7.21
CHEMBL4644480,5.39
CHEMBL5517919,6.66
CHEMBL5981332,8.4
CHEMBL2093753,7.1
CHEMBL5194174,8.12
CHEMBL2426289,5.9033
CHEMBL5851317,6.52
CHEMBL604785,5.46
CHEMBL5093625,7.4
CHEMBL4126986,6.94
CHEMBL5190227,5.105
CHEMBL5881164,9.2
CHEMBL4476791,8.65
CHEMBL4081703,7.65
CHEMBL3655343,7.92
CHEMBL1242660,5.29
CHEMBL3133902,5.66
CHEMBL2316157,5.7
CHEMBL92825,7.1
CHEMBL4092003,6.5
CHEMBL2159053,4.98
CHEMBL117697,6.08
CHEMBL5203041,9.11
CHEMBL3920583,9.19
CHEMBL4293051,9.11
CHEMBL5975224,8.005
CHEMBL4166069,7.43
CHEMBL5968872,6.865
CHEMBL5198314,7.9867
CHEMBL3416603,7.44
CHEMBL3416605,7.08
CHEMBL52197,6.99
CHEMBL5804325,6.52
CHEMBL7339,5.9
CHEMBL4206166,7.6433
CHEMBL5086894,7.955
CHEMBL5273438,7.08
CHEMBL5192793,9.82
CHEMBL434828,7.11
CHEMBL5569952,5.29
CHEMBL592426,5.7
CHEMBL5939764,7.37
CHEMBL4089347,7.8
CHEMBL8095,5.7
CHEMBL5814182,5.84
CHEMBL4081429,6.14
CHEMBL5847689,7.2433
CHEMBL808,4.49
CHEMBL3092301,6.19
CHEMBL5206444,7.64
CHEMBL116748,5.23
CHEMBL5938548,6.26
CHEMBL422347,7.09
CHEMBL2152253,6.39
CHEMBL4159909,7.725
CHEMBL4280395,6.575
CHEMBL5855225,8.3
CHEMBL18797,4.62
CHEMBL103860,5.48
CHEMBL5983716,5.995
CHEMBL5797137,5.26
CHEMBL3814445,7.3233
CHEMBL4753387,6.95
CHEMBL5558538,6.64
CHEMBL2325094,6.85
CHEMBL3416616,5.1
CHEMBL5866125,7.77
CHEMBL4067514,7.31
CHEMBL5862522,7.7567
CHEMBL4212884,7.73
CHEMBL4753193,8.1933
CHEMBL513418,8.15
CHEMBL358494,5.0
CHEMBL5566473,8.9
CHEMBL5808074,5.79
CHEMBL3655354,8.19
CHEMBL126384,8.27
CHEMBL115895,4.955
CHEMBL131426,5.96
CHEMBL4459978,6.925
CHEMBL592708,5.24
CHEMBL5850357,6.1267
CHEMBL4777554,6.68
CHEMBL3758770,9.3
CHEMBL92398,6.92
CHEMBL5950594,8.32
CHEMBL5960312,7.64
CHEMBL3357638,9.05
CHEMBL3357637,9.08
CHEMBL2047026,5.95
CHEMBL5907540,8.7
CHEMBL5593219,8.23
CHEMBL2419760,8.7
CHEMBL3360602,9.11
CHEMBL5872960,7.96
CHEMBL4473375,7.08
CHEMBL5970641,7.8
CHEMBL4740573,9.52
CHEMBL5940713,7.68
CHEMBL2031298,9.57
CHEMBL58436,5.15
CHEMBL5095169,8.0708
CHEMBL3233769,5.38
CHEMBL5861020,7.1533
CHEMBL1928958,6.28
CHEMBL255490,7.16
CHEMBL4102284,5.41
CHEMBL208118,8.05
CHEMBL207687,8.1
CHEMBL4856592,7.29
CHEMBL5286730,5.41
CHEMBL4476772,7.57
CHEMBL291359,5.0
CHEMBL6062944,6.26
CHEMBL5752831,6.76
CHEMBL4216679,8.6667
CHEMBL453398,6.72
CHEMBL5978450,6.52
CHEMBL328295,5.3
CHEMBL5834830,7.89
CHEMBL379905,7.52
CHEMBL155761,8.0
CHEMBL3436357,7.55
CHEMBL3759649,7.23
CHEMBL380454,7.1
CHEMBL3263379,5.49
CHEMBL3950549,8.375
CHEMBL4870955,5.24
CHEMBL4217686,5.11
CHEMBL3360607,9.19
CHEMBL4237916,8.15
CHEMBL291986,4.815
CHEMBL6046237,8.52
CHEMBL5907571,8.15
CHEMBL5218821,6.335
CHEMBL4110258,9.27
CHEMBL1271618,6.11
CHEMBL4284780,8.005
CHEMBL5420997,5.05
CHEMBL3114699,7.055
CHEMBL3623284,8.96
CHEMBL3623285,8.57
CHEMBL5631037,8.1
CHEMBL5769203,7.62
CHEMBL4516916,4.63
CHEMBL1683951,4.33
CHEMBL78224,5.06
CHEMBL5176129,8.8
CHEMBL4861796,6.02
CHEMBL3622625,7.49
CHEMBL144778,5.275
CHEMBL5281266,7.64
CHEMBL5202846,7.93
CHEMBL4215275,6.26
CHEMBL461967,8.1
CHEMBL5087264,7.93
CHEMBL5876937,6.26
CHEMBL483321,6.69
CHEMBL4857605,7.2
CHEMBL3221551,6.1
CHEMBL4093535,6.15
CHEMBL6021944,8.7
CHEMBL5887560,6.76
CHEMBL2029428,9.12
CHEMBL6034088,7.34
CHEMBL5808967,8.7
CHEMBL4778717,5.72
CHEMBL2316147,5.25
CHEMBL1173789,4.6
CHEMBL217536,7.22
CHEMBL3612590,6.89
CHEMBL3898480,7.0
CHEMBL5200385,7.32
CHEMBL4866162,7.9925
CHEMBL1241588,4.82
CHEMBL5272200,8.28
CHEMBL1880739,8.59
CHEMBL4537422,7.06
CHEMBL3612563,7.58
CHEMBL1380839,7.12
CHEMBL5989405,7.92
CHEMBL5266387,7.41
CHEMBL4073595,8.34
CHEMBL5818938,7.3
CHEMBL5746836,9.0
CHEMBL5183865,7.39
CHEMBL81073,5.15
CHEMBL3774578,6.79
CHEMBL109372,5.29
CHEMBL1241587,5.3
CHEMBL5916714,7.47
CHEMBL1945451,4.54
CHEMBL4079658,8.19
CHEMBL6015025,6.76
CHEMBL3979610,8.22
CHEMBL1090840,8.49
CHEMBL1828884,4.62
CHEMBL5419934,6.9
CHEMBL5964384,8.7
CHEMBL3409484,7.6
CHEMBL5956847,8.7
CHEMBL534948,5.56
CHEMBL2348416,7.36
CHEMBL212251,7.07
CHEMBL5777725,7.57
CHEMBL2425091,7.03
CHEMBL5278657,8.4067
CHEMBL6007834,6.52
CHEMBL4793453,7.735
CHEMBL5988402,8.52
CHEMBL3263962,6.755
CHEMBL3545154,8.8944
CHEMBL4861707,7.16
CHEMBL6043318,7.96
CHEMBL5401943,5.855
CHEMBL5915854,8.5633
CHEMBL592153,5.87
CHEMBL3633930,7.54
CHEMBL4530048,4.57
CHEMBL543669,5.4
CHEMBL5921778,7.51
CHEMBL5794118,7.645
CHEMBL5594919,7.9
CHEMBL4066504,7.6
CHEMBL176582,11.0
CHEMBL1242385,6.27
CHEMBL113901,5.28
CHEMBL2408830,6.7467
CHEMBL5207108,8.72
CHEMBL4800697,8.37
CHEMBL258694,6.82
CHEMBL5886724,8.52
CHEMBL511623,6.04
CHEMBL1241583,4.77
CHEMBL4757806,9.4
CHEMBL3759986,8.52
CHEMBL2316140,5.79
CHEMBL469996,5.48
CHEMBL6041205,7.85
CHEMBL3623289,7.67
CHEMBL3623288,7.77
CHEMBL3671548,6.41
CHEMBL491686,5.72
CHEMBL3917951,7.0
CHEMBL48650,5.11
CHEMBL4069586,6.48
CHEMBL3633774,8.4
CHEMBL5860718,8.7
CHEMBL4065970,7.54
CHEMBL2018749,6.1
CHEMBL1081849,6.01
CHEMBL4642842,4.455
CHEMBL119982,6.06
CHEMBL5209276,6.3867
CHEMBL5900674,5.21
CHEMBL510845,7.52
CHEMBL1257911,6.0
CHEMBL5203179,6.96
CHEMBL5983473,6.76
CHEMBL5926025,5.26
CHEMBL3622665,8.68
CHEMBL4636996,7.1
CHEMBL5795202,5.68
CHEMBL3917657,6.06
CHEMBL3671579,6.01
CHEMBL6062820,6.97
CHEMBL5895064,6.97
CHEMBL5937803,6.84
CHEMBL5873347,5.08
CHEMBL2441563,8.035
CHEMBL5562868,4.29
CHEMBL5785378,7.465
CHEMBL6015235,7.61
CHEMBL5875973,7.63
CHEMBL4749064,8.92
CHEMBL5886152,4.58
CHEMBL3674148,8.9
CHEMBL2336335,4.86
CHEMBL29197,7.7453
CHEMBL78249,4.16
CHEMBL119923,4.815
CHEMBL5432716,7.52
CHEMBL53690,8.695
CHEMBL3347498,6.07
CHEMBL5982895,8.3
CHEMBL318736,6.98
CHEMBL279138,5.17
CHEMBL4873392,6.34
CHEMBL5912163,8.4
CHEMBL1914673,7.54
CHEMBL6020683,6.63
CHEMBL2385968,6.18
CHEMBL5880998,8.7
CHEMBL2316156,4.73
CHEMBL56201,4.58
CHEMBL1077068,4.05
CHEMBL5427961,7.725
CHEMBL5082149,4.75
CHEMBL498133,7.8
CHEMBL3639542,8.04
CHEMBL1272325,6.765
CHEMBL4791756,8.04
CHEMBL5195164,6.9525
CHEMBL5174629,5.8125
CHEMBL2029439,8.54
CHEMBL1645462,7.6
CHEMBL2018750,5.32
CHEMBL319620,5.47
CHEMBL2018759,5.24
CHEMBL5860638,8.52
CHEMBL5398132,7.115
CHEMBL513208,7.92
CHEMBL5852605,8.7
CHEMBL298679,6.14
CHEMBL5188373,9.78
CHEMBL194160,5.96
CHEMBL2032378,7.556
CHEMBL1241481,6.77
CHEMBL6022830,6.76
CHEMBL3663921,8.775
CHEMBL137189,6.7
CHEMBL1242376,6.63
CHEMBL3604937,6.41
CHEMBL5555592,6.82
CHEMBL1830270,5.29
CHEMBL2110732,8.0225
CHEMBL52784,7.96
CHEMBL96489,6.8
CHEMBL4102224,7.885
CHEMBL3604929,5.31
CHEMBL5076283,8.29
CHEMBL5827300,7.96
CHEMBL5922699,8.1
CHEMBL4286733,6.95
CHEMBL4072688,6.52
CHEMBL5930586,6.85
CHEMBL605161,4.66
CHEMBL3930316,8.7
CHEMBL4847264,8.4567
CHEMBL111434,6.17
CHEMBL5950707,8.15
CHEMBL6003695,8.7
CHEMBL566559,7.35
CHEMBL1645470,7.7
CHEMBL5747597,8.41
CHEMBL5435775,8.3133
CHEMBL5948133,6.76
CHEMBL4575374,6.93
CHEMBL4634817,6.35
CHEMBL5189778,6.14
CHEMBL552859,6.75
CHEMBL3758761,7.68
CHEMBL5422592,7.875
CHEMBL5426811,7.685
CHEMBL5266477,6.15
CHEMBL2408827,6.39
CHEMBL3699601,7.7
CHEMBL5903829,6.05
CHEMBL2385984,5.3
CHEMBL206783,8.1
CHEMBL4760864,7.52
CHEMBL3814460,6.59
CHEMBL2048793,6.05
CHEMBL1242758,5.85
CHEMBL5918866,7.6
CHEMBL4568087,6.47
CHEMBL1821880,4.99
CHEMBL3799255,7.485
CHEMBL257872,6.67
CHEMBL3676383,7.58
CHEMBL128759,7.92
CHEMBL2029427,6.055
CHEMBL5179954,8.92
CHEMBL508760,6.92
CHEMBL56983,6.0
CHEMBL3915508,8.39
CHEMBL160846,8.1
CHEMBL3805409,4.09
CHEMBL3297892,7.52
CHEMBL4101735,5.605
CHEMBL3974571,7.425
CHEMBL3676348,7.19
CHEMBL5874668,9.72
CHEMBL3263378,5.55
CHEMBL4098507,7.8
CHEMBL4098591,7.63
CHEMBL4105434,4.62
CHEMBL4877510,8.89
CHEMBL4227278,6.625
CHEMBL3939985,7.82
CHEMBL3355878,9.18
CHEMBL5833201,8.7
CHEMBL2385986,5.92
CHEMBL4878790,5.53
CHEMBL301612,6.845
CHEMBL4110614,6.42
CHEMBL3902180,6.49
CHEMBL56964,4.22
CHEMBL5832090,8.9433
CHEMBL4094927,7.54
CHEMBL3237941,4.49
CHEMBL6046774,8.7
CHEMBL4563873,8.25
CHEMBL3671563,7.44
CHEMBL5266919,8.06
CHEMBL2441568,8.89
CHEMBL4575647,4.87
CHEMBL5802290,6.965
CHEMBL329161,6.05
CHEMBL3671482,7.89
CHEMBL207009,7.75
CHEMBL5959712,7.8125
CHEMBL4744798,9.15
CHEMBL4852664,8.6625
CHEMBL3805177,6.435
CHEMBL1242656,6.44
CHEMBL5809369,6.76
CHEMBL5932966,6.76
CHEMBL5922408,6.76
CHEMBL5805659,7.67
CHEMBL6041084,7.4
CHEMBL5568662,6.205
CHEMBL1090362,7.13
CHEMBL2029700,5.28
CHEMBL5188618,7.21
CHEMBL5739918,5.56
CHEMBL5806205,8.4
CHEMBL189779,9.03
CHEMBL3905432,5.55
CHEMBL4107879,6.54
CHEMBL1934626,6.72
CHEMBL5867043,7.6
CHEMBL202425,7.82
CHEMBL293090,8.1
CHEMBL4218447,6.4
CHEMBL328106,7.23
CHEMBL336174,5.3
CHEMBL1928707,5.49
CHEMBL2424794,5.44
CHEMBL357367,8.03
CHEMBL6022326,7.775
CHEMBL3612598,6.18
CHEMBL5999223,8.64
CHEMBL5772994,7.31
CHEMBL6053327,8.3
CHEMBL116919,5.0
CHEMBL67003,8.74
CHEMBL5752119,7.13
CHEMBL1645477,6.68
CHEMBL3085381,6.89
CHEMBL1928887,4.86
CHEMBL176702,5.47
CHEMBL77452,8.05
CHEMBL4446992,6.4
CHEMBL2325100,7.22
CHEMBL79060,6.6
CHEMBL6024214,8.52
CHEMBL4570484,6.85
CHEMBL347160,4.82
CHEMBL246694,6.85
CHEMBL152905,8.32
CHEMBL5081817,6.995
CHEMBL6048496,6.76
CHEMBL5918636,8.15
CHEMBL1241674,5.36
CHEMBL6012149,4.82
CHEMBL4531697,7.1967
CHEMBL475761,8.3
CHEMBL3092311,6.245
CHEMBL5079998,8.13
CHEMBL31276,8.395
CHEMBL4439974,8.375
CHEMBL4557005,7.03
CHEMBL122397,6.05
CHEMBL1090361,7.24
CHEMBL1241299,4.0
CHEMBL4516736,5.36
CHEMBL314146,4.36
CHEMBL4100759,7.235
CHEMBL5824026,6.26
CHEMBL3973028,7.07
CHEMBL3742200,5.36
CHEMBL5901840,5.51
CHEMBL64430,5.3
CHEMBL6030528,7.17
CHEMBL5849712,8.15
CHEMBL3545360,7.07
CHEMBL3647419,7.3
CHEMBL4579429,6.52
CHEMBL4873098,7.71
CHEMBL5958954,6.26
CHEMBL2442319,5.46
CHEMBL5532112,7.55
CHEMBL156797,5.335
CHEMBL3237931,6.57
CHEMBL1683962,6.62
CHEMBL4444231,6.06
CHEMBL5425169,6.08
CHEMBL1821862,5.76
CHEMBL3604205,7.31
CHEMBL4746770,9.22
CHEMBL6043736,6.56
CHEMBL5560466,6.355
CHEMBL4875332,7.53
CHEMBL3237929,6.3433
CHEMBL3925584,7.62
CHEMBL372523,6.68
CHEMBL5893212,6.26
CHEMBL5863638,6.6
CHEMBL3671536,7.16
CHEMBL5284866,7.5
CHEMBL1958218,5.62
CHEMBL423224,6.855
CHEMBL5572660,8.72
CHEMBL6002527,8.4
CHEMBL3133908,6.065
CHEMBL5987087,5.5733
CHEMBL1944921,5.06
CHEMBL3133751,6.54
CHEMBL4532084,8.21
CHEMBL1934627,7.1
CHEMBL2381514,7.4467
CHEMBL4649833,5.02
CHEMBL5570443,8.84
CHEMBL5290929,7.37
CHEMBL5270335,7.24
CHEMBL5441026,6.175
CHEMBL5900488,8.7
CHEMBL1077107,4.0
CHEMBL5437854,7.58
CHEMBL5403023,7.56
CHEMBL5207152,7.645
CHEMBL597402,7.21
CHEMBL5847879,8.185
CHEMBL5742207,6.02
CHEMBL1242198,6.24
CHEMBL3927914,7.28
CHEMBL6016738,8.52
CHEMBL291979,4.27
CHEMBL5741575,5.4225
CHEMBL305660,6.25
CHEMBL94191,6.5367
CHEMBL3357634,8.94
CHEMBL89940,6.11
CHEMBL5619066,6.895
CHEMBL4209588,6.3
CHEMBL5750351,8.7
CHEMBL137617,7.41
CHEMBL5881569,7.155
CHEMBL500381,7.2
CHEMBL1928886,5.73
CHEMBL4650281,7.7057
CHEMBL5744096,5.8825
CHEMBL1762110,5.45
CHEMBL193544,6.85
CHEMBL6000527,6.76
CHEMBL6011498,7.58
CHEMBL5760794,5.35
CHEMBL5418423,7.14
CHEMBL45827,6.515
CHEMBL53156,8.105
CHEMBL6026921,7.62
CHEMBL1336,6.9814
CHEMBL4454745,6.645
CHEMBL3622629,8.24
CHEMBL5974834,7.55
CHEMBL5814661,6.82
CHEMBL4849337,6.95
CHEMBL5815497,8.22
CHEMBL3403512,6.53
CHEMBL3092321,5.79
CHEMBL5198920,8.11
CHEMBL3676354,7.89
CHEMBL5934428,8.4
CHEMBL3915306,5.19
CHEMBL1198361,7.07
CHEMBL4090330,5.58
CHEMBL5967046,8.52
CHEMBL4448107,8.2467
CHEMBL391779,7.2
CHEMBL1242207,4.6
CHEMBL4796010,9.275
CHEMBL5968968,6.71
CHEMBL5778571,8.26
CHEMBL4228176,7.3475
CHEMBL6039889,5.8
CHEMBL3087193,7.79
CHEMBL317925,9.17
CHEMBL1173455,6.08
CHEMBL4100860,8.1
CHEMBL4246256,4.28
CHEMBL5569987,6.98
CHEMBL4463765,7.73
CHEMBL5612046,5.07
CHEMBL4856343,5.96
CHEMBL1241483,5.41
CHEMBL3233764,6.27
CHEMBL5944555,8.52
CHEMBL5993712,8.5233
CHEMBL4106341,5.16
CHEMBL344177,7.7
CHEMBL5937064,8.15
CHEMBL4759405,6.37
CHEMBL3939300,6.15
CHEMBL5996579,8.52
CHEMBL4765122,6.3
CHEMBL3902845,8.77
CHEMBL3221548,5.01
CHEMBL378370,7.7
CHEMBL2011291,6.3765
CHEMBL5431254,6.58
CHEMBL4099254,6.81
CHEMBL1242208,4.0
CHEMBL5555046,4.71
CHEMBL3612595,8.06
CHEMBL593306,6.7
CHEMBL3894076,7.085
CHEMBL5990479,9.63
CHEMBL5960937,6.89
CHEMBL5178922,7.99
CHEMBL5187605,8.17
CHEMBL5892362,8.15
CHEMBL1928952,7.21
CHEMBL5569663,7.95
CHEMBL75208,6.7
CHEMBL154260,4.62
CHEMBL5172794,8.405
CHEMBL3355874,9.05
CHEMBL116857,5.54
CHEMBL5764327,4.78
CHEMBL5850505,7.89
CHEMBL202244,5.05
CHEMBL4226702,7.0433
CHEMBL255135,7.77
CHEMBL1242848,5.67
CHEMBL484109,5.33
CHEMBL473351,5.66
CHEMBL5923252,5.26
CHEMBL5909001,6.26
CHEMBL5872134,6.26
CHEMBL5865390,6.26
CHEMBL5557178,5.33
CHEMBL5794373,7.89
CHEMBL3114700,7.87
CHEMBL6026804,7.18
CHEMBL73406,6.77
CHEMBL425402,5.765
CHEMBL3234749,7.33
CHEMBL5792219,5.2529
CHEMBL4286998,5.01
CHEMBL5198809,7.14
CHEMBL5595487,6.89
CHEMBL539822,9.33
CHEMBL5563703,5.12
CHEMBL3233020,7.76
CHEMBL6055007,6.26
CHEMBL5880248,7.96
CHEMBL5799819,7.77
CHEMBL5276357,7.005
CHEMBL5079081,7.02
CHEMBL188304,7.0
CHEMBL4781497,6.6
CHEMBL4520341,7.9367
CHEMBL5180325,7.6
CHEMBL1242295,6.13
CHEMBL245867,6.8
CHEMBL5931977,8.7
CHEMBL1203934,7.29
CHEMBL5905715,6.26
CHEMBL207674,7.3
CHEMBL378145,5.47
CHEMBL4562352,9.22
CHEMBL3754722,6.54
CHEMBL1242749,5.58
CHEMBL1242748,5.32
CHEMBL5170804,6.61
CHEMBL5886380,5.0
CHEMBL2424801,5.33
CHEMBL281300,7.1
CHEMBL5821638,6.26
CHEMBL3912598,7.0
CHEMBL249496,6.57
CHEMBL591437,4.36
CHEMBL5282227,6.955
CHEMBL3828269,8.495
CHEMBL4288648,6.12
CHEMBL3671573,7.85
CHEMBL1794063,7.72
CHEMBL4066170,7.99
CHEMBL3741490,9.0
CHEMBL4743220,8.5
CHEMBL1088348,4.63
CHEMBL1328065,5.72
CHEMBL5778816,8.7
CHEMBL3671514,7.46
CHEMBL3622633,6.24
CHEMBL289959,6.46
CHEMBL346716,4.29
CHEMBL6034790,8.1
CHEMBL2316154,5.41
CHEMBL3799864,7.575
CHEMBL605337,5.67
CHEMBL488271,5.0
CHEMBL4565984,7.9933
CHEMBL5889876,8.7
CHEMBL248116,7.44
CHEMBL4089588,7.71
CHEMBL419047,5.6
CHEMBL4755832,7.57
CHEMBL4785528,6.62
CHEMBL5069689,7.74
CHEMBL5986535,8.79
CHEMBL3753444,6.34
CHEMBL5846978,8.18
CHEMBL4081860,8.065
CHEMBL4863078,6.96
CHEMBL4450061,6.91
CHEMBL4103893,6.05
CHEMBL606413,5.85
CHEMBL6029316,6.52
CHEMBL3823520,6.28
CHEMBL5184813,7.91
CHEMBL103667,5.42
CHEMBL1241858,5.57
CHEMBL250925,7.82
CHEMBL168656,5.68
CHEMBL79206,8.52
CHEMBL1812564,5.46
CHEMBL2437223,7.6
CHEMBL3813979,6.54
CHEMBL5812935,8.52
CHEMBL5207462,7.75
CHEMBL3666714,7.49
CHEMBL6004777,7.96
CHEMBL3416596,7.57
CHEMBL1947204,8.61
CHEMBL283201,6.865
CHEMBL473320,6.88
CHEMBL449093,7.285
CHEMBL344652,4.88
CHEMBL4228018,6.58
CHEMBL3942999,6.41
CHEMBL3944572,6.05
CHEMBL5181469,9.27
CHEMBL4109796,7.73
CHEMBL3910496,8.64
CHEMBL345211,5.0
CHEMBL3671578,6.9
CHEMBL455208,7.52
CHEMBL277430,4.12
CHEMBL1230790,6.02
CHEMBL4593016,6.3
CHEMBL4170121,9.22
CHEMBL5591255,8.83
CHEMBL544640,5.68
CHEMBL114593,6.02
CHEMBL5405222,7.8867
CHEMBL3623290,8.4567
CHEMBL3623291,8.16
CHEMBL3325479,6.7
CHEMBL328977,7.02
CHEMBL5948958,7.93
CHEMBL4470120,6.7
CHEMBL4780534,6.9
CHEMBL5910503,7.6
CHEMBL5275932,5.155
CHEMBL1812566,5.18
CHEMBL2325104,6.03
CHEMBL5779322,8.3
CHEMBL5970015,8.4
CHEMBL5281205,8.78
CHEMBL5280664,8.98
CHEMBL347161,4.77
CHEMBL2032379,7.686
CHEMBL3355884,7.54
CHEMBL5173701,8.74
CHEMBL56542,5.3
CHEMBL335648,7.72
CHEMBL2064399,5.43
CHEMBL2064398,5.35
CHEMBL246276,6.92
CHEMBL4776730,6.91
CHEMBL4793944,5.885
CHEMBL5967794,5.9433
CHEMBL5787380,7.6
CHEMBL6051409,8.298
CHEMBL4284684,7.61
CHEMBL3355880,9.25
CHEMBL1910278,4.18
CHEMBL131590,5.33
CHEMBL4650321,5.23
CHEMBL3758875,6.12
CHEMBL596087,7.5
CHEMBL4086078,6.99
CHEMBL567873,7.48
CHEMBL2316150,5.21
CHEMBL3425672,5.6267
CHEMBL5424516,4.91
CHEMBL3952157,8.57
CHEMBL5181684,7.49
CHEMBL4064776,7.25
CHEMBL3357644,9.52
CHEMBL3357643,8.25
CHEMBL215814,7.1
CHEMBL5842694,7.8475
CHEMBL1812374,5.71
CHEMBL5971988,8.4
CHEMBL3612574,5.11
CHEMBL6046816,7.6
CHEMBL3360612,7.52
CHEMBL116012,4.99
CHEMBL5282641,9.27
CHEMBL5280967,9.62
CHEMBL3622672,8.115
CHEMBL5932064,6.56
CHEMBL3355879,8.97
CHEMBL3133905,5.6
CHEMBL4096980,8.96
CHEMBL5176460,8.74
CHEMBL116423,4.73
CHEMBL5996490,8.2375
CHEMBL3968039,9.0
CHEMBL205148,6.0
CHEMBL3985465,8.74
CHEMBL512391,7.39
CHEMBL5286055,7.6367
CHEMBL3891187,7.48
CHEMBL111365,5.89
CHEMBL5798869,8.7067
CHEMBL442749,6.22
CHEMBL3353403,5.25
CHEMBL5820028,6.52
CHEMBL511990,7.96
CHEMBL589068,5.03
CHEMBL3921446,6.535
CHEMBL80164,6.0
CHEMBL5792559,4.9633
CHEMBL5272404,7.19
CHEMBL2325090,6.17
CHEMBL1812569,5.55
CHEMBL150177,4.07
CHEMBL5982112,6.0767
CHEMBL5173075,6.34
CHEMBL5561026,6.66
CHEMBL5963748,5.22
CHEMBL5873136,6.4267
CHEMBL3982710,7.94
CHEMBL5414627,6.77
CHEMBL5285308,7.5467
CHEMBL3425673,5.905
CHEMBL3671508,7.01
CHEMBL1830280,6.39
CHEMBL1952211,6.44
CHEMBL1952210,6.565
CHEMBL6054367,6.87
CHEMBL371888,7.23
CHEMBL3965075,6.005
CHEMBL4089951,8.12
CHEMBL4800367,8.82
CHEMBL2447950,9.42
CHEMBL3758889,7.39
CHEMBL5075204,6.45
CHEMBL5997498,10.35
CHEMBL5889117,6.26
CHEMBL5911542,5.85
CHEMBL4448691,6.545
CHEMBL5875009,4.7
CHEMBL3699581,7.725
CHEMBL5956472,7.82
CHEMBL248391,6.76
CHEMBL5952854,8.3933
CHEMBL5857682,9.11
CHEMBL6055384,8.7
CHEMBL3132872,6.56
CHEMBL122522,5.17
CHEMBL4100655,7.32
CHEMBL5782322,8.52
CHEMBL3958482,7.34
CHEMBL4283517,6.04
CHEMBL178654,7.47
CHEMBL4757531,6.5533
CHEMBL5176897,7.5575
CHEMBL340862,7.96
CHEMBL5283875,7.99
CHEMBL596957,7.14
CHEMBL9470,6.86
CHEMBL336113,6.0
CHEMBL372692,5.8
CHEMBL4873830,6.7
CHEMBL231885,6.15
CHEMBL4102389,8.47
CHEMBL4561572,6.38
CHEMBL5427116,6.46
CHEMBL4640482,4.355
CHEMBL4087740,9.1
CHEMBL209818,5.94
CHEMBL1198370,7.84
CHEMBL5972607,8.1
CHEMBL5950512,6.76
CHEMBL5806638,8.3
CHEMBL3671490,8.52
CHEMBL3786858,7.35
CHEMBL1171792,7.07
CHEMBL5809860,8.01
CHEMBL5081174,8.165
CHEMBL3813876,6.35
CHEMBL5196209,7.22
CHEMBL56936,8.7
CHEMBL3805089,6.73
CHEMBL6063948,5.26
CHEMBL1744347,7.12
CHEMBL5562124,4.13
CHEMBL193578,5.62
CHEMBL4087525,6.44
CHEMBL5749382,6.32
CHEMBL6057717,5.4275
CHEMBL92006,6.14
CHEMBL1173457,5.66
CHEMBL5760493,6.26
CHEMBL4562744,6.03
CHEMBL5926535,7.66
CHEMBL3087194,7.38
CHEMBL5893933,5.415
CHEMBL5792124,9.0
CHEMBL3934594,6.34
CHEMBL299763,4.3
CHEMBL3909214,7.0
CHEMBL3663934,8.585
CHEMBL248392,8.3
CHEMBL1683974,8.05
CHEMBL336409,5.97
CHEMBL3799956,4.35
CHEMBL5280359,7.99
CHEMBL73710,6.25
CHEMBL3982014,6.52
CHEMBL2419762,7.57
CHEMBL5809639,7.545
CHEMBL51741,8.7
CHEMBL4073960,7.7
CHEMBL155100,6.57
CHEMBL5894758,5.26
CHEMBL92812,8.275
CHEMBL3622624,7.0
CHEMBL5846820,9.22
CHEMBL5562889,6.5575
CHEMBL4468146,8.83
CHEMBL6038037,7.55
CHEMBL4459052,4.81
CHEMBL5832939,5.3867
CHEMBL520493,5.0
CHEMBL56219,5.82
CHEMBL5913449,6.84
CHEMBL3237930,6.2967
CHEMBL6061819,7.64
CHEMBL330668,6.11
CHEMBL245868,6.21
CHEMBL83,5.45
CHEMBL7827,5.97
CHEMBL4520903,6.2583
CHEMBL4871985,7.3
CHEMBL1172773,7.09
CHEMBL5201725,7.57
CHEMBL5942124,9.895
CHEMBL507329,7.145
CHEMBL447365,7.1
CHEMBL450109,7.4
CHEMBL450396,7.3
CHEMBL5773834,7.0233
CHEMBL3905411,7.28
CHEMBL6054382,7.77
CHEMBL3221552,5.4
CHEMBL4227281,6.555
CHEMBL4100075,5.96
CHEMBL247914,7.33
CHEMBL4873767,7.0
CHEMBL5851971,6.26
CHEMBL5870000,6.83
CHEMBL6043358,9.1
CHEMBL3929060,9.0
CHEMBL3958624,8.77
CHEMBL3671583,6.34
CHEMBL3740910,8.165
CHEMBL5562735,8.53
CHEMBL1828870,4.92
CHEMBL5287053,5.34
CHEMBL5275784,5.52
CHEMBL5088907,7.71
CHEMBL247309,7.0
CHEMBL355019,6.13
CHEMBL339416,9.13
CHEMBL3774808,6.34
CHEMBL5394139,7.965
CHEMBL1830262,4.96
CHEMBL4105530,7.57
CHEMBL106232,5.35
CHEMBL5393923,10.02
CHEMBL4059772,7.85
CHEMBL5631207,7.505
CHEMBL5846412,8.92
CHEMBL5977738,9.85
CHEMBL5189379,6.01
CHEMBL5413223,6.96
CHEMBL5424597,6.39
CHEMBL281467,6.22
CHEMBL5171139,6.34
CHEMBL4746488,7.97
CHEMBL56236,5.17
CHEMBL5975926,8.52
CHEMBL5993827,5.25
CHEMBL4164396,7.79
CHEMBL4293690,6.54
CHEMBL5568100,4.09
CHEMBL5439143,7.62
CHEMBL131653,4.61
CHEMBL5988212,5.9425
CHEMBL2047027,5.21
CHEMBL5877896,6.26
CHEMBL435993,8.04
CHEMBL5821888,7.66
CHEMBL3586185,5.12
CHEMBL345988,6.57
CHEMBL2029429,8.94
CHEMBL3092323,5.885
CHEMBL3325478,5.16
CHEMBL2031304,9.29
CHEMBL3758802,8.3
CHEMBL3622626,6.98
CHEMBL2325103,5.08
CHEMBL6063877,6.96
CHEMBL3747055,5.07
CHEMBL181617,8.0
CHEMBL1683958,7.17
CHEMBL2437458,7.2983
CHEMBL1947045,4.775
CHEMBL4450843,6.11
CHEMBL4521381,8.8475
CHEMBL3920551,7.29
CHEMBL3671559,6.89
CHEMBL606466,6.96
CHEMBL5406494,7.505
CHEMBL5746447,6.26
CHEMBL3087208,6.84
CHEMBL3982407,4.73
CHEMBL6039541,7.6967
CHEMBL322066,5.77
CHEMBL4575427,4.35
CHEMBL1172877,4.57
CHEMBL5892354,6.76
CHEMBL6050550,8.08
CHEMBL472942,4.87
CHEMBL6027769,7.875
CHEMBL1630115,7.54
CHEMBL3759725,8.52
CHEMBL4082763,7.435
CHEMBL1645465,6.17
CHEMBL5870784,7.15
CHEMBL5567575,7.4533
CHEMBL4453068,7.265
CHEMBL5998521,7.795
CHEMBL6057006,8.14
CHEMBL5200275,7.32
CHEMBL3914322,7.0
CHEMBL5584052,9.12
CHEMBL335931,5.46
CHEMBL1241950,5.16
CHEMBL3087206,7.39
CHEMBL3087207,6.69
CHEMBL5620256,6.78
CHEMBL2425094,7.32
CHEMBL3699609,8.26
CHEMBL5282716,7.2675
CHEMBL4226937,6.09
CHEMBL2018767,5.03
CHEMBL6057486,8.15
CHEMBL5822340,8.52
CHEMBL4097795,8.24
CHEMBL186001,7.17
CHEMBL165731,8.82
CHEMBL593770,5.85
CHEMBL1821865,5.57
CHEMBL4079861,8.62
CHEMBL1958213,5.7
CHEMBL195437,4.79
CHEMBL5950577,8.4
CHEMBL255866,6.51
CHEMBL599145,5.3
CHEMBL6016956,7.71
CHEMBL3403518,6.99
CHEMBL4516232,9.66
CHEMBL589590,4.5
CHEMBL5925262,8.52
CHEMBL337035,4.9
CHEMBL4469866,8.06
CHEMBL5410384,6.86
CHEMBL5175924,6.66
CHEMBL4060919,8.26
CHEMBL3759963,7.89
CHEMBL4457885,7.5967
CHEMBL1641992,5.89
CHEMBL4475780,6.63
CHEMBL3753157,6.3
CHEMBL5907345,6.12
CHEMBL5420623,8.74
CHEMBL3883652,4.96
CHEMBL5977258,5.26
CHEMBL248115,7.07
CHEMBL592216,8.6
CHEMBL89505,5.1
CHEMBL5878717,9.0
CHEMBL1080990,5.92
CHEMBL5769440,7.51
CHEMBL4798480,6.74
CHEMBL5875433,7.68
CHEMBL5797150,8.7
CHEMBL4786961,7.9
CHEMBL2070194,5.89
CHEMBL5288751,6.35
CHEMBL3805218,7.59
CHEMBL4211322,4.9533
CHEMBL1241579,5.32
CHEMBL1240544,5.04
CHEMBL6052335,7.42
CHEMBL6003108,6.26
CHEMBL3655348,8.0
CHEMBL3674150,8.1267
CHEMBL414013,4.12
CHEMBL6011218,8.24
CHEMBL1081312,6.58
CHEMBL2064372,7.11
CHEMBL445572,7.05
CHEMBL5282557,6.8
CHEMBL1630112,8.55
CHEMBL4780965,8.7
CHEMBL4293145,8.345
CHEMBL4171764,8.58
CHEMBL5993116,8.4
CHEMBL3092308,7.19
CHEMBL4076515,5.89
CHEMBL504034,7.4
CHEMBL5820260,8.7
CHEMBL1081198,4.3
CHEMBL5942595,8.05
CHEMBL1090364,7.095
CHEMBL4091626,7.96
CHEMBL449949,5.58
CHEMBL538757,5.06
CHEMBL5795465,8.7
CHEMBL311111,5.9
CHEMBL3932176,8.46
CHEMBL2048904,7.44
CHEMBL3699610,7.7
CHEMBL1944929,4.18
CHEMBL419022,6.16
CHEMBL136102,6.71
CHEMBL5567060,7.445
CHEMBL5415613,7.86
CHEMBL2316151,6.385
CHEMBL5846336,7.72
CHEMBL3663924,8.77
CHEMBL5925537,5.26
CHEMBL475599,6.52
CHEMBL214023,7.72
CHEMBL473429,8.52
CHEMBL4649261,7.3375
CHEMBL5286575,7.67
CHEMBL5572514,9.09
CHEMBL2437460,8.2817
CHEMBL5770970,7.395
CHEMBL3678947,8.2833
CHEMBL3923228,8.335
CHEMBL3234747,7.36
CHEMBL6020835,8.41
CHEMBL133023,7.62
CHEMBL1173014,4.86
CHEMBL5266482,7.15
CHEMBL115187,6.89
CHEMBL6041859,8.52
CHEMBL1812431,5.92
CHEMBL5401500,8.2
CHEMBL3753011,8.8
CHEMBL5420857,7.77
CHEMBL4759072,9.08
CHEMBL3325480,4.78
CHEMBL1241862,4.0
CHEMBL243839,6.925
CHEMBL4741925,6.69
CHEMBL5945719,8.0833
CHEMBL50470,5.87
CHEMBL4206288,7.7333
CHEMBL5184084,5.52
CHEMBL517130,8.05
CHEMBL461968,8.1
CHEMBL5290583,8.925
CHEMBL592711,5.76
CHEMBL299194,5.06
CHEMBL6015239,9.0
CHEMBL5436840,6.43
CHEMBL4525168,6.4
CHEMBL4126797,7.34
CHEMBL5956969,7.2925
CHEMBL3040548,7.28
CHEMBL5854233,7.6
CHEMBL5935382,5.87
CHEMBL4567599,6.9
CHEMBL6061460,7.69
CHEMBL2442327,5.51
CHEMBL5879075,8.7
CHEMBL370808,5.28
CHEMBL5566021,4.25
CHEMBL1914662,7.58
CHEMBL3981621,7.03
CHEMBL5203821,6.44
CHEMBL299893,8.3
CHEMBL3678955,8.1867
CHEMBL242740,5.48
CHEMBL3815115,6.535
CHEMBL2374458,7.24
CHEMBL56505,7.46
CHEMBL4642177,6.43
CHEMBL5970341,6.696
CHEMBL4066684,6.14
CHEMBL554983,7.085
CHEMBL486437,4.66
CHEMBL5196498,6.485
CHEMBL3947759,6.97
CHEMBL3233793,7.845
CHEMBL5274514,8.3267
CHEMBL1956887,5.21
CHEMBL5885438,8.3
CHEMBL5630852,7.505
CHEMBL137082,6.81
CHEMBL5758432,7.34
CHEMBL5197952,6.8
CHEMBL5842313,8.52
CHEMBL3986103,7.445
CHEMBL126974,5.96
CHEMBL5750515,6.3667
CHEMBL402149,7.62
CHEMBL5953740,9.3
CHEMBL5747102,6.7383
CHEMBL4795296,9.4
CHEMBL2408828,7.1433
CHEMBL4218154,8.335
CHEMBL3671521,6.89
CHEMBL5985452,8.7
CHEMBL2408823,5.875
CHEMBL3786098,7.524
CHEMBL3787132,6.92
CHEMBL3786812,7.8
CHEMBL3759127,6.89
CHEMBL5857842,7.24
CHEMBL2425090,7.58
CHEMBL1688539,7.52
CHEMBL53062,8.255
CHEMBL5769810,8.55
CHEMBL114490,5.63
CHEMBL5631094,8.695
CHEMBL565714,7.68
CHEMBL598520,6.5
CHEMBL4163321,6.5
CHEMBL3742059,7.51
CHEMBL3763790,8.44
CHEMBL5879544,6.26
CHEMBL3671576,7.35
CHEMBL5432017,7.22
CHEMBL5512556,6.18
CHEMBL3219347,7.914
CHEMBL5885640,7.4
CHEMBL5901440,7.8
CHEMBL5786339,8.17
CHEMBL5747445,6.875
CHEMBL5849722,6.505
CHEMBL5208397,6.94
CHEMBL204085,8.77
CHEMBL591039,7.06
CHEMBL3774947,7.2
CHEMBL6023068,8.7
CHEMBL4464785,5.8
CHEMBL5085118,8.885
CHEMBL5802612,8.7
CHEMBL4293326,6.02
CHEMBL5512476,7.15
CHEMBL1830268,4.83
CHEMBL3671574,7.6
CHEMBL1090353,6.18
CHEMBL3740247,5.04
CHEMBL4075103,8.02
CHEMBL4062528,7.57
CHEMBL5284848,6.89
CHEMBL1077095,4.32
CHEMBL1812571,6.03
CHEMBL5993258,8.22
CHEMBL5918820,8.52
CHEMBL5933788,8.52
CHEMBL4449589,6.755
CHEMBL202721,6.96
CHEMBL5829060,9.0
CHEMBL5984029,8.146
CHEMBL5404033,6.9
CHEMBL461792,8.0
CHEMBL5943090,7.58
CHEMBL1944928,4.155
CHEMBL5435881,7.15
CHEMBL3806145,7.24
CHEMBL3622620,6.71
CHEMBL90013,7.96
CHEMBL5633878,4.32
CHEMBL4751641,9.15
CHEMBL334032,4.355
CHEMBL5950367,5.26
CHEMBL5820070,6.52
CHEMBL5396183,5.88
CHEMBL5971901,9.55
CHEMBL5612418,4.64
CHEMBL5280555,6.8875
CHEMBL156555,4.0
CHEMBL475600,6.94
CHEMBL39715,8.245
CHEMBL3676362,7.85
CHEMBL202162,5.29
CHEMBL89723,5.02
CHEMBL6000425,7.89
CHEMBL5939638,5.26
CHEMBL5398727,6.2
CHEMBL155278,7.845
CHEMBL5208549,6.69
CHEMBL4087243,7.09
CHEMBL6049695,8.7
CHEMBL3622640,8.52
CHEMBL5999274,6.07
CHEMBL4783948,6.82
CHEMBL5394752,6.6
CHEMBL5395370,6.75
CHEMBL4099329,8.96
CHEMBL3676378,7.64
CHEMBL5434318,7.35
CHEMBL3297895,6.99
CHEMBL137027,6.32
CHEMBL3814694,7.4467
CHEMBL5948463,8.7
CHEMBL5267773,7.03
CHEMBL3233775,7.6
CHEMBL462338,5.11
CHEMBL5204417,6.82
CHEMBL5753614,6.0033
CHEMBL166093,9.74
CHEMBL5941761,5.62
CHEMBL5769603,7.89
CHEMBL5824924,8.46
CHEMBL3234743,5.88
CHEMBL165574,9.0
CHEMBL5631882,6.23
CHEMBL5845962,5.89
CHEMBL4445017,8.02
CHEMBL5523623,7.39
CHEMBL5847006,7.0975
CHEMBL5949435,6.26
CHEMBL340898,8.46
CHEMBL481789,5.33
CHEMBL5762432,8.52
CHEMBL5832364,5.4225
CHEMBL4289274,5.77
CHEMBL3904778,7.725
CHEMBL76642,4.12
CHEMBL501368,4.7
CHEMBL592211,6.02
CHEMBL5889296,6.26
CHEMBL4439053,4.98
CHEMBL5087931,7.575
CHEMBL5397983,5.57
CHEMBL93051,7.82
CHEMBL69629,8.19
CHEMBL22978,6.1
CHEMBL1241775,4.16
CHEMBL51659,8.755
CHEMBL4441029,7.28
CHEMBL5860809,8.22
CHEMBL5823873,5.6175
CHEMBL503253,6.92
CHEMBL451347,6.17
CHEMBL5897419,9.4067
CHEMBL5267161,6.91
CHEMBL3890186,8.05
CHEMBL5787183,6.93
CHEMBL378144,9.22
CHEMBL31965,8.5785
CHEMBL6025187,8.0167
CHEMBL2105717,6.6267
CHEMBL5935668,8.22
CHEMBL157807,5.33
CHEMBL433305,6.51
CHEMBL210502,5.97
CHEMBL1828877,4.84
CHEMBL5821520,8.15
CHEMBL1928956,6.2
CHEMBL3805654,6.45
CHEMBL1241582,4.0
CHEMBL453737,5.77
CHEMBL2347973,5.47
CHEMBL5812080,5.26
CHEMBL6039337,6.92
CHEMBL497697,7.92
CHEMBL498247,4.98
CHEMBL3740257,5.285
CHEMBL2426285,5.65
CHEMBL5872120,8.3
CHEMBL1830261,5.68
CHEMBL1928310,7.36
CHEMBL3759754,5.87
CHEMBL4462318,6.75
CHEMBL422540,4.0
CHEMBL3403515,6.99
CHEMBL484270,7.725
CHEMBL587723,8.7
CHEMBL5268092,7.33
CHEMBL6039812,6.76
CHEMBL480348,6.92
CHEMBL3355883,7.42
CHEMBL24979,6.7
CHEMBL5821080,6.52
CHEMBL293064,7.03
CHEMBL404405,7.89
CHEMBL5796638,6.7
CHEMBL2047017,5.65
CHEMBL5779142,8.7
CHEMBL3237939,5.0
CHEMBL5556841,6.62
CHEMBL1090358,8.16
CHEMBL5825830,7.924
CHEMBL4282879,7.17
CHEMBL2029696,5.25
CHEMBL5864922,8.7
CHEMBL6001037,7.135
CHEMBL1094196,5.9
CHEMBL6050482,5.89
CHEMBL4061043,7.335
CHEMBL6014541,8.19
CHEMBL4069277,6.565
CHEMBL5206110,8.5533
CHEMBL99024,5.98
CHEMBL2047242,4.71
CHEMBL1171638,4.67
CHEMBL3747407,4.82
CHEMBL3416608,6.74
CHEMBL5819312,6.165
CHEMBL517585,7.3
CHEMBL5822838,6.76
CHEMBL4850239,7.9183
CHEMBL4647325,6.16
CHEMBL225721,6.01
CHEMBL3921302,7.7
CHEMBL4463898,7.14
CHEMBL301549,6.58
CHEMBL4087268,8.48
CHEMBL130049,5.62
CHEMBL182397,5.55
CHEMBL1958212,5.97
CHEMBL4282954,8.545
CHEMBL6009126,7.94
CHEMBL3734988,7.09
CHEMBL5593262,7.08
CHEMBL39337,8.53
CHEMBL6058935,8.0
CHEMBL1173666,5.11
CHEMBL3087199,7.23
CHEMBL474267,5.0
CHEMBL5898353,5.62
CHEMBL4540070,5.54
CHEMBL3360617,9.31
CHEMBL1204199,9.39
CHEMBL5968417,5.96
CHEMBL1242380,4.92
CHEMBL1242381,4.75
CHEMBL5972723,5.07
CHEMBL525805,7.22
CHEMBL6048356,7.6
CHEMBL4095253,6.19
CHEMBL2048905,8.39
CHEMBL4102214,4.35
CHEMBL1828873,4.99
CHEMBL3946096,9.05
CHEMBL5852720,8.52
CHEMBL5820282,8.22
CHEMBL394463,5.75
CHEMBL1829271,4.61
CHEMBL3325474,5.37
CHEMBL5755507,8.906
CHEMBL5268781,9.47
CHEMBL3671483,7.44
CHEMBL36164,7.665
CHEMBL3930270,6.29
CHEMBL3416617,5.68
CHEMBL3921347,7.1
CHEMBL1934633,7.01
CHEMBL5403085,6.8967
CHEMBL3775664,6.875
CHEMBL5855771,5.39
CHEMBL5597898,7.43
CHEMBL5408234,5.75
CHEMBL329856,8.22
CHEMBL6036686,7.26
CHEMBL5964701,5.26
CHEMBL3355876,9.29
CHEMBL6044391,8.4
CHEMBL5839771,6.354
CHEMBL598307,7.32
CHEMBL4796407,7.6967
CHEMBL127611,8.49
CHEMBL3929354,6.28
CHEMBL1090354,7.0
CHEMBL3623279,8.82
CHEMBL1947122,5.04
CHEMBL5981434,7.96
CHEMBL5556548,6.5933
CHEMBL5903044,7.53
CHEMBL5984480,7.53
CHEMBL3092322,6.97
CHEMBL217092,6.385
CHEMBL4289682,6.03
CHEMBL6020006,5.29
CHEMBL5934422,6.69
CHEMBL4103761,5.92
CHEMBL1242027,4.99
CHEMBL1928301,7.73
CHEMBL4095063,8.07
CHEMBL1812556,5.22
CHEMBL3234751,5.26
CHEMBL6038402,8.4
CHEMBL3663925,8.82
CHEMBL5753139,8.54
CHEMBL6013835,7.85
CHEMBL5094282,7.98
CHEMBL166766,6.14
CHEMBL169200,6.05
CHEMBL5287438,8.47
CHEMBL5948070,8.3
CHEMBL4593230,6.82
CHEMBL4543893,5.7
CHEMBL5798855,9.845
CHEMBL4162767,7.48
CHEMBL5795501,5.62
CHEMBL6060780,6.22
CHEMBL3623281,8.39
CHEMBL248222,7.17
CHEMBL316127,7.13
CHEMBL3233759,5.3
CHEMBL4757724,8.3367
CHEMBL5979689,5.82
CHEMBL5558842,6.47
CHEMBL5797186,7.255
CHEMBL2337368,4.41
CHEMBL3114701,7.695
CHEMBL5088423,7.365
CHEMBL5193016,7.6375
CHEMBL3910297,6.0
CHEMBL5901984,4.9825
CHEMBL1172947,4.61
CHEMBL113900,6.6
CHEMBL4514393,6.98
CHEMBL2437225,7.73
CHEMBL5977597,5.4117
CHEMBL5178898,9.42
CHEMBL4871593,7.22
CHEMBL5280144,7.01
CHEMBL5783119,6.79
CHEMBL490569,6.1
CHEMBL5868518,8.5
CHEMBL2385959,6.34
CHEMBL598799,8.04
CHEMBL6031887,6.95
CHEMBL489058,8.0
CHEMBL5273342,6.45
CHEMBL5991264,5.76
CHEMBL5755010,6.26
CHEMBL1095463,4.34
CHEMBL3403517,8.47
CHEMBL450786,5.42
CHEMBL5276304,7.39
CHEMBL325156,5.32
CHEMBL4282482,5.14
CHEMBL391321,7.35
CHEMBL4444312,7.8
CHEMBL1812570,5.46
CHEMBL4060039,8.37
CHEMBL3263967,5.825
CHEMBL3699597,7.7
CHEMBL3671532,6.87
CHEMBL5952823,9.28
CHEMBL5290971,6.64
CHEMBL6055068,5.82
CHEMBL92961,7.01
CHEMBL76929,5.725
CHEMBL243629,7.2
CHEMBL470219,8.4
CHEMBL5921108,8.4
CHEMBL5768513,8.7
CHEMBL5596876,9.3933
CHEMBL5769228,6.76
CHEMBL65848,5.85
CHEMBL1907763,7.0
CHEMBL595615,7.34
CHEMBL1630114,7.31
CHEMBL3263373,6.19
CHEMBL5774421,8.0
CHEMBL3819120,7.3933
CHEMBL6031115,8.3
CHEMBL5968382,8.3
CHEMBL5218797,8.82
CHEMBL5894066,5.75
CHEMBL3739527,7.57
CHEMBL4554486,4.81
CHEMBL5997672,4.67
CHEMBL5632719,7.0
CHEMBL5759210,6.7529
CHEMBL4244030,5.85
CHEMBL4077917,6.87
CHEMBL3622619,6.94
CHEMBL2332119,5.58
CHEMBL57347,6.82
CHEMBL590962,4.43
CHEMBL406845,6.32
CHEMBL338049,7.77
CHEMBL283682,6.31
CHEMBL1087368,5.915
CHEMBL113023,6.6
CHEMBL279459,6.35
CHEMBL3896476,7.19
CHEMBL5193123,10.15
CHEMBL506414,8.05
CHEMBL4439632,8.0
CHEMBL5998056,5.26
CHEMBL1173022,4.71
CHEMBL5575930,9.15
CHEMBL4435233,8.3
CHEMBL5758598,7.96
CHEMBL1828882,4.66
CHEMBL4468034,6.75
CHEMBL4097245,8.06
CHEMBL2381509,7.4233
CHEMBL3982289,7.72
CHEMBL3622651,8.68
CHEMBL4202780,5.0833
CHEMBL4284911,5.91
CHEMBL1242665,4.35
CHEMBL379041,5.05
CHEMBL4755444,6.63
CHEMBL5924732,5.8
CHEMBL5834321,8.7
CHEMBL490768,6.4
CHEMBL4213400,7.11
CHEMBL3930620,9.92
CHEMBL5808896,8.245
CHEMBL5890119,8.85
CHEMBL5998236,8.24
CHEMBL2425085,7.47
CHEMBL5093794,6.05
CHEMBL193159,7.75
CHEMBL4226965,6.5533
CHEMBL136404,8.11
CHEMBL5784687,7.6
CHEMBL5740925,6.76
CHEMBL4873600,6.32
CHEMBL3699584,8.26
CHEMBL5828469,6.695
CHEMBL3962233,9.0
CHEMBL4559807,8.365
CHEMBL1173249,4.74
CHEMBL5272345,6.685
CHEMBL4228672,8.3
CHEMBL2048790,6.29
CHEMBL3671585,6.38
CHEMBL5762000,8.22
CHEMBL80809,8.3
CHEMBL334026,4.62
CHEMBL5402816,7.62
CHEMBL5938232,6.26
CHEMBL3263960,5.475
CHEMBL4787536,6.63
CHEMBL4290869,7.745
CHEMBL4086056,8.75
CHEMBL391675,6.3
CHEMBL5413239,6.42
CHEMBL5397111,6.69
CHEMBL460732,7.03
CHEMBL3263969,5.72
CHEMBL505896,5.77
CHEMBL4216265,5.0367
CHEMBL2337371,4.51
CHEMBL4860527,6.75
CHEMBL202424,7.82
CHEMBL4870560,7.19
CHEMBL6048885,6.326
CHEMBL5756147,6.26
CHEMBL5771584,6.5486
CHEMBL14952,6.98
CHEMBL93635,6.09
CHEMBL5783875,6.76
CHEMBL204330,6.06
CHEMBL5818001,7.24
CHEMBL5564483,7.17
CHEMBL338114,9.04
CHEMBL5967585,8.0
CHEMBL208286,7.7
CHEMBL5926958,8.22
CHEMBL3671507,7.58
CHEMBL1242852,6.75
CHEMBL2029697,4.14
CHEMBL5761717,5.3767
CHEMBL1272006,5.96
CHEMBL5807044,7.82
CHEMBL4797515,6.84
CHEMBL5764261,8.7
CHEMBL4535949,7.32
CHEMBL5805600,6.19
CHEMBL4776833,6.2
CHEMBL5574213,5.22
CHEMBL4755651,7.18
CHEMBL6050653,8.7
CHEMBL6060784,8.7
CHEMBL589561,6.01
CHEMBL1221512,5.49
CHEMBL6013580,5.26
CHEMBL5172251,7.425
CHEMBL3808884,7.385
CHEMBL6019588,5.26
CHEMBL6028878,7.8
CHEMBL6002810,7.7
CHEMBL1240565,4.82
CHEMBL5194543,6.75
CHEMBL5985870,7.44
CHEMBL5975268,7.43
CHEMBL5567355,9.12
CHEMBL3234750,8.22
CHEMBL4464879,6.66
CHEMBL1089524,8.32
CHEMBL3931858,7.13
CHEMBL5943616,8.0
CHEMBL206320,5.35
CHEMBL527026,5.705
CHEMBL4458437,7.41
CHEMBL391778,7.46
CHEMBL5597851,7.12
CHEMBL6017659,7.19
CHEMBL5987816,7.6
CHEMBL5631269,7.26
CHEMBL333454,5.41
CHEMBL2312652,4.52
CHEMBL4741922,9.22
CHEMBL3344214,7.54
CHEMBL176470,5.19
CHEMBL3233766,6.11
CHEMBL5873702,7.9833
CHEMBL3900054,6.69
CHEMBL1817965,6.255
CHEMBL3805774,7.76
CHEMBL589826,7.49
CHEMBL91925,7.14
CHEMBL2347961,7.935
CHEMBL5753671,8.035
CHEMBL1928312,8.23
CHEMBL5280575,6.05
CHEMBL4287141,8.49
CHEMBL3133756,7.0
CHEMBL5271978,6.08
CHEMBL5774126,9.765
CHEMBL4460261,7.155
CHEMBL4095195,4.3
CHEMBL4098409,6.78
CHEMBL3671561,7.77
CHEMBL1240545,4.89
CHEMBL3655342,9.0
CHEMBL5174372,5.4
CHEMBL5800035,5.26
CHEMBL5817509,8.7
CHEMBL602728,7.05
CHEMBL4072383,7.33
CHEMBL382073,8.74
CHEMBL4462528,6.21
CHEMBL3751976,8.17
CHEMBL3237948,6.29
CHEMBL4439680,8.05
CHEMBL3763360,8.04
CHEMBL5780056,6.52
CHEMBL366580,9.47
CHEMBL6053138,8.1
CHEMBL726,4.4
CHEMBL4796408,6.25
CHEMBL5800063,4.6967
CHEMBL598797,8.185
CHEMBL5774120,7.05
CHEMBL5792750,5.26
CHEMBL3759085,6.56
CHEMBL3263961,5.785
CHEMBL1243283,8.2
CHEMBL116525,6.04
CHEMBL4087646,8.22
CHEMBL5909725,8.22
CHEMBL120069,6.89
CHEMBL5923228,5.29
CHEMBL3233789,7.715
CHEMBL3622679,8.19
CHEMBL5179357,8.25
CHEMBL5438940,6.8
CHEMBL5872595,7.28
CHEMBL2325087,6.18
CHEMBL213342,7.57
CHEMBL62176,6.0
CHEMBL6007810,4.67
CHEMBL5778388,5.29
CHEMBL4100377,8.17
CHEMBL1242294,6.75
CHEMBL3676355,8.05
CHEMBL5881330,8.22
CHEMBL5909441,7.37
CHEMBL95320,6.07
CHEMBL3622670,8.15
CHEMBL5876875,8.76
CHEMBL5763353,7.96
CHEMBL5613826,6.64
CHEMBL540701,7.1
CHEMBL5573159,5.41
CHEMBL5436965,8.6
CHEMBL6063848,8.4
CHEMBL6007769,8.15
CHEMBL3622622,7.14
CHEMBL3416634,7.15
CHEMBL4290568,8.64
CHEMBL5290095,6.64
CHEMBL5270309,6.57
CHEMBL5773016,6.52
CHEMBL5937548,8.52
CHEMBL1095130,5.6
CHEMBL337026,6.7
CHEMBL5275672,7.19
CHEMBL5810622,8.0
CHEMBL4091010,6.84
CHEMBL5989430,8.285
CHEMBL5961174,6.56
CHEMBL4780855,6.64
CHEMBL3676391,6.61
CHEMBL3639984,7.19
CHEMBL3814959,7.3867
CHEMBL5279539,7.68
CHEMBL3263380,6.92
CHEMBL5189574,8.05
CHEMBL3765789,7.655
CHEMBL3676389,7.75
CHEMBL4560430,9.66
CHEMBL5933155,8.7
CHEMBL5765056,7.55
CHEMBL497803,6.85
CHEMBL5970993,8.52
CHEMBL3936505,6.75
CHEMBL4097369,8.08
CHEMBL5592873,7.61
CHEMBL1828880,4.58
CHEMBL1821876,4.95
CHEMBL1242568,6.5
CHEMBL256529,7.48
CHEMBL5756778,7.25
CHEMBL2312646,4.52
CHEMBL5823446,5.26
CHEMBL4213146,5.41
CHEMBL453336,4.85
CHEMBL4065301,4.21
CHEMBL3754785,7.18
CHEMBL5949488,7.92
CHEMBL3221546,5.07
CHEMBL5785311,5.74
CHEMBL3740385,5.42
CHEMBL5184048,6.9
CHEMBL304414,4.98
CHEMBL2035810,8.48
CHEMBL5843334,7.8
CHEMBL4072048,8.48
CHEMBL4073874,5.92
CHEMBL3219135,7.278
CHEMBL4759031,7.93
CHEMBL5085136,7.78
CHEMBL3959632,7.0833
CHEMBL5972631,5.55
CHEMBL4743998,9.52
CHEMBL3608434,8.17
CHEMBL3676340,7.66
CHEMBL5202381,6.54
CHEMBL311109,8.15
CHEMBL5289859,9.0367
CHEMBL3604921,6.91
CHEMBL136492,5.08
CHEMBL5746224,10.42
CHEMBL1242572,6.12
CHEMBL205966,7.52
CHEMBL5962683,8.7
CHEMBL6006738,5.26
CHEMBL5844546,6.76
CHEMBL5425734,6.89
CHEMBL5523462,6.27
CHEMBL168266,5.55
CHEMBL3921655,6.81
CHEMBL5270693,9.945
CHEMBL1173651,5.49
CHEMBL5077665,6.55
CHEMBL5786982,9.74
CHEMBL5815266,7.57
CHEMBL5632582,5.88
CHEMBL4583858,6.69
CHEMBL6014610,6.29
CHEMBL5196024,7.56
CHEMBL37373,7.115
CHEMBL214798,8.7
CHEMBL5982067,7.6
CHEMBL5566736,9.09
CHEMBL1830258,4.63
CHEMBL2047247,4.58
CHEMBL2087354,6.82
CHEMBL2047245,4.37
CHEMBL1683959,7.19
CHEMBL3287898,5.12
CHEMBL4586581,8.08
CHEMBL4064224,6.755
CHEMBL5971967,5.98
CHEMBL4076363,7.27
CHEMBL5814234,7.34
CHEMBL592240,4.57
CHEMBL5875616,7.96
CHEMBL53404,7.0
CHEMBL6036819,8.22
CHEMBL5984171,6.895
CHEMBL4462395,5.66
CHEMBL5289560,7.03
CHEMBL3237940,5.38
CHEMBL4787698,6.84
CHEMBL330879,5.475
CHEMBL6004855,6.26
CHEMBL5269684,7.33
CHEMBL53850,8.15
CHEMBL5560662,4.22
CHEMBL6055510,6.49
CHEMBL300217,7.7
CHEMBL3904257,7.615
CHEMBL1097368,4.25
CHEMBL87084,5.3
CHEMBL2325101,7.3
CHEMBL5755720,8.7
CHEMBL3979482,7.0
CHEMBL4284413,7.62
CHEMBL287022,5.295
CHEMBL5939963,6.26
CHEMBL5765377,7.77
CHEMBL589832,4.71
CHEMBL5619757,5.455
CHEMBL3735474,6.0
CHEMBL5769390,8.1
CHEMBL437890,8.96
CHEMBL4203804,5.34
CHEMBL3753886,7.01
CHEMBL5821734,5.26
CHEMBL4522240,8.315
CHEMBL169570,6.6
CHEMBL5966730,8.52
CHEMBL5280288,6.15
CHEMBL452717,6.89
CHEMBL402339,7.89
CHEMBL4173470,6.69
CHEMBL4066951,7.0
CHEMBL5565187,7.02
CHEMBL523122,5.15
CHEMBL3604910,5.67
CHEMBL4471235,7.43
CHEMBL3221555,5.3
CHEMBL3087196,7.54
CHEMBL2093928,6.38
CHEMBL1830259,4.58
CHEMBL4750734,7.14
CHEMBL3747570,4.91
CHEMBL4790583,7.6967
CHEMBL3699616,6.19
CHEMBL5630913,7.485
CHEMBL5880754,6.52
CHEMBL160303,7.15
CHEMBL5806894,7.42
CHEMBL542887,6.17
CHEMBL144908,6.3
CHEMBL5565127,7.085
CHEMBL4530987,7.85
CHEMBL5811320,7.55
CHEMBL4750158,7.705
CHEMBL5860484,5.26
CHEMBL5193128,7.68
CHEMBL5905751,7.275
CHEMBL464210,5.7
CHEMBL5208065,8.3
CHEMBL5874605,10.15
CHEMBL5879065,5.97
CHEMBL437885,6.44
CHEMBL5832255,6.49
CHEMBL1916949,4.6
CHEMBL5816578,8.22
CHEMBL5291481,6.99
CHEMBL2324873,6.28
CHEMBL4238771,4.34
CHEMBL584,4.25
CHEMBL461426,7.4
CHEMBL542755,7.7
CHEMBL3934539,6.87
CHEMBL5945723,6.17
CHEMBL380006,7.4
CHEMBL4449898,7.18
CHEMBL6035061,8.045
CHEMBL455434,6.62
CHEMBL4776925,5.08
CHEMBL1630110,7.75
CHEMBL3676364,8.15
CHEMBL1958223,5.05
CHEMBL129824,8.08
CHEMBL383499,7.36
CHEMBL428534,6.3
CHEMBL2029425,8.384
CHEMBL3924787,7.0
CHEMBL6040102,7.05
CHEMBL73301,5.92
CHEMBL3699603,8.26
CHEMBL56132,5.58
CHEMBL1172878,4.68
CHEMBL245798,6.44
CHEMBL1242476,6.68
CHEMBL4094086,7.35
CHEMBL5589715,7.35
CHEMBL234580,6.11
CHEMBL431191,6.07
CHEMBL5568892,5.875
CHEMBL380972,6.4
CHEMBL5769729,8.7
CHEMBL104244,6.68
CHEMBL5860886,6.26
CHEMBL5940517,6.26
CHEMBL5961822,7.89
CHEMBL5939208,6.45
CHEMBL597949,7.83
CHEMBL5824855,8.7
CHEMBL3676382,7.85
CHEMBL438075,4.6
CHEMBL4457447,7.1733
CHEMBL4776073,6.925
CHEMBL1812567,5.06
CHEMBL5880562,7.82
CHEMBL3233784,8.375
CHEMBL1080271,4.11
CHEMBL474323,6.27
CHEMBL4103201,8.61
CHEMBL4218431,7.286
CHEMBL5976089,7.3633
CHEMBL6028850,6.665
CHEMBL5807788,6.61
CHEMBL3671550,7.44
CHEMBL3948661,7.3
CHEMBL367442,6.16
CHEMBL2018756,6.05
CHEMBL4746995,5.5533
CHEMBL126791,9.29
CHEMBL6013340,7.26
CHEMBL3898447,8.26
CHEMBL76444,6.3
CHEMBL3671541,7.01
CHEMBL187431,4.53
CHEMBL333231,7.58
CHEMBL5929586,8.7
CHEMBL5848379,5.26
CHEMBL5085143,8.19
CHEMBL4437599,7.6
CHEMBL5976949,6.5267
CHEMBL115440,6.03
CHEMBL5775621,6.86
CHEMBL1241683,4.0
CHEMBL602645,4.53
CHEMBL53711,7.68
CHEMBL5200988,8.01
CHEMBL5271930,9.39
CHEMBL2448067,7.0
CHEMBL3297891,6.84
CHEMBL4094174,7.015
CHEMBL66101,4.7
CHEMBL5872316,5.26
CHEMBL424375,5.855
CHEMBL5797927,7.82
CHEMBL247127,6.09
CHEMBL4740646,6.68
CHEMBL4062617,5.18
CHEMBL5814408,7.39
CHEMBL514566,8.05
CHEMBL5892735,5.98
CHEMBL36727,8.38
CHEMBL4529308,6.775
CHEMBL4759414,7.29
CHEMBL5276173,6.88
CHEMBL5987649,8.7
CHEMBL322395,5.52
CHEMBL231663,6.0
CHEMBL5399653,9.985
CHEMBL6056699,8.52
CHEMBL4756020,9.02
CHEMBL5854622,8.7
CHEMBL92902,6.94
CHEMBL2348417,7.44
CHEMBL499534,7.2
CHEMBL327725,4.36
CHEMBL6014278,6.84
CHEMBL4288300,7.845
CHEMBL3671511,7.7
CHEMBL5991404,4.9025
CHEMBL1630107,8.6
CHEMBL395591,6.68
CHEMBL4162882,7.25
CHEMBL5743278,5.26
CHEMBL3914159,8.6778
CHEMBL4069003,8.52
CHEMBL5888021,6.52
CHEMBL5870511,8.31
CHEMBL3972168,8.565
CHEMBL3747776,5.22
CHEMBL4779681,6.96
CHEMBL5556531,7.38
CHEMBL2283253,4.89
CHEMBL1958038,5.19
CHEMBL3931038,7.01
CHEMBL4161396,7.14
CHEMBL6046965,8.6967
CHEMBL6056244,8.8133
CHEMBL6047998,6.335
CHEMBL5909666,9.0
CHEMBL5791987,8.57
CHEMBL5890488,7.76
CHEMBL3133752,7.09
CHEMBL3901622,8.03
CHEMBL2437473,4.3267
CHEMBL308645,8.33
CHEMBL1080815,5.57
CHEMBL3663929,8.0229
CHEMBL3671568,7.39
CHEMBL5978427,7.68
CHEMBL394057,7.52
CHEMBL544074,5.96
CHEMBL1812560,5.99
CHEMBL5789285,5.41
CHEMBL1088901,6.72
CHEMBL591040,7.18
CHEMBL4468464,7.92
CHEMBL93461,7.4
CHEMBL5558098,6.66
CHEMBL1172803,5.44
CHEMBL5827799,5.62
CHEMBL544833,6.46
CHEMBL3980622,6.69
CHEMBL4093642,5.31
CHEMBL5870529,8.52
CHEMBL215716,7.8
CHEMBL251123,6.85
CHEMBL5962278,7.625
CHEMBL4062830,7.28
CHEMBL5941317,6.44
CHEMBL4441606,8.295
CHEMBL5172587,6.6525
CHEMBL5991370,5.26
CHEMBL542729,7.0
CHEMBL469355,8.05
CHEMBL4439837,6.35
CHEMBL383760,7.3
CHEMBL5979912,7.45
CHEMBL5934619,8.59
CHEMBL5791250,7.6
CHEMBL5810106,8.52
CHEMBL5781511,5.26
CHEMBL5862356,6.26
CHEMBL5744203,5.76
CHEMBL4225828,6.22
CHEMBL4443413,7.09
CHEMBL5943408,8.4
CHEMBL484108,5.32
CHEMBL5982094,8.305
CHEMBL5920717,5.26
CHEMBL5867430,6.7
CHEMBL6020599,7.09
CHEMBL5562445,6.82
CHEMBL4569508,5.96
CHEMBL461782,4.96
CHEMBL4207316,6.05
CHEMBL201307,6.1
CHEMBL1173667,5.28
CHEMBL57300,5.16
CHEMBL4634499,6.92
CHEMBL113185,5.29
CHEMBL5589706,5.75
CHEMBL5916687,8.22
CHEMBL4087489,4.06
CHEMBL543661,5.52
CHEMBL4082724,6.01
CHEMBL5967377,5.26
CHEMBL2048907,8.15
CHEMBL3671477,7.58
CHEMBL4647073,6.9067
CHEMBL5169900,4.95
CHEMBL3621220,6.99
CHEMBL5273741,7.5
CHEMBL332269,5.36
CHEMBL5761151,8.4
CHEMBL5205022,8.03
CHEMBL4074248,6.54
CHEMBL3742349,5.1
CHEMBL5906808,6.26
CHEMBL1242113,5.19
CHEMBL62756,4.82
CHEMBL2070196,5.56
CHEMBL5414964,7.3
CHEMBL3416622,6.77
CHEMBL5630498,6.835
CHEMBL5284780,8.58
CHEMBL4089863,8.81
CHEMBL2178352,7.6
CHEMBL428777,7.66
CHEMBL3297900,7.13
CHEMBL2316141,5.66
CHEMBL4540138,9.66
CHEMBL6064652,8.4
CHEMBL5889186,8.3
CHEMBL1958032,4.85
CHEMBL1241300,4.0
CHEMBL5765903,7.105
CHEMBL308582,6.26
CHEMBL6001372,7.77
CHEMBL5862663,5.26
CHEMBL1683955,7.77
CHEMBL3939429,7.13
CHEMBL3929002,7.3
CHEMBL6050339,7.92
CHEMBL2337373,6.83
CHEMBL2087361,8.315
CHEMBL249509,6.9
CHEMBL3676381,7.01
CHEMBL63356,6.3
CHEMBL3622655,8.26
CHEMBL305194,7.54
CHEMBL3752248,7.14
CHEMBL1272222,6.915
CHEMBL4090686,8.15
CHEMBL5932750,8.52
CHEMBL293889,5.37
CHEMBL5866695,7.75
CHEMBL4753389,8.07
CHEMBL1242666,6.2
CHEMBL589589,6.12
CHEMBL113985,5.27
CHEMBL383030,4.87
CHEMBL5818903,8.3
CHEMBL2348415,7.12
CHEMBL4582195,7.08
CHEMBL4789811,8.89
CHEMBL1202061,6.0
CHEMBL592200,5.87
CHEMBL5412895,6.24
CHEMBL5408433,6.47
CHEMBL3921555,7.885
CHEMBL5403478,6.88
CHEMBL6038992,7.92
CHEMBL3623282,8.3
CHEMBL599047,9.07
CHEMBL2029436,9.238
CHEMBL2333991,6.9
CHEMBL4072986,6.92
CHEMBL93173,6.77
CHEMBL3971939,8.03
CHEMBL165547,9.25
CHEMBL4084249,7.01
CHEMBL4849859,6.87
CHEMBL3818364,8.0467
CHEMBL3818115,8.13
CHEMBL3586177,5.51
CHEMBL4066118,5.24
CHEMBL379093,7.1
CHEMBL5288957,6.21
CHEMBL5631065,8.315
CHEMBL2385991,6.22
CHEMBL4527630,6.0
CHEMBL5921524,8.665
CHEMBL434063,4.96
CHEMBL5901867,9.0
CHEMBL202556,8.51
CHEMBL2347965,7.1
CHEMBL3934134,6.28
CHEMBL5977553,8.15
CHEMBL5979639,6.26
CHEMBL4092951,8.04
CHEMBL345641,4.0
CHEMBL6037318,6.5614
CHEMBL5780873,8.62
CHEMBL429827,7.07
CHEMBL3736508,6.05
CHEMBL590568,4.63
CHEMBL5881396,7.1
CHEMBL309334,5.56
CHEMBL6030968,6.0767
CHEMBL2048911,8.52
CHEMBL1254364,4.89
CHEMBL4094527,5.7
CHEMBL3759815,7.89
CHEMBL1241776,5.13
CHEMBL185853,6.065
CHEMBL2047248,4.62
CHEMBL1683961,7.47
CHEMBL3752916,6.51
CHEMBL5792698,5.62
CHEMBL398154,6.57
CHEMBL346553,5.21
CHEMBL1958020,5.31
CHEMBL1204305,8.98
CHEMBL3894102,6.56
CHEMBL5203388,6.785
CHEMBL2031310,7.29
CHEMBL3671577,7.5
CHEMBL211003,7.52
CHEMBL5903629,7.26
CHEMBL3623283,8.82
CHEMBL2426377,5.92
CHEMBL4532034,7.3067
CHEMBL5983063,8.7
CHEMBL3805775,6.83
CHEMBL3759356,8.1
CHEMBL3040597,7.81
CHEMBL2426278,7.3333
CHEMBL472544,6.21
CHEMBL4062877,8.116
CHEMBL6026192,8.0467
CHEMBL5998662,7.9467
CHEMBL4527715,6.88
CHEMBL5746879,8.07
CHEMBL5432592,7.28
CHEMBL3961202,6.3925
CHEMBL92985,7.25
CHEMBL5639966,6.475
CHEMBL5807627,5.8
CHEMBL1082012,6.59
CHEMBL2031299,9.29
CHEMBL5846813,8.8
CHEMBL56142,7.01
CHEMBL3775046,6.86
CHEMBL3943512,7.19
CHEMBL4557993,7.34
CHEMBL5873442,8.16
CHEMBL4082000,7.885
CHEMBL3233781,6.505
CHEMBL4794998,8.8767
CHEMBL1242285,6.6
CHEMBL5965776,8.4
CHEMBL3612575,5.24
CHEMBL78700,6.3
CHEMBL3676387,7.7
CHEMBL3604920,5.9833
CHEMBL428039,6.1
CHEMBL5919894,6.5083
CHEMBL5281945,6.17
CHEMBL3739771,7.48
CHEMBL3962032,6.38
CHEMBL5181848,8.02
CHEMBL5093402,7.9833
CHEMBL4078023,7.7
CHEMBL1087055,4.25
CHEMBL1683964,6.92
CHEMBL4578561,7.42
CHEMBL3234737,6.24
CHEMBL4208167,4.9833
CHEMBL166307,8.41
CHEMBL4290355,5.25
CHEMBL3910915,8.12
CHEMBL5612882,4.31
CHEMBL2424799,5.29
CHEMBL3746212,5.38
CHEMBL4469453,5.56
CHEMBL2064391,5.17
CHEMBL5630624,8.135
CHEMBL1683975,6.57
CHEMBL4744207,7.515
CHEMBL6033304,7.6
CHEMBL3968784,8.52
CHEMBL5924448,7.8717
CHEMBL6016272,6.76
CHEMBL113996,4.87
CHEMBL474431,8.52
CHEMBL342792,6.03
CHEMBL3805508,5.1
CHEMBL5902190,7.89
CHEMBL15202,7.17
CHEMBL4078801,6.38
CHEMBL4447289,5.855
CHEMBL3741655,5.59
CHEMBL3797839,4.3
CHEMBL5966530,7.92
CHEMBL4075015,6.625
CHEMBL5766959,8.3
CHEMBL5798489,6.26
CHEMBL5742539,7.96
CHEMBL3133912,4.36
CHEMBL5435735,7.14
CHEMBL5423287,7.48
CHEMBL5440989,7.35
CHEMBL1630578,4.69
CHEMBL2425092,7.25
CHEMBL4525935,6.844
CHEMBL5991165,6.51
CHEMBL5853497,6.51
CHEMBL6017480,6.455
CHEMBL357570,7.585
CHEMBL109631,6.72
CHEMBL5196318,8.22
CHEMBL6028594,7.8
CHEMBL2048903,8.72
CHEMBL5847656,8.7
CHEMBL5206600,6.87
CHEMBL4164936,6.62
CHEMBL5967802,8.22
CHEMBL3754301,6.78
CHEMBL327307,10.14
CHEMBL3922182,8.15
CHEMBL1946845,4.51
CHEMBL474324,6.33
CHEMBL295961,8.4
CHEMBL1812434,5.37
CHEMBL5077776,9.225
CHEMBL5994327,8.05
CHEMBL3674152,8.0133
CHEMBL5865007,6.8433
CHEMBL5592551,5.86
CHEMBL342828,7.85
CHEMBL5172573,9.05
CHEMBL3901943,7.14
CHEMBL524457,7.52
CHEMBL2029698,4.58
CHEMBL5184610,8.87
CHEMBL419409,5.21
CHEMBL5418313,5.69
CHEMBL5741920,8.05
CHEMBL5799073,5.26
CHEMBL4522613,5.79
CHEMBL5192155,7.87
CHEMBL3085375,7.48
CHEMBL5898177,9.0
CHEMBL5803150,7.38
CHEMBL2325105,5.25
CHEMBL60472,5.44
CHEMBL5591745,6.525
CHEMBL6036871,7.37
CHEMBL186580,6.31
CHEMBL310827,8.3
CHEMBL3740907,6.0433
CHEMBL541586,7.55
CHEMBL5763689,7.6
CHEMBL6012249,6.478
CHEMBL5282118,7.44
CHEMBL5280589,7.175
CHEMBL3360605,8.84
CHEMBL6028585,7.92
CHEMBL50,5.44
CHEMBL5871673,8.1975
CHEMBL6024052,8.085
CHEMBL6019942,7.29
CHEMBL3088222,5.59
CHEMBL501256,4.03
CHEMBL5612541,4.86
CHEMBL4062178,8.15
CHEMBL4215164,5.49
CHEMBL5943525,5.86
CHEMBL3344215,7.97
CHEMBL3344220,7.87
CHEMBL3344209,7.75
CHEMBL4104950,7.66
CHEMBL3233762,5.37
CHEMBL4277912,8.48
CHEMBL4474196,7.56
CHEMBL5798721,7.26
CHEMBL5935248,6.26
CHEMBL5751497,6.76
CHEMBL5898708,6.76
CHEMBL3917294,6.28
CHEMBL6054692,10.48
CHEMBL3671519,7.41
CHEMBL3612596,6.8
CHEMBL4476544,8.4
CHEMBL5178707,8.53
CHEMBL3357645,8.19
CHEMBL3357646,8.59
CHEMBL308593,6.64
CHEMBL3353405,5.68
CHEMBL3133896,5.43
CHEMBL1812559,5.29
CHEMBL3217993,7.48
CHEMBL328691,7.92
CHEMBL5940905,8.7
CHEMBL3906330,6.52
CHEMBL5980602,7.3567
CHEMBL5188272,7.72
CHEMBL2324870,6.28
CHEMBL179451,7.58
CHEMBL3633152,8.225
CHEMBL5269747,7.59
CHEMBL4439066,6.3
CHEMBL131715,5.16
CHEMBL5570611,5.79
CHEMBL388286,5.4
CHEMBL5959742,7.1475
CHEMBL1242202,6.57
CHEMBL3671570,8.15
CHEMBL5955109,8.22
CHEMBL128987,7.965
CHEMBL5949763,7.89
CHEMBL257478,5.7
CHEMBL5864002,8.22
CHEMBL202360,8.8
CHEMBL3671529,7.05
CHEMBL3671506,7.6
CHEMBL5766528,8.275
CHEMBL334439,5.16
CHEMBL411897,7.55
CHEMBL5854469,8.4
CHEMBL5185287,6.355
CHEMBL1202473,6.52
CHEMBL1173652,5.11
CHEMBL2112370,6.88
CHEMBL419501,7.07
CHEMBL2112369,6.71
CHEMBL1945645,4.74
CHEMBL4075530,8.05
CHEMBL3425671,5.704
CHEMBL597950,7.62
CHEMBL3671484,8.22
CHEMBL2283249,4.99
CHEMBL3671549,7.11
CHEMBL5856323,6.76
CHEMBL5420820,8.44
CHEMBL5976861,6.26
CHEMBL5583656,9.18
CHEMBL6030509,8.7
CHEMBL5748623,8.3
CHEMBL5945047,8.7
CHEMBL5857633,6.26
CHEMBL2064386,6.85
CHEMBL1645475,6.89
CHEMBL1714813,9.0
CHEMBL3806200,7.44
CHEMBL5968479,6.7314
CHEMBL3633141,8.02
CHEMBL1448,4.98
CHEMBL5894059,7.175
CHEMBL5843126,8.05
CHEMBL5861063,7.4125
CHEMBL3745929,4.57
CHEMBL5862301,7.1
CHEMBL3219504,6.23
CHEMBL3612592,6.85
CHEMBL501050,6.2
CHEMBL1946844,4.89
CHEMBL1928291,8.26
CHEMBL4458843,7.945
CHEMBL3416438,7.28
CHEMBL5419641,5.45
CHEMBL4098967,8.56
CHEMBL1828863,5.82
CHEMBL4556670,6.36
CHEMBL4202413,5.5267
CHEMBL5593561,8.37
CHEMBL5995996,5.62
CHEMBL5794503,8.15
CHEMBL5269375,7.75
CHEMBL5741017,6.52
CHEMBL1645466,8.0
CHEMBL5176920,8.96
CHEMBL5090133,5.12
CHEMBL1271950,6.14
CHEMBL395883,6.37
CHEMBL461140,5.48
CHEMBL4557318,5.33
CHEMBL3671516,6.96
CHEMBL1204360,7.49
CHEMBL169467,5.47
CHEMBL3671512,7.54
CHEMBL3092309,6.565
CHEMBL2087357,8.15
CHEMBL5957373,5.64
CHEMBL93784,7.19
CHEMBL3098325,6.05
CHEMBL4127317,9.52
CHEMBL5754849,8.27
CHEMBL6059204,6.3367
CHEMBL2336355,5.29
CHEMBL162034,8.96
CHEMBL3237944,5.68
CHEMBL5204970,8.51
CHEMBL77803,6.3
CHEMBL5773929,8.4
CHEMBL6052762,7.36
CHEMBL4214496,6.1
CHEMBL4213519,6.25
CHEMBL215171,7.58
CHEMBL5876618,8.7
CHEMBL6039443,5.815
CHEMBL5193247,8.3933
CHEMBL150280,6.58
CHEMBL309682,5.27
CHEMBL4460897,5.06
CHEMBL4795878,7.575
CHEMBL4786787,7.575
CHEMBL6015440,8.52
CHEMBL433520,8.34
CHEMBL3758768,7.85
CHEMBL5179495,6.7967
CHEMBL3936761,7.79
CHEMBL3973435,7.675
CHEMBL6049568,8.52
CHEMBL3918367,5.395
CHEMBL4443483,7.57
CHEMBL5558907,6.82
CHEMBL4075917,8.49
CHEMBL5990162,7.89
CHEMBL1272324,7.04
CHEMBL591213,5.04
CHEMBL7939,6.16
CHEMBL5282535,5.04
CHEMBL3235201,5.76
CHEMBL5631426,7.46
CHEMBL5208369,6.03
CHEMBL5571416,9.27
CHEMBL4113919,7.89
CHEMBL3234753,7.52
CHEMBL1947046,4.04
CHEMBL3678952,8.6
CHEMBL5870210,6.86
CHEMBL4515526,8.22
CHEMBL5411378,7.14
CHEMBL6030624,7.6
CHEMBL603968,5.23
CHEMBL2031308,8.66
CHEMBL6007714,7.5167
CHEMBL3753623,6.99
CHEMBL3985004,7.0
CHEMBL5854281,5.7825
CHEMBL5207949,8.44
CHEMBL5870141,8.7
CHEMBL5196064,4.2
CHEMBL5885359,8.7
CHEMBL5822544,5.21
CHEMBL4084248,6.515
CHEMBL5203784,6.52
CHEMBL6002036,7.96
CHEMBL6011359,7.825
CHEMBL7699,4.23
CHEMBL598377,8.51
CHEMBL1929308,5.13
CHEMBL475594,8.7
CHEMBL4286943,5.55
CHEMBL5941741,8.05
CHEMBL5288582,6.57
CHEMBL4558324,8.015
CHEMBL5773851,6.26
CHEMBL3938794,7.29
CHEMBL214689,7.6
CHEMBL5893107,7.745
CHEMBL57366,6.35
CHEMBL4551557,6.23
CHEMBL1934625,8.15
CHEMBL31419,8.36
CHEMBL4549295,4.91
CHEMBL5203543,7.81
CHEMBL1958025,5.09
CHEMBL2448065,6.52
CHEMBL3921129,7.87
CHEMBL5777631,9.0
CHEMBL5957593,6.95
CHEMBL246489,6.31
CHEMBL3960911,6.29
CHEMBL2148050,8.17
CHEMBL4792279,6.73
CHEMBL3741473,8.14
CHEMBL572028,6.2
CHEMBL3983201,7.3
CHEMBL56802,8.32
CHEMBL5942609,9.46
CHEMBL3416619,5.86
CHEMBL5805206,8.22
CHEMBL4763697,6.49
CHEMBL3633932,7.46
CHEMBL1958214,5.78
CHEMBL1090350,8.1
CHEMBL5853228,5.17
CHEMBL5951245,9.765
CHEMBL5809880,8.52
CHEMBL3919447,7.745
CHEMBL4077064,6.06
CHEMBL5770582,9.0
CHEMBL3899216,6.89
CHEMBL5962327,7.17
CHEMBL4778894,9.15
CHEMBL2148047,7.25
CHEMBL5759524,7.35
CHEMBL3622674,8.48
CHEMBL1240566,5.54
CHEMBL489083,5.34
CHEMBL5976416,8.52
CHEMBL589830,5.83
CHEMBL4068839,8.28
CHEMBL399953,7.89
CHEMBL373025,6.31
CHEMBL5975399,8.22
CHEMBL3671488,7.23
CHEMBL5867757,8.31
CHEMBL6046442,7.82
CHEMBL3622666,8.19
CHEMBL4078182,7.54
CHEMBL5979555,7.7
CHEMBL5933314,6.74
CHEMBL3219502,6.31
CHEMBL3798658,4.82
CHEMBL1173794,5.41
CHEMBL566337,7.4
CHEMBL4070640,7.56
CHEMBL3671493,8.0
CHEMBL5793789,7.8
CHEMBL3360610,9.24
CHEMBL4225166,8.64
CHEMBL279035,4.05
CHEMBL3655336,9.0
CHEMBL249919,7.85
CHEMBL3234865,4.88
CHEMBL5742380,7.16
CHEMBL6003270,8.575
CHEMBL328704,7.92
CHEMBL3775148,6.29
CHEMBL5954592,7.46
CHEMBL1958030,4.97
CHEMBL3671489,7.96
CHEMBL5284486,7.7
CHEMBL4794670,8.3667
CHEMBL6040882,8.4
CHEMBL1242110,5.43
CHEMBL3133821,6.57
CHEMBL2029434,8.938
CHEMBL206280,5.39
CHEMBL3950630,8.17
CHEMBL564829,5.51
CHEMBL5219777,8.51
CHEMBL324926,6.48
CHEMBL6060232,7.55
CHEMBL3353398,4.24
CHEMBL3353397,4.51
CHEMBL490987,6.0
CHEMBL5980340,8.52
CHEMBL94275,6.0
CHEMBL3893822,8.0
CHEMBL5427045,5.71
CHEMBL213818,7.62
CHEMBL442938,7.25
CHEMBL4557772,8.22
CHEMBL3963403,8.16
CHEMBL5568705,7.4
CHEMBL3671502,8.4
CHEMBL1928890,5.25
CHEMBL4082764,6.635
CHEMBL257411,6.44
CHEMBL4751768,6.62
CHEMBL5990498,5.26
CHEMBL1683952,4.66
CHEMBL5281486,5.38
CHEMBL5797069,7.75
CHEMBL5856814,9.0133
CHEMBL5794447,8.15
CHEMBL3647420,8.292
CHEMBL3647417,7.4333
CHEMBL207584,7.52
CHEMBL208292,8.0
CHEMBL4177348,7.01
CHEMBL1828881,4.41
CHEMBL121405,5.83
CHEMBL4753008,6.05
CHEMBL6060270,8.7
CHEMBL544067,5.96
CHEMBL5403588,7.0
CHEMBL4438905,6.4
CHEMBL5983676,6.26
CHEMBL3344212,7.11
CHEMBL514771,4.97
CHEMBL424853,5.57
CHEMBL5892301,6.2157
CHEMBL3612594,7.7
CHEMBL5072451,8.21
CHEMBL5864323,8.52
CHEMBL5985220,6.76
CHEMBL4587847,7.9
CHEMBL4068047,8.7
CHEMBL461811,6.4
CHEMBL4747893,7.0067
CHEMBL5809604,8.3
CHEMBL5845171,8.8767
CHEMBL4443805,5.9
CHEMBL4786003,5.38
CHEMBL1958026,4.77
CHEMBL3216254,5.72
CHEMBL5801676,5.41
CHEMBL5786240,7.1875
CHEMBL5986263,8.7
CHEMBL51320,5.69
CHEMBL6062319,6.62
CHEMBL5286014,7.19
CHEMBL3740492,5.29
CHEMBL4746377,7.195
CHEMBL5208679,6.61
CHEMBL5435941,7.24
CHEMBL5271106,7.3
CHEMBL4218052,5.0733
CHEMBL3989868,6.35
CHEMBL1958021,5.46
CHEMBL6017760,8.15
CHEMBL5982923,5.79
CHEMBL507821,7.1
CHEMBL5285052,9.1933
CHEMBL4080934,7.885
CHEMBL3085378,5.92
CHEMBL5206476,5.28
CHEMBL2420866,8.3
CHEMBL4093114,6.95
CHEMBL3628791,5.53
CHEMBL5087139,7.21
CHEMBL4087383,5.8
CHEMBL3975710,6.0
CHEMBL154080,4.36
CHEMBL5928387,8.7
CHEMBL4445265,7.045
CHEMBL5567814,6.21
CHEMBL5946968,8.1
CHEMBL3219506,6.1
CHEMBL3612578,5.92
CHEMBL3218000,7.11
CHEMBL5563369,6.66
CHEMBL2148051,8.01
CHEMBL309075,5.27
CHEMBL5885084,8.05
CHEMBL3604925,5.94
CHEMBL5962503,5.26
CHEMBL497184,6.94
CHEMBL4092990,7.575
CHEMBL4091991,6.065
CHEMBL5271803,9.275
CHEMBL5633094,7.01
CHEMBL352954,6.3
CHEMBL4744985,9.0867
CHEMBL3671485,7.85
CHEMBL3297897,7.38
CHEMBL52076,6.96
CHEMBL5287962,5.38
CHEMBL209343,8.4
CHEMBL5563885,7.128
CHEMBL5915322,7.225
CHEMBL5746876,9.3567
CHEMBL5817581,5.62
CHEMBL5790882,8.7
CHEMBL5556281,7.31
CHEMBL6010002,5.26
CHEMBL4515673,7.68
CHEMBL5950205,8.7
CHEMBL6043073,8.13
CHEMBL207718,7.7
CHEMBL6061692,6.44
CHEMBL245278,7.17
CHEMBL397122,6.4
CHEMBL6017130,5.035
CHEMBL1643971,7.8525
CHEMBL4241486,5.92
CHEMBL5892389,8.22
CHEMBL6050403,8.17
CHEMBL5430401,7.42
CHEMBL5290503,6.02
CHEMBL328955,9.6
CHEMBL5273124,5.55
CHEMBL2048796,8.52
CHEMBL4455321,4.52
CHEMBL5203385,8.36
CHEMBL500115,7.09
CHEMBL4089120,6.05
CHEMBL1830267,4.76
CHEMBL3676360,8.05
CHEMBL5182741,6.5925
CHEMBL3699593,7.7
CHEMBL5887123,8.15
CHEMBL92936,7.17
CHEMBL4098412,7.92
CHEMBL5758720,8.7
CHEMBL4863088,7.47
CHEMBL3218346,7.028
CHEMBL47986,5.185
CHEMBL3353399,4.18
CHEMBL5740635,6.26
CHEMBL5969872,7.6
CHEMBL401054,6.39
CHEMBL3758739,6.43
CHEMBL2283252,4.88
CHEMBL3759199,9.05
CHEMBL4757104,5.9
CHEMBL5398953,7.43
CHEMBL6062602,8.22
CHEMBL1080272,4.82
CHEMBL5985406,8.72
CHEMBL325589,6.29
CHEMBL5218998,5.71
CHEMBL5272088,6.13
CHEMBL5291034,8.27
CHEMBL186080,6.82
CHEMBL2437484,4.9943
CHEMBL495734,7.24
CHEMBL3977022,6.99
CHEMBL3931223,6.16
CHEMBL77342,6.18
CHEMBL5192572,8.0
CHEMBL5902796,9.2533
CHEMBL5967218,6.93
CHEMBL1256432,5.54
CHEMBL2437487,7.4433
CHEMBL448929,7.66
CHEMBL117326,6.25
CHEMBL250523,7.82
CHEMBL1254199,4.28
CHEMBL6019832,7.8
CHEMBL3960167,8.6
CHEMBL1173023,4.69
CHEMBL4103370,7.09
CHEMBL4452628,6.66
CHEMBL574058,6.41
CHEMBL4443828,6.83
CHEMBL5828049,7.96
CHEMBL5436784,6.8
CHEMBL5418665,6.62
CHEMBL6025269,7.5
CHEMBL468975,5.25
CHEMBL3933895,7.215
CHEMBL4545086,5.47
CHEMBL6035726,8.15
CHEMBL3818535,7.005
CHEMBL203529,5.16
CHEMBL242131,6.15
CHEMBL355191,6.35
CHEMBL3909438,6.55
CHEMBL3290148,8.15
CHEMBL5405737,8.0133
CHEMBL5739782,5.17
CHEMBL116547,5.735
CHEMBL3655339,8.7
CHEMBL1821870,6.72
CHEMBL4527702,6.68
CHEMBL206782,7.51
CHEMBL589847,4.76
CHEMBL1095465,5.76
CHEMBL338935,6.66
CHEMBL3671480,7.25
CHEMBL3699598,7.19
CHEMBL5872048,6.3233
CHEMBL5208907,9.13
CHEMBL5913601,8.52
CHEMBL597773,8.68
CHEMBL4097682,7.14
CHEMBL492399,8.55
CHEMBL1242386,5.96
CHEMBL5932188,7.89
CHEMBL263788,6.1
CHEMBL4799276,8.07
CHEMBL2347970,6.75
CHEMBL5631151,8.47
CHEMBL1821892,5.25
CHEMBL2316159,5.32
CHEMBL5594833,8.5075
CHEMBL598610,8.15
CHEMBL326100,5.8
CHEMBL212201,7.3
CHEMBL5203220,9.61
CHEMBL4565374,5.51
CHEMBL6027214,8.0
CHEMBL3263364,5.26
CHEMBL5841441,7.6
CHEMBL3764312,8.065
CHEMBL2426277,6.4025
CHEMBL4097627,6.63
CHEMBL54400,8.845
CHEMBL604042,6.92
CHEMBL3671498,8.7
CHEMBL5193609,7.07
CHEMBL5949541,6.32
CHEMBL5981483,6.73
CHEMBL4787816,9.52
CHEMBL5555280,5.34
CHEMBL3671566,7.89
CHEMBL460731,7.7
CHEMBL56455,5.77
CHEMBL5907728,5.608
CHEMBL6033285,6.26
CHEMBL5942345,6.2267
CHEMBL1242384,6.02
CHEMBL5284255,7.44
CHEMBL5809188,7.41
CHEMBL5922999,5.38
CHEMBL5972778,5.38
CHEMBL3436354,7.58
CHEMBL6047250,4.78
CHEMBL1914660,8.05
CHEMBL2312649,4.52
CHEMBL4758204,6.21
CHEMBL1821886,4.55
CHEMBL1173454,5.51
CHEMBL5741053,7.825
CHEMBL4277911,8.345
CHEMBL5087955,5.55
CHEMBL3759359,8.82
CHEMBL5270270,7.36
CHEMBL3237932,5.3333
CHEMBL1172917,5.16
CHEMBL3092320,5.655
CHEMBL443906,5.77
CHEMBL256527,6.98
CHEMBL5085807,6.93
CHEMBL5875860,7.0567
CHEMBL248045,5.59
CHEMBL247915,6.72
CHEMBL2283245,4.84
CHEMBL4072392,6.14
CHEMBL593274,7.8
CHEMBL127086,7.075
CHEMBL5920681,5.26
CHEMBL355322,6.36
CHEMBL5564226,7.12
CHEMBL5275348,5.96
CHEMBL5286702,5.7
CHEMBL5971716,5.26
CHEMBL3753532,7.61
CHEMBL4758761,8.42
CHEMBL3647967,7.69
CHEMBL3912266,7.35
CHEMBL6029580,7.36
CHEMBL595406,6.6
CHEMBL135861,4.89
CHEMBL3416614,5.41
CHEMBL205652,6.27
CHEMBL163188,8.55
CHEMBL5809744,8.6267
CHEMBL94109,7.17
CHEMBL247866,5.99
CHEMBL1241948,4.0
CHEMBL4451619,7.26
CHEMBL5287550,7.37
CHEMBL4519860,6.92
CHEMBL479800,8.0
CHEMBL4449681,8.52
CHEMBL5804118,6.26
CHEMBL5909563,8.1875
CHEMBL3921664,6.24
CHEMBL5202945,8.11
CHEMBL14699,8.0
CHEMBL3633933,6.64
CHEMBL5178180,9.47
CHEMBL5632548,6.25
CHEMBL1630108,8.32
CHEMBL4558356,7.57
CHEMBL2437475,4.984
CHEMBL311129,8.0
CHEMBL5835574,6.26
CHEMBL241918,6.715
CHEMBL6006366,6.24
CHEMBL4578487,8.1
CHEMBL4463634,7.7
CHEMBL1958033,5.09
CHEMBL3671486,8.7
CHEMBL5177378,8.07
CHEMBL3353408,5.96
CHEMBL5740592,7.8
CHEMBL5832671,8.3
CHEMBL497804,7.85
CHEMBL290096,7.57
CHEMBL3355881,9.31
CHEMBL3234757,6.8
CHEMBL5179023,8.0
CHEMBL48802,5.05
CHEMBL5854211,6.76
CHEMBL1784637,6.385
CHEMBL4072410,5.52
CHEMBL5186969,6.6
CHEMBL3040455,7.25
CHEMBL5542205,6.946
CHEMBL2048909,8.26
CHEMBL75177,7.54
CHEMBL1257912,6.14
CHEMBL2348419,6.96
CHEMBL5087793,6.86
CHEMBL286160,7.0
CHEMBL3344219,6.96
CHEMBL5883660,7.29
CHEMBL5872606,8.5967
CHEMBL5782254,6.935
CHEMBL6054621,8.7
CHEMBL5433431,7.96
CHEMBL6062292,8.7
CHEMBL4764993,9.1
CHEMBL319244,6.0
CHEMBL5929000,8.76
CHEMBL421686,5.97
CHEMBL5765198,5.43
CHEMBL3734786,5.98
CHEMBL213560,5.435
CHEMBL5823172,7.96
CHEMBL4558227,7.99
CHEMBL2048789,8.11
CHEMBL181742,7.3
CHEMBL5283553,6.22
CHEMBL4641096,6.7033
CHEMBL55794,6.51
CHEMBL126137,7.4
CHEMBL69358,8.92
CHEMBL6044251,8.1
CHEMBL194349,6.21
CHEMBL5087815,9.04
CHEMBL4645434,8.205
CHEMBL5757940,6.91
CHEMBL6015820,8.52
CHEMBL1094195,5.96
CHEMBL5998298,7.77
CHEMBL3760090,5.88
CHEMBL3699615,7.725
CHEMBL5892454,6.56
CHEMBL2385982,5.22
CHEMBL3805461,7.885
CHEMBL50415,5.25
CHEMBL5285192,5.5
CHEMBL3980550,7.65
CHEMBL3893004,7.65
CHEMBL3889694,7.08
CHEMBL383121,5.12
CHEMBL5201532,8.11
CHEMBL5864179,7.6133
CHEMBL5201543,10.0
CHEMBL5271151,8.4
CHEMBL5777711,5.62
CHEMBL1914653,8.43
CHEMBL5814409,6.76
CHEMBL1958209,5.69
CHEMBL5836093,6.8733
CHEMBL1203940,7.8
CHEMBL3233794,5.66
CHEMBL5284387,7.82
CHEMBL40130,8.115
CHEMBL5899620,7.15
CHEMBL351920,5.25
CHEMBL130208,5.32
CHEMBL5907594,6.12
CHEMBL56543,6.35
CHEMBL4526992,8.39
CHEMBL79215,9.0
CHEMBL5833583,6.26
CHEMBL2385993,5.22
CHEMBL5747706,6.76
CHEMBL5948101,6.76
CHEMBL5761010,8.3
CHEMBL3914599,7.3
CHEMBL4752951,8.37
CHEMBL3805949,6.5
CHEMBL5796275,7.6
CHEMBL202621,7.07
CHEMBL5875975,6.26
CHEMBL402113,7.36
CHEMBL1914674,7.85
CHEMBL2385971,5.52
CHEMBL4877054,7.475
CHEMBL355269,6.12
CHEMBL5918479,6.55
CHEMBL3883534,8.575
CHEMBL5893452,8.17
CHEMBL5758784,6.26
CHEMBL3759459,7.7
CHEMBL421047,5.58
CHEMBL4276744,7.67
CHEMBL336192,5.13
CHEMBL246072,6.89
CHEMBL1241863,5.17
CHEMBL202411,8.85
CHEMBL2348414,7.42
CHEMBL516979,8.78
CHEMBL5948939,8.4
CHEMBL4205392,8.1
CHEMBL3760071,8.4
CHEMBL5891465,8.52
CHEMBL4288374,7.04
CHEMBL3416635,6.96
CHEMBL5201387,6.75
CHEMBL3221561,6.05
CHEMBL5439652,7.03
CHEMBL5779745,8.5467
CHEMBL5174232,6.41
CHEMBL51853,8.845
CHEMBL168550,6.31
CHEMBL91428,6.18
CHEMBL3622654,8.05
CHEMBL338944,5.34
CHEMBL5968820,8.7
CHEMBL5981967,5.62
CHEMBL4779711,8.96
CHEMBL4065503,6.92
CHEMBL4069070,5.37
CHEMBL5897496,8.1
CHEMBL1683970,7.89
CHEMBL5840835,5.62
CHEMBL6011521,5.76
CHEMBL5985881,8.7
CHEMBL5822224,6.76
CHEMBL5411535,5.91
CHEMBL5852304,5.26
CHEMBL571040,7.755
CHEMBL5401094,7.55
CHEMBL1379917,7.04
CHEMBL4229010,7.2033
CHEMBL1241943,4.69
CHEMBL5204650,6.38
CHEMBL5976731,6.12
CHEMBL4104515,8.31
CHEMBL4448424,4.58
CHEMBL2018751,5.21
CHEMBL193681,7.4
CHEMBL4226177,6.34
CHEMBL3416441,6.59
CHEMBL267019,5.6
CHEMBL434827,7.68
CHEMBL5436545,7.54
CHEMBL5825975,8.4
CHEMBL5953300,7.94
CHEMBL399371,8.3
CHEMBL5923831,8.7
CHEMBL6012396,8.52
CHEMBL592224,4.71
CHEMBL44,5.6
CHEMBL3633939,5.52
CHEMBL6014342,9.52
CHEMBL3676341,8.3
CHEMBL358092,4.85
CHEMBL4571687,6.97
CHEMBL5811891,8.96
CHEMBL5280082,8.8333
CHEMBL6018368,7.31
CHEMBL5174109,6.52
CHEMBL3910361,5.28
CHEMBL5631574,7.63
CHEMBL1830266,4.58
CHEMBL1241391,4.0
CHEMBL5951869,7.55
CHEMBL5781806,6.76
CHEMBL6031216,8.7
CHEMBL52882,8.51
CHEMBL1092382,7.5433
CHEMBL2087359,8.1
CHEMBL6047881,7.96
CHEMBL4441392,7.265
CHEMBL5824131,9.18
CHEMBL524820,4.43
CHEMBL2385990,6.35
CHEMBL5432280,7.825
CHEMBL2347959,5.9
CHEMBL2448064,6.52
CHEMBL3092298,5.675
CHEMBL4107818,7.72
CHEMBL3898690,8.64
CHEMBL4102942,4.35
CHEMBL5566816,6.6367
CHEMBL597303,5.2
CHEMBL5799859,6.96
CHEMBL1241677,4.91
CHEMBL5796539,5.37
CHEMBL5956631,5.26
CHEMBL288441,6.795
CHEMBL4093766,7.04
CHEMBL4073062,6.36
CHEMBL5776801,6.26
CHEMBL5209100,6.82
CHEMBL3970330,7.69
CHEMBL5571786,5.085
CHEMBL1944926,4.25
CHEMBL3676385,7.58
CHEMBL787,5.5
CHEMBL177688,5.87
CHEMBL2029430,8.3
CHEMBL93049,7.23
CHEMBL5420945,7.2
CHEMBL6055178,5.26
CHEMBL596736,8.03
CHEMBL6000015,5.62
CHEMBL4463766,7.145
CHEMBL4292351,7.77
CHEMBL3676368,7.55
CHEMBL4434788,7.3925
CHEMBL5802925,5.26
CHEMBL6032138,5.26
CHEMBL5618455,7.07
CHEMBL4563980,7.23
CHEMBL1241676,7.17
CHEMBL5181437,6.85
CHEMBL3967836,8.3
CHEMBL5951162,7.0675
CHEMBL4569552,7.4
CHEMBL4550702,4.55
CHEMBL392774,6.72
CHEMBL6016889,5.15
CHEMBL428046,7.08
CHEMBL246284,7.21
CHEMBL65250,8.4
CHEMBL5810815,6.58
CHEMBL5901017,8.15
CHEMBL5188250,7.7625
CHEMBL5569244,8.97
CHEMBL1172418,4.62
CHEMBL589560,6.17
CHEMBL5434067,7.43
CHEMBL210659,7.17
CHEMBL600381,6.33
CHEMBL300791,8.0
CHEMBL3758351,8.7
CHEMBL4279227,8.895
CHEMBL3775459,6.73
CHEMBL2437482,7.1267
CHEMBL4457733,5.95
CHEMBL351629,9.36
CHEMBL5082394,6.77
CHEMBL172514,6.51
CHEMBL93783,7.85
CHEMBL1914668,8.18
CHEMBL94019,6.04
CHEMBL6049512,7.6
CHEMBL5743835,6.58
CHEMBL5841526,5.26
CHEMBL5982687,6.76
CHEMBL2316152,4.68
CHEMBL383444,5.755
CHEMBL3927293,7.96
CHEMBL5810642,8.05
CHEMBL3218001,6.5
CHEMBL3233761,5.92
CHEMBL3622668,8.16
CHEMBL5844856,6.32
CHEMBL138363,7.36
CHEMBL5871921,8.52
CHEMBL5838641,6.3
CHEMBL4069284,5.04
CHEMBL4847730,4.93
CHEMBL3604941,6.12
CHEMBL3639752,7.92
CHEMBL2325092,7.0
CHEMBL3671540,6.81
CHEMBL5805459,9.42
CHEMBL591706,4.49
CHEMBL1242756,4.47
CHEMBL3798501,8.105
CHEMBL85021,5.61
CHEMBL418909,8.7
CHEMBL3601223,6.39
CHEMBL3938358,7.48
CHEMBL1088931,8.21
CHEMBL6052248,6.402
CHEMBL5429263,4.5
CHEMBL3233787,8.275
CHEMBL4442035,5.34
CHEMBL4577883,9.03
CHEMBL4443188,8.56
CHEMBL538909,6.22
CHEMBL2205030,5.27
CHEMBL5288249,7.97
CHEMBL4871569,7.14
CHEMBL24828,6.73
CHEMBL3678948,8.48
CHEMBL139044,7.57
CHEMBL505705,6.22
CHEMBL31373,8.815
CHEMBL1958210,5.25
CHEMBL5177306,9.05
CHEMBL5272206,6.51
CHEMBL5435372,6.92
CHEMBL3344210,7.46
CHEMBL3671475,8.52
CHEMBL3671476,7.33
CHEMBL4744138,8.68
CHEMBL1812572,6.92
CHEMBL3828092,7.455
CHEMBL4096329,4.68
CHEMBL3957055,9.16
CHEMBL5939530,8.3
CHEMBL345077,6.47
CHEMBL4097770,6.42
CHEMBL593860,8.7
CHEMBL1958039,5.38
CHEMBL5920416,8.7
CHEMBL5921815,7.39
CHEMBL3898077,8.7
CHEMBL3671505,7.6
CHEMBL76985,4.33
CHEMBL5790724,8.095
CHEMBL250318,7.85
CHEMBL4103757,7.83
CHEMBL5773640,6.76
CHEMBL3954273,7.19
CHEMBL2347962,5.835
CHEMBL5440481,7.82
CHEMBL1170459,5.24
CHEMBL5863307,5.26
CHEMBL4227490,6.72
CHEMBL5780659,7.77
CHEMBL4227552,6.9167
CHEMBL53637,8.72
CHEMBL5780871,8.15
CHEMBL3234742,7.37
CHEMBL3604933,5.71
CHEMBL5566405,6.82
CHEMBL3774451,6.24
CHEMBL299026,5.21
CHEMBL348146,4.55
CHEMBL4073912,6.86
CHEMBL1240553,5.48
CHEMBL1242477,5.6
CHEMBL3739586,5.46
CHEMBL103552,5.39
CHEMBL307599,5.68
CHEMBL431977,9.0
CHEMBL4789027,9.22
CHEMBL3219132,7.44
CHEMBL1173655,8.4212
CHEMBL2347958,7.7971
CHEMBL3344213,7.41
CHEMBL52913,8.44
CHEMBL5819273,5.3633
CHEMBL5630714,7.735
CHEMBL4067871,8.55
CHEMBL5960910,8.52
CHEMBL5968807,5.678
CHEMBL5589692,7.11
CHEMBL3604942,5.3
CHEMBL194958,6.92
CHEMBL55979,6.0233
CHEMBL3416633,7.16
CHEMBL251498,7.3
CHEMBL309937,4.11
CHEMBL3759369,9.05
CHEMBL1254443,5.92
CHEMBL5784892,6.26
CHEMBL4079506,5.89
CHEMBL380669,8.38
CHEMBL5745601,7.14
CHEMBL1241772,4.0
CHEMBL5828371,7.515
CHEMBL5176588,6.59
CHEMBL5813164,6.56
CHEMBL4643903,6.24
CHEMBL3671520,7.62
CHEMBL5987128,8.7
CHEMBL5430683,6.14
CHEMBL3740131,5.49
CHEMBL5821130,6.76
CHEMBL3357639,8.63
CHEMBL3357640,8.185
CHEMBL5559947,7.43
CHEMBL4129781,9.1
CHEMBL195029,5.57
CHEMBL3133907,5.21
CHEMBL20926,4.19
CHEMBL5562728,4.13
CHEMBL4297865,8.4433
CHEMBL3092306,5.94
CHEMBL6041702,7.46
CHEMBL5780712,6.76
CHEMBL1234815,6.41
CHEMBL5561933,5.67
CHEMBL5271568,6.85
CHEMBL5197545,9.87
CHEMBL93754,5.95
CHEMBL201840,4.9
CHEMBL5967623,7.6
CHEMBL3975990,7.0
CHEMBL5955586,5.26
CHEMBL5205583,6.4225
CHEMBL590526,5.73
CHEMBL4471464,4.81
CHEMBL6060697,8.52
CHEMBL4743173,7.2533
CHEMBL1828869,5.19
CHEMBL80030,6.64
CHEMBL3671546,5.99
CHEMBL1928947,7.43
CHEMBL4096207,5.16
CHEMBL3944095,6.42
CHEMBL597365,6.76
CHEMBL3436355,7.9
CHEMBL5971875,7.96
CHEMBL5918098,7.96
CHEMBL5828618,7.36
CHEMBL5917246,7.55
CHEMBL5942555,8.31
CHEMBL3676366,6.67
CHEMBL3425664,6.2267
CHEMBL72322,6.38
CHEMBL5187021,6.525
CHEMBL3133898,5.06
CHEMBL194389,6.36
CHEMBL5430547,7.5867
CHEMBL6039255,6.53
CHEMBL5759154,7.06
CHEMBL3699594,7.7
CHEMBL333038,6.48
CHEMBL544865,6.35
CHEMBL2070048,6.16
CHEMBL4559217,6.71
CHEMBL3978740,7.79
CHEMBL3219507,6.34
CHEMBL1173602,5.14
CHEMBL118000,5.64
CHEMBL2105712,8.9
CHEMBL296407,5.1125
CHEMBL5973924,9.0
CHEMBL5188940,10.1
CHEMBL4078914,8.48
CHEMBL572031,6.14
CHEMBL5964531,8.52
CHEMBL367625,5.495
CHEMBL3612572,5.26
CHEMBL4456359,6.195
CHEMBL453502,6.3
CHEMBL5771960,8.4
CHEMBL4090601,7.9533
CHEMBL5203640,7.06
CHEMBL4456266,7.1033
CHEMBL6023899,8.7
CHEMBL5924696,7.9533
CHEMBL6046827,7.885
CHEMBL5874587,5.04
CHEMBL5810421,4.52
CHEMBL3798128,7.98
CHEMBL3960786,5.03
CHEMBL4583545,6.49
CHEMBL408683,6.4
CHEMBL4744973,7.66
CHEMBL4752022,7.66
CHEMBL1090359,8.64
CHEMBL5401604,5.93
CHEMBL5188857,6.22
CHEMBL5966417,6.26
CHEMBL5199399,7.85
CHEMBL5846553,5.03
CHEMBL5818806,7.72
CHEMBL5890241,6.56
CHEMBL1090352,6.06
CHEMBL3604918,5.47
CHEMBL1242844,4.0
CHEMBL461781,5.2
CHEMBL5279491,7.38
CHEMBL2148052,7.96
CHEMBL4089892,8.065
CHEMBL5977568,5.86
CHEMBL81712,8.05
CHEMBL1242471,4.0
CHEMBL3963723,8.22
CHEMBL5762944,6.42
CHEMBL1242574,6.66
CHEMBL5979481,7.17
CHEMBL2337362,4.38
CHEMBL4790568,9.0
CHEMBL5772398,8.4
CHEMBL3913778,7.48
CHEMBL3676388,7.06
CHEMBL5948125,5.76
CHEMBL4642574,6.6725
CHEMBL4646030,6.873
CHEMBL1683949,5.96
CHEMBL4250191,7.81
CHEMBL451513,7.0
CHEMBL3746421,5.18
CHEMBL137534,7.42
CHEMBL464721,5.8
CHEMBL4568408,5.5
CHEMBL190567,5.4733
CHEMBL592466,7.1
CHEMBL255170,8.15
CHEMBL2018754,5.19
CHEMBL4097216,7.12
CHEMBL2103842,8.15
CHEMBL5087994,6.0333
CHEMBL5922838,7.99
CHEMBL5928141,6.76
CHEMBL5418539,9.985
CHEMBL424302,5.89
CHEMBL4792673,6.885
CHEMBL247101,6.6
CHEMBL5798780,6.76
CHEMBL4763960,6.11
CHEMBL2335016,4.79
CHEMBL5911677,8.15
CHEMBL4746895,8.025
CHEMBL5935788,7.68
CHEMBL5435463,8.035
CHEMBL6048989,8.4
CHEMBL5997253,5.26
CHEMBL3940060,6.48
CHEMBL3425658,5.945
CHEMBL4229266,7.0
CHEMBL1821875,6.2
CHEMBL4782320,6.31
CHEMBL86754,5.72
CHEMBL4083904,7.58
CHEMBL86531,4.54
CHEMBL5949878,5.92
CHEMBL5279794,7.41
CHEMBL2381504,7.4833
CHEMBL1947121,6.38
CHEMBL5817477,8.0467
CHEMBL458997,6.26
CHEMBL3932286,8.26
CHEMBL3397276,6.02
CHEMBL3397275,5.92
CHEMBL5885691,5.26
CHEMBL205776,7.18
CHEMBL5831945,7.89
CHEMBL5886334,5.26
CHEMBL304971,6.39
CHEMBL1821894,5.16
CHEMBL5180965,7.64
CHEMBL307209,7.02
CHEMBL5561503,5.86
CHEMBL4068092,6.78
CHEMBL5267338,6.99
CHEMBL381080,7.3
CHEMBL107472,5.12
CHEMBL4089279,7.68
CHEMBL3237937,6.62
CHEMBL4548960,8.1
CHEMBL5757114,5.725
CHEMBL5170519,7.85
CHEMBL4592472,6.84
CHEMBL5789996,6.26
CHEMBL5952457,7.7075
CHEMBL4445843,4.59
CHEMBL214857,8.52
CHEMBL6002110,7.37
CHEMBL357097,6.34
CHEMBL1945445,4.92
CHEMBL1828874,4.95
CHEMBL2316146,5.15
CHEMBL4166038,6.05
CHEMBL5979907,8.15
CHEMBL94066,6.97
CHEMBL515598,5.11
CHEMBL5837411,5.86
CHEMBL4856453,7.48
CHEMBL3805893,5.04
CHEMBL5438643,7.11
CHEMBL4065288,7.99
CHEMBL5904771,8.7
CHEMBL3676349,7.1
CHEMBL3758868,8.3
CHEMBL5274133,6.315
CHEMBL402293,7.85
CHEMBL5542997,7.508
CHEMBL2347967,6.7
CHEMBL3740144,8.08
CHEMBL53375,7.41
CHEMBL5432141,8.37
CHEMBL144791,5.96
CHEMBL3741399,7.47
CHEMBL3965087,7.715
CHEMBL2064396,4.1
CHEMBL416611,8.055
CHEMBL4531912,7.89
CHEMBL5970897,8.1
CHEMBL1241945,5.98
CHEMBL160935,5.11
CHEMBL275762,8.2925
CHEMBL5560320,7.09
CHEMBL5825791,7.6
CHEMBL4644209,4.695
CHEMBL1944930,4.07
CHEMBL4276965,6.22
CHEMBL5786132,9.2233
CHEMBL5964497,8.4
CHEMBL4448712,6.3
CHEMBL153739,7.7
CHEMBL3945555,6.8
CHEMBL4129646,9.4
CHEMBL4215703,5.16
CHEMBL6006961,7.675
CHEMBL3628796,5.11
CHEMBL324371,4.0
CHEMBL5903081,8.52
CHEMBL92824,6.24
CHEMBL5284397,7.99
CHEMBL5976386,7.7733
CHEMBL5948245,5.27
CHEMBL214631,6.97
CHEMBL566350,7.42
CHEMBL4760328,10.0
CHEMBL5762343,6.26
CHEMBL2312303,5.37
CHEMBL57462,5.56
CHEMBL6011854,8.1
CHEMBL5753590,6.4
CHEMBL4547332,8.7
CHEMBL5752981,6.76
CHEMBL3759190,7.7
CHEMBL5639303,6.97
CHEMBL5893059,6.51
CHEMBL3819553,7.68
CHEMBL3623280,6.78
CHEMBL3353400,4.12
CHEMBL4520286,6.18
CHEMBL5959081,8.52
CHEMBL570709,6.11
CHEMBL3893416,6.28
CHEMBL25425,6.52
CHEMBL5280584,7.92
CHEMBL1241580,5.94
CHEMBL2403108,6.7475
CHEMBL5288191,5.24
CHEMBL4749862,9.22
CHEMBL5196254,6.96
CHEMBL5206715,9.2086
CHEMBL333418,6.36
CHEMBL5743417,5.26
CHEMBL2064393,7.0
CHEMBL511839,7.09
CHEMBL140,5.07
CHEMBL5909282,7.92
CHEMBL206955,8.22
CHEMBL382638,7.7
CHEMBL4791953,6.7
CHEMBL5806557,9.2633
CHEMBL4635625,5.39
CHEMBL4786776,9.3
CHEMBL5835722,6.125
CHEMBL2426280,6.1
CHEMBL59099,4.35
CHEMBL1822062,5.2
CHEMBL2148045,7.51
CHEMBL5902827,7.1967
CHEMBL5980570,5.26
CHEMBL1173688,5.38
CHEMBL6009791,6.52
CHEMBL5852943,7.92
CHEMBL5793602,8.52
CHEMBL4072769,7.43
CHEMBL5846022,8.4
CHEMBL2336358,4.91
CHEMBL4516586,7.675
CHEMBL1277620,5.24
CHEMBL92882,5.95
CHEMBL3221558,5.21
CHEMBL3678953,7.6867
CHEMBL5991347,6.68
CHEMBL4067255,6.51
CHEMBL340700,8.49
CHEMBL3676393,6.76
CHEMBL4443062,7.607
CHEMBL281543,6.93
CHEMBL5275486,6.97
CHEMBL6063486,8.4
CHEMBL204232,5.49
CHEMBL5885285,7.96
CHEMBL5558572,4.63
CHEMBL203599,9.3
CHEMBL172652,8.39
CHEMBL399438,6.63
CHEMBL5937992,5.26
CHEMBL3663932,9.01
CHEMBL3663931,8.83
CHEMBL5291010,6.68
CHEMBL5760517,5.875
CHEMBL5820008,7.91
CHEMBL3347488,6.57
CHEMBL4208224,5.77
CHEMBL168285,6.1
CHEMBL5270000,7.82
CHEMBL3951754,6.28
CHEMBL3752204,8.02
CHEMBL3425667,5.79
CHEMBL5870730,8.7
CHEMBL472943,5.28
CHEMBL1958023,5.52
CHEMBL2437463,7.9667
CHEMBL5203176,6.45
CHEMBL2408824,5.6067
CHEMBL5188960,7.235
CHEMBL3403514,6.51
CHEMBL5566277,8.0
CHEMBL4297674,5.7
CHEMBL2337363,4.2
CHEMBL5933251,8.4
CHEMBL5855803,9.14
CHEMBL3633143,8.425
CHEMBL4089601,7.075
CHEMBL5171983,6.68
CHEMBL5185922,7.785
CHEMBL5829626,6.2933
CHEMBL91009,8.05
CHEMBL4286871,6.77
CHEMBL592201,5.75
CHEMBL481324,7.02
CHEMBL4641942,5.31
CHEMBL5962801,6.26
CHEMBL4092632,7.53
CHEMBL1822065,5.12
CHEMBL5920911,6.26
CHEMBL3233768,5.19
CHEMBL5946842,6.52
CHEMBL5891982,8.3
CHEMBL5631782,6.91
CHEMBL3622637,8.27
CHEMBL5196495,8.054
CHEMBL5568516,6.47
CHEMBL5804483,5.795
CHEMBL3355886,7.82
CHEMBL2180203,6.895
CHEMBL4291935,7.09
CHEMBL3416612,6.82
CHEMBL4858176,4.6
CHEMBL5961157,5.65
CHEMBL329867,8.19
CHEMBL4445015,5.32
CHEMBL1929312,4.46
CHEMBL1914657,5.34
CHEMBL4747958,9.7
CHEMBL1173251,4.91
CHEMBL5902375,6.26
CHEMBL5886177,8.52
CHEMBL3896615,6.3
CHEMBL3805283,7.435
CHEMBL5885757,8.3
CHEMBL3922068,7.0
CHEMBL3263359,5.4
CHEMBL5613341,7.44
CHEMBL4207951,7.31
CHEMBL4460320,7.75
CHEMBL591910,5.76
CHEMBL5086054,6.33
CHEMBL246492,6.19
CHEMBL470391,7.37
CHEMBL6013534,8.2
CHEMBL5873371,9.0
CHEMBL5397490,6.13
CHEMBL401713,6.98
CHEMBL4435619,6.05
CHEMBL5910757,7.07
CHEMBL2064388,4.52
CHEMBL3325475,5.89
CHEMBL4434924,7.42
CHEMBL184311,5.49
CHEMBL5268062,6.8
CHEMBL516487,7.27
CHEMBL4095623,4.6
CHEMBL4780903,6.91
CHEMBL1241680,4.0
CHEMBL498249,4.39
CHEMBL4795888,6.15
CHEMBL5195669,6.57
CHEMBL591038,8.5
CHEMBL6056251,6.76
CHEMBL4103121,5.3
CHEMBL5176561,6.35
CHEMBL104,4.16
CHEMBL5824811,8.7
CHEMBL3671527,7.35
CHEMBL5192318,6.435
CHEMBL4202955,5.24
CHEMBL165495,8.51
CHEMBL247512,6.42
CHEMBL4285217,8.94
CHEMBL3612564,5.29
CHEMBL4125772,7.04
CHEMBL3740102,5.225
CHEMBL354310,6.48
CHEMBL3098326,4.42
CHEMBL2064390,5.52
CHEMBL3747079,5.02
CHEMBL2064403,6.92
CHEMBL1821869,7.22
CHEMBL5191510,9.52
CHEMBL5940286,7.96
CHEMBL3221542,5.41
CHEMBL301018,7.655
CHEMBL3221557,5.12
CHEMBL4225571,6.29
CHEMBL4453429,7.36
CHEMBL1094194,5.72
CHEMBL5207083,7.69
CHEMBL4869409,7.79
CHEMBL3735952,6.06
CHEMBL5595344,8.7
CHEMBL5933567,7.6925
CHEMBL3774712,6.23
CHEMBL3901296,9.29
CHEMBL3895468,9.43
CHEMBL5864399,9.4
CHEMBL5179952,8.31
CHEMBL5825514,6.76
CHEMBL5995787,7.5267
CHEMBL5947228,7.85
CHEMBL1830274,6.46
CHEMBL2283258,4.42
CHEMBL599218,5.645
CHEMBL605976,7.89
CHEMBL1958216,5.94
CHEMBL3040543,7.83
CHEMBL1242567,5.54
CHEMBL5182231,7.315
CHEMBL4079183,6.99
CHEMBL3943438,7.85
CHEMBL5856988,5.98
CHEMBL225929,7.15
CHEMBL4082783,6.535
CHEMBL5750602,5.26
CHEMBL5994880,4.85
CHEMBL6061137,6.26
CHEMBL3740713,5.35
CHEMBL3235200,5.65
CHEMBL6022090,8.7
CHEMBL3921816,8.24
CHEMBL2381515,7.43
CHEMBL5796361,8.4
CHEMBL1944920,5.05
CHEMBL96780,8.42
CHEMBL6054187,8.7
CHEMBL1812435,5.14
CHEMBL204715,5.62
CHEMBL3221560,6.0
CHEMBL2032380,8.464
CHEMBL197640,8.3
CHEMBL5086066,8.77
CHEMBL5964757,9.0
CHEMBL438805,6.02
CHEMBL5871812,7.85
CHEMBL5571083,5.07
CHEMBL4072299,7.96
CHEMBL1272113,5.9
CHEMBL3416600,7.42
CHEMBL3416602,6.81
CHEMBL1090355,6.72
CHEMBL5763517,8.41
CHEMBL2333163,6.22
CHEMBL6034137,8.52
CHEMBL6029813,7.7525
CHEMBL5195167,7.3
CHEMBL309598,4.935
CHEMBL5398817,7.7
CHEMBL6051697,8.7
CHEMBL5834058,8.22
CHEMBL4448162,9.0
CHEMBL4099377,7.51
CHEMBL5892565,6.12
CHEMBL3699608,7.19
CHEMBL3678954,8.3667
CHEMBL2087356,7.8
CHEMBL5271718,7.31
CHEMBL246687,7.3
CHEMBL393848,7.22
CHEMBL5778617,6.26
CHEMBL4225777,6.25
CHEMBL5977533,5.73
CHEMBL391387,6.82
CHEMBL5189114,7.52
CHEMBL4088200,6.775
CHEMBL76904,4.43
CHEMBL412367,7.4
CHEMBL312818,8.65
CHEMBL269620,6.27
CHEMBL469997,7.23
CHEMBL5412108,7.58
CHEMBL248044,7.05
CHEMBL114728,5.8
CHEMBL1958031,5.27
CHEMBL5944144,5.26
CHEMBL5567680,4.07
CHEMBL7819,6.145
CHEMBL6006898,7.89
CHEMBL343887,5.33
CHEMBL2087352,6.92
CHEMBL5809706,8.7
CHEMBL53796,7.76
CHEMBL1173191,4.97
CHEMBL248220,5.79
CHEMBL53940,8.05
CHEMBL5786389,7.5786
CHEMBL452980,6.62
CHEMBL120719,4.145
CHEMBL425601,8.05
CHEMBL591053,4.39
CHEMBL6005198,6.5117
CHEMBL5770747,8.52
CHEMBL5612077,4.78
CHEMBL5931174,8.07
CHEMBL1944924,4.61
CHEMBL3416620,6.38
CHEMBL5562495,6.48
CHEMBL2216827,6.195
CHEMBL1242573,5.92
CHEMBL5920414,6.76
CHEMBL5078816,7.17
CHEMBL1645469,6.18
CHEMBL6028869,8.52
CHEMBL4874550,6.35
CHEMBL5624545,8.085
CHEMBL5887780,7.17
CHEMBL5905270,8.825
CHEMBL5936173,9.0
CHEMBL251700,7.05
CHEMBL3735648,6.46
CHEMBL459729,4.68
CHEMBL344486,7.19
CHEMBL538507,5.68
CHEMBL5990005,8.7
CHEMBL5876257,8.7
CHEMBL335932,5.19
CHEMBL4060821,5.95
CHEMBL5287505,6.92
CHEMBL3671538,7.68
CHEMBL5747033,7.255
CHEMBL3979366,8.18
CHEMBL247513,6.96
CHEMBL3098312,4.17
CHEMBL5759938,7.82
CHEMBL5834938,8.52
CHEMBL213007,9.0
CHEMBL553137,6.88
CHEMBL3622669,6.85
CHEMBL5419099,6.35
CHEMBL5427561,6.75
CHEMBL5274187,7.21
CHEMBL2064397,5.14
CHEMBL60826,8.1
CHEMBL6012697,6.78
CHEMBL3234736,6.26
CHEMBL4441921,6.07
CHEMBL5977247,6.76
CHEMBL3945072,6.28
CHEMBL5397642,8.07
CHEMBL4078026,6.83
CHEMBL480349,7.92
CHEMBL5199354,7.38
CHEMBL3814956,7.7633
CHEMBL3676365,7.39
CHEMBL3912723,7.38
CHEMBL5712062,6.875
CHEMBL5819277,8.145
CHEMBL5970630,6.96
CHEMBL5751617,8.05
CHEMBL308672,6.35
CHEMBL3325473,5.96
CHEMBL119708,5.1
CHEMBL5175316,7.06
CHEMBL5840456,7.7
CHEMBL6031205,7.6
CHEMBL6060469,8.7
CHEMBL2064392,5.11
CHEMBL3263963,6.665
CHEMBL1958221,5.9
CHEMBL5877593,5.5575
CHEMBL4570333,7.905
CHEMBL311959,4.57
CHEMBL1946926,7.51
CHEMBL594790,4.87
CHEMBL5834209,7.85
CHEMBL5749360,7.92
CHEMBL3952877,7.55
CHEMBL1821883,4.62
CHEMBL5841112,8.3
CHEMBL5762347,6.32
CHEMBL5872035,6.76
CHEMBL3940909,7.66
CHEMBL5779638,5.62
CHEMBL3671479,8.52
CHEMBL407534,6.11
CHEMBL6048868,8.52
CHEMBL6023158,8.4733
CHEMBL2031303,9.57
CHEMBL1958022,5.87
CHEMBL443268,5.28
CHEMBL3613695,5.32
CHEMBL5896750,6.26
CHEMBL5808700,6.76
CHEMBL5916856,6.26
CHEMBL5798664,8.915
CHEMBL2178350,8.08
CHEMBL98,6.985
CHEMBL523573,6.89
CHEMBL4095447,7.88
CHEMBL4279057,8.435
CHEMBL3741436,5.8
CHEMBL53552,6.22
CHEMBL2426378,5.355
CHEMBL5807574,7.49
CHEMBL3237945,6.04
CHEMBL5288276,8.2333
CHEMBL6065282,5.26
CHEMBL597096,6.16
CHEMBL4251297,4.41
CHEMBL2337366,4.08
CHEMBL5288888,9.188
CHEMBL3800597,7.525
CHEMBL597948,7.59
CHEMBL3736183,6.6
CHEMBL4211573,5.64
CHEMBL4062722,6.745
CHEMBL166358,8.92
CHEMBL5779576,7.215
CHEMBL5812367,8.3
CHEMBL5817731,8.85
CHEMBL5208312,5.85
CHEMBL3403510,7.04
CHEMBL3678951,8.48
CHEMBL5281903,8.415
CHEMBL3985086,6.96
CHEMBL5199169,7.18
CHEMBL132466,4.75
CHEMBL3622634,6.99
CHEMBL5420051,7.13
CHEMBL5888462,6.26
CHEMBL6039752,8.7
CHEMBL4127897,7.655
CHEMBL4125840,7.295
CHEMBL1830276,6.23
CHEMBL5769497,5.26
CHEMBL5903227,8.1
CHEMBL56266,8.3
CHEMBL3758471,8.22
CHEMBL4103194,8.8
CHEMBL457250,5.78
CHEMBL4450824,8.81
CHEMBL289787,6.01
CHEMBL1916951,4.61
CHEMBL4286374,6.92
CHEMBL5922274,8.35
CHEMBL3805588,7.01
CHEMBL1254363,4.51
CHEMBL5870984,6.96
CHEMBL98248,6.77
CHEMBL127058,8.92
CHEMBL2325095,6.62
CHEMBL5838821,7.605
CHEMBL6024685,6.4767
CHEMBL1914664,7.28
CHEMBL3707348,5.45
CHEMBL3758585,6.16
CHEMBL2322330,7.94
CHEMBL4553685,7.43
CHEMBL3098317,5.62
CHEMBL540068,8.21
CHEMBL248108,7.46
CHEMBL255236,7.33
CHEMBL1242031,4.0
CHEMBL2031301,7.76
CHEMBL3233785,8.725
CHEMBL3765815,8.12
CHEMBL5218754,8.03
CHEMBL4865792,6.02
CHEMBL5960825,7.0367
CHEMBL5439126,7.28
CHEMBL5632112,4.56
CHEMBL5206400,6.475
CHEMBL144760,5.56
CHEMBL552634,6.16
CHEMBL5876947,6.84
CHEMBL5272694,5.35
CHEMBL4861493,5.95
CHEMBL1914461,8.48
CHEMBL431996,4.25
CHEMBL5975928,7.47
CHEMBL4129209,7.49
CHEMBL4129287,7.145
CHEMBL5277940,6.91
CHEMBL5838668,8.06
CHEMBL3740105,6.06
CHEMBL2336357,5.04
CHEMBL6057405,7.875
CHEMBL4206193,6.72
CHEMBL3608431,6.8625
CHEMBL2325107,5.69
CHEMBL48436,5.85
CHEMBL155293,5.13
CHEMBL6040863,6.52
CHEMBL5593611,5.23
CHEMBL158119,4.05
CHEMBL5745490,9.52
CHEMBL5965945,7.6
CHEMBL3900264,8.34
CHEMBL4520064,6.42
CHEMBL294395,7.21
CHEMBL364623,5.28
CHEMBL504117,7.3
CHEMBL1172419,4.54
CHEMBL93537,6.69
CHEMBL5805552,7.43
CHEMBL4438856,7.33
CHEMBL3219133,8.104
CHEMBL426124,5.835
CHEMBL5841647,8.05
CHEMBL5994959,7.43
CHEMBL5966767,8.6014
CHEMBL5967745,7.37
CHEMBL5753875,8.22
CHEMBL173453,5.85
CHEMBL5950889,7.48
CHEMBL5937225,5.19
CHEMBL5281446,5.7267
CHEMBL127367,6.41
CHEMBL1828860,5.53
CHEMBL5805901,8.7
CHEMBL327838,7.19
CHEMBL3891774,5.07
CHEMBL1242115,6.24
CHEMBL5288264,6.9
CHEMBL5401490,6.09
CHEMBL2047253,4.93
CHEMBL5997917,6.26
CHEMBL5287295,6.785
CHEMBL5632632,7.81
CHEMBL5433585,7.75
CHEMBL2031305,9.54
CHEMBL196438,7.7
CHEMBL3806248,8.43
CHEMBL5631902,6.73
CHEMBL399736,5.78
CHEMBL5784655,8.5
CHEMBL1934630,7.07
CHEMBL4102288,6.2
CHEMBL592139,4.97
CHEMBL5612851,7.43
CHEMBL4868614,8.54
CHEMBL2426282,7.1533
CHEMBL6022124,8.22
CHEMBL3699583,8.26
CHEMBL1173680,4.76
CHEMBL535,6.3667
CHEMBL5840868,6.8667
CHEMBL5783822,9.14
CHEMBL4779194,5.155
CHEMBL5814794,8.7
CHEMBL4864983,6.36
CHEMBL1914670,7.92
CHEMBL6009556,7.3425
CHEMBL3971413,7.14
CHEMBL5785458,7.71
CHEMBL5839813,6.99
CHEMBL5200783,5.74
CHEMBL169780,5.59
CHEMBL5190121,7.06
CHEMBL1828866,5.08
CHEMBL5783525,5.26
CHEMBL3699589,7.7
CHEMBL3752404,6.72
CHEMBL3671555,7.54
CHEMBL204420,7.52
CHEMBL4161938,7.5567
CHEMBL5938505,5.62
CHEMBL5828230,8.22
CHEMBL488101,4.7
CHEMBL5858289,5.49
CHEMBL3814320,7.71
CHEMBL2334001,7.2
CHEMBL5822177,5.26
CHEMBL79704,5.32
CHEMBL132348,7.51
CHEMBL3586178,5.13
CHEMBL3416636,6.43
CHEMBL5284972,6.8567
CHEMBL5834572,6.32
CHEMBL3628907,5.9
CHEMBL1242379,5.2
CHEMBL517907,7.96
CHEMBL5220645,9.3567
CHEMBL1092250,7.33
CHEMBL593275,6.58
CHEMBL298637,6.77
CHEMBL4279016,8.695
CHEMBL5083645,8.04
CHEMBL3633146,8.54
CHEMBL1097190,4.82
CHEMBL5427952,7.27
CHEMBL2018752,6.0
CHEMBL3114689,6.955
CHEMBL5612021,7.39
CHEMBL3758502,6.22
CHEMBL3775911,6.45
CHEMBL555797,6.22
CHEMBL5094288,8.1
CHEMBL5947857,8.05
CHEMBL4215080,7.8233
CHEMBL154822,4.0
CHEMBL5873547,8.4
CHEMBL5927848,8.4
CHEMBL5940711,7.1
CHEMBL92174,6.89
CHEMBL114073,4.97
CHEMBL1243255,8.935
CHEMBL5428404,7.11
CHEMBL5945119,7.31
CHEMBL5988997,8.3
CHEMBL5973804,7.725
CHEMBL3699613,7.3833
CHEMBL25610,6.4
CHEMBL5826359,8.7
CHEMBL3586175,4.5
CHEMBL281990,6.0
CHEMBL5755118,6.69
CHEMBL4469900,6.3
CHEMBL6007318,8.7
CHEMBL5761989,8.18
CHEMBL5838142,8.22
CHEMBL3087202,6.28
CHEMBL3907533,7.99
CHEMBL4440012,6.5
CHEMBL113902,5.12
CHEMBL4282506,7.3233
CHEMBL5179214,7.25
CHEMBL5828176,6.32
CHEMBL126623,8.405
CHEMBL6033841,5.7067
CHEMBL5891063,8.7
CHEMBL203219,5.28
CHEMBL4790553,6.18
CHEMBL6013487,6.76
CHEMBL6049383,7.194
CHEMBL307145,5.91
CHEMBL4743464,7.605
CHEMBL5189340,9.35
CHEMBL6028598,6.76
CHEMBL158275,5.77
CHEMBL3263959,5.12
CHEMBL3984008,7.0
CHEMBL333082,6.98
CHEMBL4875985,8.96
CHEMBL5532212,4.28
CHEMBL6013184,6.35
CHEMBL4857477,7.09
CHEMBL3612561,6.33
CHEMBL2325091,6.31
CHEMBL348116,4.5
CHEMBL3040910,7.57
CHEMBL3622628,6.78
CHEMBL3622648,8.22
CHEMBL4759112,9.0233
CHEMBL5903083,9.235
CHEMBL3974626,7.44
CHEMBL381604,7.5
CHEMBL5874088,7.03
CHEMBL4060383,4.7
CHEMBL4854693,6.17
CHEMBL330882,5.31
CHEMBL5988665,8.31
CHEMBL56879,5.4333
CHEMBL6013504,7.08
CHEMBL5923851,7.92
CHEMBL5751543,8.3
CHEMBL5753585,7.85
CHEMBL1910268,4.03
CHEMBL2047019,5.38
CHEMBL4750608,7.37
CHEMBL510730,5.7
CHEMBL3678958,7.7
CHEMBL5882559,6.76
CHEMBL3805509,7.56
CHEMBL4079125,5.43
CHEMBL4286241,7.005
CHEMBL6007080,7.6
CHEMBL1009,5.54
CHEMBL5766497,6.12
CHEMBL1272276,6.84
CHEMBL5428368,7.5
CHEMBL4519408,6.22
CHEMBL2335018,4.89
CHEMBL3671542,6.99
CHEMBL6048351,6.1
CHEMBL5771755,8.1
CHEMBL4101193,5.95
CHEMBL1821864,5.74
CHEMBL5284115,8.24
CHEMBL5208454,8.115
CHEMBL5206902,9.7
CHEMBL3805238,7.58
CHEMBL5776043,6.12
CHEMBL1951415,6.82
CHEMBL4071827,8.82
CHEMBL5983026,6.9867
CHEMBL4585048,5.92
CHEMBL5618083,7.2
CHEMBL5269307,7.37
CHEMBL6024312,7.655
CHEMBL4533337,6.43
CHEMBL4758842,8.4733
CHEMBL6055537,7.82
CHEMBL5191956,5.27
CHEMBL5882138,6.26
CHEMBL3353396,4.635
CHEMBL248114,7.72
CHEMBL188762,8.67
CHEMBL475584,6.82
CHEMBL4535881,6.56
CHEMBL31656,7.59
CHEMBL6008734,6.26
CHEMBL92937,9.16
CHEMBL3746564,4.97
CHEMBL473436,7.17
CHEMBL69071,8.23
CHEMBL5820578,7.54
CHEMBL4759127,9.15
CHEMBL326596,7.24
CHEMBL5190294,7.1867
CHEMBL4294743,8.0475
CHEMBL3114107,5.7
CHEMBL6020779,6.095
CHEMBL5569696,8.98
CHEMBL3815045,7.3
CHEMBL5744664,8.7
CHEMBL607707,7.6756
CHEMBL4214040,5.8167
CHEMBL1683950,5.92
CHEMBL3815074,7.7567
CHEMBL1170278,5.41
CHEMBL5195321,6.1133
CHEMBL5893885,5.26
CHEMBL5591885,8.99
CHEMBL2385976,6.05
CHEMBL5943220,5.26
CHEMBL5832906,5.26
CHEMBL5185772,6.38
CHEMBL5847866,8.4
CHEMBL2018760,6.05
CHEMBL1934623,8.52
CHEMBL197525,5.75
CHEMBL3786220,6.68
CHEMBL1241859,4.0
CHEMBL3699582,7.7
CHEMBL2047018,5.45
CHEMBL5439991,7.28
CHEMBL3746980,4.59
CHEMBL306081,6.07
CHEMBL332882,8.3
CHEMBL3891846,7.965
CHEMBL4745868,7.94
CHEMBL5995813,6.76
CHEMBL5939316,6.76
CHEMBL5075594,7.96
CHEMBL4250273,8.0
CHEMBL3085277,6.27
CHEMBL5952540,6.26
CHEMBL5844933,5.62
CHEMBL6019189,9.0
CHEMBL5909338,8.4
CHEMBL330224,7.0
CHEMBL4226151,6.05
CHEMBL602890,4.25
CHEMBL355982,7.46
CHEMBL5091683,7.715
CHEMBL3040861,8.7
CHEMBL5202129,8.96
CHEMBL5194719,7.05
CHEMBL5198424,8.52
CHEMBL93295,6.33
CHEMBL1630116,7.82
CHEMBL249921,6.73
CHEMBL5821372,8.3
CHEMBL4471491,9.16
CHEMBL5761824,6.76
CHEMBL3298000,7.08
CHEMBL4751085,6.82
CHEMBL5999061,6.46
CHEMBL6033422,8.52
CHEMBL3352899,9.11
CHEMBL5853085,8.52
CHEMBL593909,5.21
CHEMBL2437470,5.04
CHEMBL477197,5.47
CHEMBL4859375,8.5625
CHEMBL4648924,6.75
CHEMBL3890526,6.17
CHEMBL483232,5.4
CHEMBL5183324,8.16
CHEMBL5771679,8.0
CHEMBL5981673,7.65
CHEMBL5806322,8.54
CHEMBL3604943,8.85
CHEMBL5798313,8.7
CHEMBL3671522,7.16
CHEMBL3633938,6.35
CHEMBL552860,6.44
CHEMBL51485,6.01
CHEMBL4164805,9.7
CHEMBL346863,7.4
CHEMBL5891448,6.5933
CHEMBL3092302,6.025
CHEMBL5780633,6.26
CHEMBL1440725,5.24
CHEMBL3088220,6.68
CHEMBL393264,7.3
CHEMBL5828031,7.67
CHEMBL2064373,6.42
CHEMBL4071494,5.685
CHEMBL6053281,8.7
CHEMBL448730,5.39
CHEMBL5940715,8.22
CHEMBL5830860,6.76
CHEMBL1173665,5.18
CHEMBL4462965,7.055
CHEMBL4849721,5.51
CHEMBL4292110,5.92
CHEMBL603186,5.33
CHEMBL3671503,7.02
CHEMBL205045,7.77
CHEMBL5275574,5.11
CHEMBL5082422,6.3
CHEMBL3297999,7.07
CHEMBL5900156,7.08
CHEMBL3233783,6.655
CHEMBL6052028,6.76
CHEMBL121260,7.08
CHEMBL5979002,8.77
CHEMBL598407,6.21
CHEMBL2309507,7.0
CHEMBL94068,6.97
CHEMBL6004850,6.56
CHEMBL6031696,6.9417
CHEMBL136511,8.57
CHEMBL3814816,7.5567
CHEMBL135853,7.7
CHEMBL5812784,8.15
CHEMBL3699587,8.26
CHEMBL190094,8.415
CHEMBL5839834,9.0
CHEMBL5267140,6.27
CHEMBL87746,4.72
CHEMBL1242033,4.0
CHEMBL505637,5.89
CHEMBL603266,9.44
CHEMBL5173534,6.79
CHEMBL6037302,6.76
CHEMBL6053889,5.26
CHEMBL2333986,5.0
CHEMBL5984008,5.26
CHEMBL1914655,7.21
CHEMBL3633940,8.05
CHEMBL5974536,7.6
CHEMBL2064380,6.64
CHEMBL5286091,7.4
CHEMBL598164,8.34
CHEMBL2325110,5.48
CHEMBL53300,9.1
CHEMBL6031875,5.26
CHEMBL5908279,8.15
CHEMBL54805,7.47
CHEMBL246898,6.7
CHEMBL3680376,7.34
CHEMBL939,7.32
CHEMBL5963440,5.26
CHEMBL4294156,7.675
CHEMBL5177023,7.4667
CHEMBL5797008,7.39
CHEMBL402011,6.75
CHEMBL5943599,7.96
CHEMBL160566,5.16
CHEMBL485246,4.09
CHEMBL4239716,8.14
CHEMBL4776396,9.7
CHEMBL4099682,8.59
CHEMBL299672,7.15
CHEMBL5972316,8.15
CHEMBL3218002,5.92
CHEMBL204965,5.49
CHEMBL5408255,6.82
CHEMBL6057769,6.814
CHEMBL1958035,5.18
CHEMBL4783428,8.19
CHEMBL2064376,6.42
CHEMBL3948354,6.67
CHEMBL2086760,6.86
CHEMBL144589,5.795
CHEMBL400413,6.68
CHEMBL4851176,8.91
CHEMBL6013119,8.52
CHEMBL4087538,8.22
CHEMBL2441565,6.805
CHEMBL5818238,6.32
CHEMBL4278325,7.21
CHEMBL5946793,5.41
CHEMBL5173862,6.92
CHEMBL2424807,5.39
CHEMBL3425670,5.05
CHEMBL53203,8.28
CHEMBL1641990,6.82
CHEMBL5416410,6.62
CHEMBL210660,7.33
CHEMBL5574232,9.8
CHEMBL5173596,4.425
CHEMBL3604940,6.1533
CHEMBL171311,6.36
CHEMBL4074782,4.4
CHEMBL5968985,6.52
CHEMBL3970738,7.19
CHEMBL3939913,8.7
CHEMBL1169870,5.09
CHEMBL5571542,5.74
CHEMBL5632436,5.96
CHEMBL6062221,7.01
CHEMBL3425657,5.78
CHEMBL5788370,5.26
CHEMBL5959647,7.6
CHEMBL3799138,7.205
CHEMBL4075241,5.51
CHEMBL5572677,5.89
CHEMBL248322,7.16
CHEMBL3409482,7.44
CHEMBL2148048,7.75
CHEMBL2424804,5.62
CHEMBL153419,6.72
CHEMBL5863579,8.52
CHEMBL5269317,8.705
CHEMBL4475546,6.53
CHEMBL340508,8.15
CHEMBL309625,4.22
CHEMBL3814940,5.9733
CHEMBL5193451,8.55
CHEMBL5863733,9.0567
CHEMBL3799585,5.1
CHEMBL3676374,7.62
CHEMBL5195912,8.49
CHEMBL5907964,8.05
CHEMBL2018753,6.0
CHEMBL4540295,7.55
CHEMBL4172718,8.04
CHEMBL3903063,6.93
CHEMBL1090360,6.73
CHEMBL6057992,6.79
CHEMBL5928946,9.0
CHEMBL489147,5.22
CHEMBL4227701,8.29
CHEMBL5425947,8.57
CHEMBL5919441,8.15
CHEMBL4063301,8.185
CHEMBL5918532,8.3
CHEMBL3884319,5.0
CHEMBL77401,5.76
CHEMBL5803419,7.89
CHEMBL5914847,8.31
CHEMBL369967,5.13
CHEMBL4798177,7.21
CHEMBL4094647,4.16
CHEMBL2385992,5.3
CHEMBL4750375,7.7
CHEMBL3221547,5.26
CHEMBL4790485,6.4367
CHEMBL490774,5.7
CHEMBL417941,5.515
CHEMBL3930762,8.19
CHEMBL5934098,9.2867
CHEMBL5907670,8.7
CHEMBL5886676,5.98
CHEMBL4748149,8.8
CHEMBL3234752,8.1
CHEMBL5918405,6.76
CHEMBL4862351,9.61
CHEMBL3671565,7.12
CHEMBL6003257,6.76
CHEMBL5094237,6.8
CHEMBL206848,5.36
CHEMBL466586,7.3
CHEMBL4096822,6.44
CHEMBL6021978,6.455
CHEMBL5890335,8.7
CHEMBL168829,4.87
CHEMBL6032663,6.26
CHEMBL4876135,5.6
CHEMBL249928,7.46
CHEMBL4646638,5.23
CHEMBL5896403,7.96
CHEMBL3622667,8.02
CHEMBL1242750,6.11
CHEMBL2047023,5.96
CHEMBL590875,5.91
CHEMBL3805333,7.36
CHEMBL3956112,8.34
CHEMBL1201179,7.77
CHEMBL590877,4.87
CHEMBL256362,5.96
CHEMBL5785047,8.7
CHEMBL6045539,8.7
CHEMBL3805039,7.855
CHEMBL4088971,6.5633
CHEMBL4278031,6.01
CHEMBL3676379,7.24
CHEMBL1242475,6.24
CHEMBL93302,8.33
CHEMBL3622645,7.2233
CHEMBL5946057,7.365
CHEMBL6010216,7.63
CHEMBL14874,6.08
CHEMBL304929,7.37
CHEMBL5266834,7.64
CHEMBL2087355,7.8
CHEMBL306315,8.22
CHEMBL5895307,7.87
CHEMBL1683954,5.0
CHEMBL5819204,6.26
CHEMBL4226676,7.42
CHEMBL3956430,8.04
CHEMBL1828879,4.76
CHEMBL13485,5.52
CHEMBL4084868,7.59
CHEMBL4468893,7.7
CHEMBL6029402,8.4
CHEMBL309392,4.77
CHEMBL4457018,8.06
CHEMBL5808072,8.2333
CHEMBL3218347,6.55
CHEMBL5920948,8.53
CHEMBL5904869,7.99
CHEMBL3753228,7.41
CHEMBL1641998,4.55
CHEMBL4866476,7.18
CHEMBL4748320,9.52
CHEMBL5992704,8.0
CHEMBL5436031,10.02
CHEMBL5808792,6.26
CHEMBL5831631,6.26
CHEMBL3699607,8.26
CHEMBL5853393,5.26
CHEMBL5998385,6.93
CHEMBL5906672,7.245
CHEMBL4280835,7.33
CHEMBL3676359,7.4
CHEMBL5286007,8.75
CHEMBL5963710,8.52
CHEMBL6025324,6.26
CHEMBL157084,7.46
CHEMBL205235,7.38
CHEMBL4208745,5.62
CHEMBL4072620,7.75
CHEMBL4446953,6.605
CHEMBL1683973,7.96
CHEMBL3676392,6.02
CHEMBL5752228,7.87
CHEMBL428741,7.88
CHEMBL5778795,6.76
CHEMBL5832921,8.52
CHEMBL3234867,5.555
CHEMBL4080711,7.2
CHEMBL5870222,9.17
CHEMBL207130,8.05
CHEMBL3360611,9.27
CHEMBL5926423,6.6383
CHEMBL4077608,6.89
CHEMBL3746387,4.67
CHEMBL5171318,6.87
CHEMBL6039698,8.52
CHEMBL372112,7.3
CHEMBL4441244,6.7
CHEMBL1929555,4.9
CHEMBL4860398,8.72
CHEMBL6023552,8.4
CHEMBL5564323,5.91
CHEMBL4529521,7.29
CHEMBL197689,7.16
CHEMBL1928948,6.89
CHEMBL4063890,7.22
CHEMBL1910273,4.53
CHEMBL3699595,7.48
CHEMBL3928176,7.2
CHEMBL3956465,7.7
CHEMBL5916409,6.26
CHEMBL1095957,5.68
CHEMBL5913125,8.52
CHEMBL4087241,6.85
CHEMBL1088240,5.48
CHEMBL4465558,6.12
CHEMBL4458344,6.86
CHEMBL5822835,5.64
CHEMBL75188,5.16
CHEMBL1173714,5.17
CHEMBL3939771,8.16
CHEMBL3774906,7.05
CHEMBL5268867,8.3867
CHEMBL273789,6.58
CHEMBL1821893,5.13
CHEMBL366831,4.51
CHEMBL5969564,6.28
CHEMBL4566193,8.92
CHEMBL5417638,6.935
CHEMBL4071368,7.96
CHEMBL3633936,6.09
CHEMBL5912587,7.095
CHEMBL5872345,6.955
CHEMBL5438864,7.66
CHEMBL3622647,6.83
CHEMBL590083,4.64
CHEMBL4128567,9.0
CHEMBL342929,5.455
CHEMBL116853,7.05
CHEMBL5795419,7.22
CHEMBL5826446,5.62
CHEMBL4064942,8.045
CHEMBL2070045,6.29
CHEMBL1077069,4.1
CHEMBL1830263,5.43
CHEMBL1242469,4.75
CHEMBL5183664,7.7
CHEMBL5761729,8.4
CHEMBL6043247,5.26
CHEMBL3233778,7.78
CHEMBL5277831,8.05
CHEMBL309016,5.1
CHEMBL3409483,7.64
CHEMBL4166609,8.39
CHEMBL4863109,5.28
CHEMBL6041040,9.66
CHEMBL5903269,7.7667
CHEMBL592215,7.54
CHEMBL394462,6.7
CHEMBL3934461,7.66
CHEMBL5434169,7.52
CHEMBL4166412,6.96
CHEMBL5975681,8.52
CHEMBL5893361,7.57
CHEMBL294034,7.2
CHEMBL5200495,6.565
CHEMBL2424796,5.82
CHEMBL4071151,6.09
CHEMBL5273791,7.01
CHEMBL435809,6.96
CHEMBL310580,6.33
CHEMBL3604919,5.575
CHEMBL332497,5.42
CHEMBL5414512,7.96
CHEMBL4092788,6.43
CHEMBL6008376,8.4
CHEMBL544868,7.24
CHEMBL5813491,7.38
CHEMBL595142,6.46
CHEMBL5895801,8.52
CHEMBL2283251,4.93
CHEMBL5431377,8.39
CHEMBL2312304,5.39
CHEMBL4217992,7.64
CHEMBL4552065,4.46
CHEMBL1873475,7.9105
CHEMBL3647964,8.92
CHEMBL3182647,8.89
CHEMBL370266,5.26
CHEMBL3804868,7.82
CHEMBL5423464,7.0
CHEMBL182254,7.5
CHEMBL5278115,5.68
CHEMBL2325097,6.96
CHEMBL5857101,7.6275
CHEMBL4446681,5.0
CHEMBL5633759,6.81
CHEMBL565467,7.64
CHEMBL475768,9.0
CHEMBL5820435,6.76
CHEMBL1828861,5.46
CHEMBL5850886,8.26
CHEMBL3221259,5.19
CHEMBL144770,5.94
CHEMBL5083976,7.76
CHEMBL5767529,7.3667
CHEMBL322298,6.7
CHEMBL5837535,6.04
CHEMBL4456234,6.92
CHEMBL2148044,7.82
CHEMBL4565086,6.955
CHEMBL245800,5.68
CHEMBL5271937,7.15
CHEMBL4522594,4.43
CHEMBL54784,5.84
CHEMBL3092305,6.485
CHEMBL6014788,6.76
CHEMBL263666,5.33
CHEMBL5847293,6.0
CHEMBL5597233,7.16
CHEMBL55150,6.92
CHEMBL1272168,5.51
CHEMBL1272061,7.55
CHEMBL4062509,7.035
CHEMBL6004905,7.6
CHEMBL5796746,7.77
CHEMBL174426,10.6
CHEMBL4208811,7.72
CHEMBL5878812,7.86
CHEMBL6008370,9.41
CHEMBL3355877,9.49
CHEMBL6030662,7.24
CHEMBL4125940,8.17
CHEMBL122068,6.66
CHEMBL127082,8.85
CHEMBL6049798,6.5833
CHEMBL5973569,7.115
CHEMBL77688,6.51
CHEMBL360209,5.66
CHEMBL5860671,5.4625
CHEMBL3655338,9.0
CHEMBL5971649,7.8
CHEMBL5939157,7.2
CHEMBL5947797,8.7
CHEMBL2425089,7.28
CHEMBL3930506,8.275
CHEMBL5836521,6.76
CHEMBL4435885,7.55
CHEMBL3622659,6.45
CHEMBL92086,7.135
CHEMBL3416446,7.77
CHEMBL5409629,7.07
CHEMBL3929484,9.57
CHEMBL129509,8.03
CHEMBL5591805,8.89
CHEMBL6022600,6.66
CHEMBL3930539,8.05
CHEMBL5885846,7.85
CHEMBL3628817,4.67
CHEMBL281872,6.4
CHEMBL3425662,6.185
CHEMBL1821866,5.51
CHEMBL4527443,7.135
CHEMBL5825749,5.6325
CHEMBL5778061,7.89
CHEMBL5594407,7.49
CHEMBL2316149,5.12
CHEMBL5813210,8.0
CHEMBL1830277,5.01
CHEMBL2334002,7.92
CHEMBL3741768,6.41
CHEMBL3805681,7.66
CHEMBL4125764,7.885
CHEMBL4127809,7.5367
CHEMBL4639459,6.8033
CHEMBL481331,6.86
CHEMBL280998,4.58
CHEMBL5929944,5.105
CHEMBL5887910,8.46
CHEMBL1172980,5.13
CHEMBL3416628,8.15
CHEMBL4083493,4.48
CHEMBL101253,6.34
CHEMBL5861940,6.43
CHEMBL5927580,8.7
CHEMBL3133893,5.185
CHEMBL247711,6.72
CHEMBL6033024,8.9867
CHEMBL1945452,4.8
CHEMBL27085,4.0
CHEMBL491677,5.8
CHEMBL3813728,7.2333
CHEMBL6045970,7.26
CHEMBL3235204,4.89
CHEMBL3741245,5.7567
CHEMBL5938217,6.52
CHEMBL5845905,6.26
CHEMBL3233777,7.055
CHEMBL3416623,7.26
CHEMBL3799428,7.88
CHEMBL2347231,7.21
CHEMBL4094438,6.765
CHEMBL4280749,5.93
CHEMBL3671557,7.4
CHEMBL7810,5.61
CHEMBL603,5.24
CHEMBL2435999,7.05
CHEMBL3754556,7.14
CHEMBL466615,7.1
CHEMBL466412,7.4
CHEMBL466175,7.1
CHEMBL517123,7.55
CHEMBL5952397,9.0
CHEMBL161226,5.21
CHEMBL4100647,7.855
CHEMBL3671584,7.38
CHEMBL3221550,5.15
CHEMBL5439547,7.17
CHEMBL357161,5.75
CHEMBL5178754,8.4
CHEMBL5435033,7.3283
CHEMBL437584,7.24
CHEMBL3961982,7.3
CHEMBL2180204,7.09
CHEMBL543361,5.06
CHEMBL5180839,8.11
CHEMBL3897723,8.27
CHEMBL68920,7.39
CHEMBL6025850,6.26
CHEMBL5794459,8.11
CHEMBL6050073,8.7
CHEMBL2385970,5.46
CHEMBL4746697,9.1
CHEMBL2448066,7.0
CHEMBL4538707,7.36
CHEMBL207235,8.0
CHEMBL3892310,9.89
CHEMBL592210,4.56
CHEMBL5936433,7.94
CHEMBL3221258,6.0
CHEMBL3234866,5.745
CHEMBL443523,8.6
CHEMBL5420948,7.71
CHEMBL501709,4.66
CHEMBL3663926,9.0
CHEMBL5928047,7.77
CHEMBL3774471,6.36
CHEMBL210444,7.66
CHEMBL6018694,8.4
CHEMBL31622,8.225
CHEMBL5822553,7.39
CHEMBL4871192,7.51
CHEMBL5647136,6.285
CHEMBL1928309,7.15
CHEMBL605413,5.66
CHEMBL3357649,8.745
CHEMBL3352869,8.89
CHEMBL5277101,6.21
CHEMBL5835212,5.51
CHEMBL5410422,8.0767
CHEMBL4225517,6.55
CHEMBL5909369,6.58
CHEMBL3676339,7.85
CHEMBL5937987,8.66
CHEMBL3741526,5.5
CHEMBL3799332,4.42
CHEMBL173478,5.57
CHEMBL4798527,7.3367
CHEMBL3742060,5.26
CHEMBL4286263,7.16
CHEMBL1956885,4.76
CHEMBL1173456,5.87
CHEMBL1958029,5.08
CHEMBL4456976,7.155
CHEMBL4776057,7.62
CHEMBL3088221,5.72
CHEMBL5944879,6.26
CHEMBL5404315,7.05
CHEMBL3759830,5.96
CHEMBL5201846,7.3867
CHEMBL3906200,7.0
CHEMBL5827561,6.26
CHEMBL4530686,6.5986
CHEMBL4640686,6.93
CHEMBL2437469,8.708
CHEMBL1934632,7.62
CHEMBL470012,7.82
CHEMBL1683967,8.52
CHEMBL257860,8.05
CHEMBL5185952,4.26
CHEMBL5413772,7.5067
CHEMBL4066845,7.62
CHEMBL430571,8.41
CHEMBL6017472,8.7
CHEMBL593293,5.66
CHEMBL5398800,5.88
CHEMBL5283216,7.46
CHEMBL1241770,5.7
CHEMBL76599,5.26
CHEMBL208849,5.77
CHEMBL436137,6.01
CHEMBL3671531,7.36
CHEMBL5886836,7.85
CHEMBL5982623,7.96
CHEMBL3759733,7.7
CHEMBL1242109,5.78
CHEMBL333851,6.23
CHEMBL5822102,7.175
CHEMBL310853,9.0
CHEMBL333553,5.345
CHEMBL165228,6.93
CHEMBL485070,6.4
CHEMBL5417494,8.13
CHEMBL5917549,7.26
CHEMBL117804,5.39
CHEMBL5081433,7.08
CHEMBL4070454,7.065
CHEMBL205047,7.12
CHEMBL4077956,8.04
CHEMBL3758800,8.7
CHEMBL5801115,8.3
CHEMBL5886008,5.62
CHEMBL3968839,7.21
CHEMBL1683968,7.72
CHEMBL5906478,8.3
CHEMBL3425655,6.1167
CHEMBL5420774,7.4143
CHEMBL5815729,6.5
CHEMBL3604917,6.2233
CHEMBL5815244,8.6
CHEMBL3671533,8.05
CHEMBL321193,6.82
CHEMBL5746961,8.7
CHEMBL3678950,8.4467
CHEMBL3612585,6.11
CHEMBL3133757,6.73
CHEMBL5929629,6.26
CHEMBL1945649,5.92
CHEMBL3671497,8.4
CHEMBL4742081,10.0
CHEMBL4288562,8.835
CHEMBL5926524,8.54
CHEMBL6062851,8.54
CHEMBL3134612,5.67
CHEMBL5932695,4.87
CHEMBL5915453,5.2933
CHEMBL5089336,6.79
CHEMBL5417607,8.7
CHEMBL4848093,7.365
CHEMBL483233,5.52
CHEMBL5897274,6.26
CHEMBL3680377,7.74
CHEMBL1916891,7.91
CHEMBL5943719,6.26
CHEMBL15346,7.13
CHEMBL3604936,5.7333
CHEMBL3699586,7.98
CHEMBL248321,7.5
CHEMBL5767132,8.58
CHEMBL5763922,6.52
CHEMBL2047028,5.29
CHEMBL1203937,7.77
CHEMBL589503,4.45
CHEMBL3671513,7.72
CHEMBL5820639,8.4
CHEMBL1241679,4.0
CHEMBL3908711,6.34
CHEMBL591050,4.58
CHEMBL5777319,7.89
CHEMBL96627,5.86
CHEMBL5771166,7.64
CHEMBL5218459,7.7
CHEMBL3671499,8.3
CHEMBL387187,7.76
CHEMBL4778826,7.44
CHEMBL5774604,4.82
CHEMBL5177272,9.22
CHEMBL104779,6.04
CHEMBL128432,7.35
CHEMBL5927148,6.26
CHEMBL3964380,7.07
CHEMBL5762610,6.26
CHEMBL5858513,8.4
CHEMBL1173324,4.87
CHEMBL5812101,5.62
CHEMBL5743902,7.99
CHEMBL2325089,5.97
CHEMBL5797771,6.76
CHEMBL6018511,8.425
CHEMBL5275872,6.3
CHEMBL5862453,6.1067
CHEMBL4762453,7.695
CHEMBL5269346,5.08
CHEMBL2031296,7.9633
CHEMBL5413341,7.3867
CHEMBL3233773,7.845
CHEMBL6041177,6.76
CHEMBL5891594,6.76
CHEMBL504416,4.64
CHEMBL2426281,6.3733
CHEMBL163369,9.46
CHEMBL3947802,7.48
CHEMBL3087201,6.06
CHEMBL6031063,5.41
CHEMBL2437457,6.2433
CHEMBL2070199,6.67
CHEMBL5412768,6.24
CHEMBL319540,5.57
CHEMBL2437477,4.6625
CHEMBL1242118,4.54
CHEMBL5868587,8.4
CHEMBL3676345,7.72
CHEMBL398388,6.85
CHEMBL3632637,5.99
CHEMBL3905242,6.63
CHEMBL5885717,7.43
CHEMBL78018,8.4
CHEMBL2385960,7.35
CHEMBL5989746,6.1
CHEMBL544538,5.82
CHEMBL5798581,6.26
CHEMBL37543,7.21
CHEMBL5414792,7.47
CHEMBL5776072,8.1
CHEMBL327023,6.26
CHEMBL3416621,7.1
CHEMBL5430958,7.875
CHEMBL3604935,5.76
CHEMBL248393,8.24
CHEMBL4743566,7.85
CHEMBL6045276,5.56
CHEMBL5923801,6.03
CHEMBL5394606,7.38
CHEMBL3237935,6.0167
CHEMBL5807004,9.0
CHEMBL5751436,6.56
CHEMBL5201973,8.63
CHEMBL4290750,7.5
CHEMBL338155,6.58
CHEMBL601828,5.95
CHEMBL1645473,8.05
CHEMBL3676358,7.7
CHEMBL4215496,6.1467
CHEMBL340399,8.14
CHEMBL5975976,7.85
CHEMBL529663,4.64
CHEMBL5193149,9.87
CHEMBL2064394,5.77
CHEMBL2316148,4.82
CHEMBL6007759,5.78
CHEMBL4471155,7.5
CHEMBL6058480,6.6
CHEMBL5759916,6.1367
CHEMBL599398,7.82
CHEMBL136491,7.85
CHEMBL4452106,7.35
CHEMBL4214567,7.0975
CHEMBL5192038,6.1833
CHEMBL129946,6.48
CHEMBL5612514,6.54
CHEMBL3934034,7.44
CHEMBL4063421,8.6
CHEMBL2018757,6.05
CHEMBL601040,6.24
CHEMBL5406084,7.22
CHEMBL5810347,6.68
CHEMBL5831739,7.59
CHEMBL5398753,7.01
CHEMBL5408900,7.7
CHEMBL5422588,8.79
CHEMBL3740003,5.54
CHEMBL5411347,6.69
CHEMBL498248,4.56
CHEMBL77243,4.26
CHEMBL5087214,6.88
CHEMBL5758879,6.89
CHEMBL4062192,6.33
CHEMBL5854771,8.05
CHEMBL6000037,7.355
CHEMBL3085380,5.96
CHEMBL5076986,8.32
CHEMBL247104,7.32
CHEMBL5828125,7.91
CHEMBL56027,7.16
CHEMBL3973862,7.19
CHEMBL4170935,5.39
CHEMBL74778,5.9
CHEMBL4088718,7.76
CHEMBL3800448,4.47
CHEMBL4228518,7.795
CHEMBL5284920,5.96
CHEMBL2335015,5.27
CHEMBL3935492,8.52
CHEMBL6022292,6.32
CHEMBL1914658,8.1
CHEMBL471058,8.22
CHEMBL5870018,8.4
CHEMBL6029891,9.2233
CHEMBL5566478,6.13
CHEMBL4095271,8.09
CHEMBL4068695,5.47
CHEMBL4464404,8.64
CHEMBL5799378,6.19
CHEMBL4203016,7.92
CHEMBL5876510,7.8
CHEMBL1683966,6.94
CHEMBL3604922,5.6267
CHEMBL4754811,7.89
CHEMBL3798887,7.6
CHEMBL280757,8.865
CHEMBL1173192,4.95
CHEMBL76751,8.205
CHEMBL2425086,7.82
CHEMBL5853655,7.35
CHEMBL5893709,8.7
CHEMBL3092300,5.53
CHEMBL3622643,8.09
CHEMBL1822064,5.2
CHEMBL6044013,6.76
CHEMBL302552,7.66
CHEMBL165508,8.82
CHEMBL5740251,6.4975
CHEMBL5858035,6.76
CHEMBL3092315,6.36
CHEMBL5972189,8.52
CHEMBL1173248,4.79
CHEMBL3763796,8.14
CHEMBL5952264,8.375
CHEMBL2324872,5.98
CHEMBL1946846,5.82
CHEMBL6011290,6.32
CHEMBL5765177,8.7
CHEMBL5173408,5.655
CHEMBL4067916,6.59
CHEMBL5274670,6.17
CHEMBL4537004,6.5467
CHEMBL4437863,7.24
CHEMBL3234864,4.905
CHEMBL7002,5.33
CHEMBL345203,5.03
CHEMBL169519,5.95
CHEMBL5833522,7.6
CHEMBL310798,5.52
CHEMBL5890920,5.74
CHEMBL5570514,6.43
CHEMBL247100,6.68
CHEMBL1821863,5.63
CHEMBL5780612,6.32
CHEMBL5881803,8.3
CHEMBL5174418,9.1833
CHEMBL597551,8.15
CHEMBL2138625,8.97
CHEMBL105053,8.48
CHEMBL54471,5.44
CHEMBL5414782,7.885
CHEMBL4104717,6.65
CHEMBL3612562,6.72
CHEMBL3894938,7.15
CHEMBL5956882,8.3
CHEMBL3663933,8.645
CHEMBL3786523,8.1
CHEMBL5928199,5.42
CHEMBL4061283,7.26
CHEMBL3928512,8.7
CHEMBL5921575,5.26
CHEMBL5777370,8.05
CHEMBL3951099,7.3
CHEMBL1421,6.2
CHEMBL3676371,7.24
CHEMBL418967,9.77
CHEMBL5963175,9.0633
CHEMBL4855850,7.415
CHEMBL1241484,6.8
CHEMBL5415565,6.22
CHEMBL3133758,6.78
CHEMBL5271640,7.35
CHEMBL4791960,4.25
CHEMBL2031300,9.64
CHEMBL3763701,7.65
CHEMBL3633145,9.3
CHEMBL5942546,6.76
CHEMBL5752500,6.32
CHEMBL1946847,4.51
CHEMBL4516287,6.7533
CHEMBL94061,8.602
CHEMBL208144,7.09
CHEMBL370934,7.22
CHEMBL3234746,7.37
CHEMBL3941175,6.23
CHEMBL4102577,7.2833
CHEMBL1094475,4.26
CHEMBL153170,7.54
CHEMBL5831458,8.59
CHEMBL231875,7.05
CHEMBL499344,5.78
CHEMBL4082515,8.38
CHEMBL4073278,7.58
CHEMBL5779959,7.46
CHEMBL360190,5.82
CHEMBL6044860,8.335
CHEMBL5174995,7.69
CHEMBL3416593,6.2
CHEMBL3416592,9.0
CHEMBL3416594,8.1
CHEMBL121190,6.8
CHEMBL3917105,7.0
CHEMBL4460381,8.6
CHEMBL3357636,9.17
CHEMBL3357635,8.705
CHEMBL3900059,6.28
CHEMBL4552482,6.56
CHEMBL266995,6.9
CHEMBL104153,6.66
CHEMBL5266823,7.64
CHEMBL5768250,7.12
CHEMBL1945450,4.57
CHEMBL5291353,7.82
CHEMBL3774396,6.67
CHEMBL3676394,6.83
CHEMBL5282956,7.75
CHEMBL6016572,5.26
CHEMBL5870193,5.6633
CHEMBL5169547,7.86
CHEMBL3087195,7.01
CHEMBL2335014,4.81
CHEMBL26641,6.7
CHEMBL5982062,8.68
CHEMBL594228,6.09
CHEMBL4279709,5.26
CHEMBL5276374,6.21
CHEMBL5266481,5.48
CHEMBL3921017,7.55
CHEMBL4282523,8.23
CHEMBL488646,5.05
CHEMBL5092606,5.15
CHEMBL4541014,7.64
CHEMBL482489,5.47
CHEMBL2048798,8.06
CHEMBL5197154,8.92
CHEMBL1828876,4.74
CHEMBL2325098,6.15
CHEMBL3436360,6.63
CHEMBL3355885,7.29
CHEMBL1241949,4.92
CHEMBL39811,7.605
CHEMBL4061473,7.815
CHEMBL4070707,7.95
CHEMBL153409,6.13
CHEMBL1241390,4.0
CHEMBL77030,5.6733
CHEMBL5825244,7.39
CHEMBL5763336,8.7
CHEMBL4869024,8.17
CHEMBL4130016,8.85
CHEMBL5998332,7.615
CHEMBL604893,7.36
CHEMBL5997770,6.14
CHEMBL248674,6.4
CHEMBL6020494,6.32
CHEMBL461311,7.12
CHEMBL4448428,7.49
CHEMBL1241487,7.48
CHEMBL5665391,7.78
CHEMBL5290879,6.14
CHEMBL5991077,8.52
CHEMBL251124,8.0
CHEMBL2426286,6.3967
CHEMBL5770549,8.41
CHEMBL67535,5.94
CHEMBL5418474,7.33
CHEMBL5938912,7.97
CHEMBL4868909,7.48
CHEMBL1173250,4.96
CHEMBL5569061,9.0
CHEMBL5848181,6.2533
CHEMBL3087198,7.82
CHEMBL4792426,8.8433
CHEMBL4128415,8.72
CHEMBL327127,7.07
CHEMBL3699600,7.725
CHEMBL5574206,9.06
CHEMBL8223,4.3
CHEMBL5773557,6.5533
CHEMBL2070201,6.04
CHEMBL5922445,6.26
CHEMBL391738,6.14
CHEMBL1684800,6.99
CHEMBL5558740,6.65
CHEMBL592004,6.06
CHEMBL4520103,4.64
CHEMBL1958220,5.27
CHEMBL358746,5.45
CHEMBL1928712,5.5
CHEMBL382041,6.17
CHEMBL3775536,6.94
CHEMBL5192750,8.64
CHEMBL1204168,9.18
CHEMBL5841961,8.05
CHEMBL6015436,6.62
CHEMBL3938494,7.82
CHEMBL5181037,8.18
CHEMBL1958019,5.47
CHEMBL5562753,6.08
CHEMBL3786802,8.1
CHEMBL69966,7.75
CHEMBL4096014,6.29
CHEMBL5194966,8.08
CHEMBL5862252,8.22
CHEMBL487254,5.02
CHEMBL4745877,5.6
CHEMBL379601,7.7
CHEMBL329672,7.64
CHEMBL163168,7.57
CHEMBL5743153,5.52
CHEMBL4855080,7.605
CHEMBL473438,8.22
CHEMBL3759317,9.4
CHEMBL4226907,6.89
CHEMBL3944702,7.3
CHEMBL5903174,9.0
CHEMBL5877254,8.76
CHEMBL6033989,7.175
CHEMBL3235202,6.29
CHEMBL210893,6.53
CHEMBL6060963,7.96
CHEMBL4111809,7.1433
CHEMBL1241578,6.26
CHEMBL111339,6.32
CHEMBL5195137,9.385
CHEMBL203725,8.52
CHEMBL215786,8.52
CHEMBL5892937,7.7
CHEMBL3403513,6.64
CHEMBL5890663,8.92
CHEMBL5269391,7.06
CHEMBL3360618,9.43
CHEMBL4578764,5.67
CHEMBL5272121,6.18
CHEMBL3914607,7.0
CHEMBL4531109,5.89
CHEMBL5279933,7.39
CHEMBL4582933,8.24
CHEMBL5920220,7.89
CHEMBL1945444,4.7
CHEMBL120564,4.06
CHEMBL4521214,7.16
CHEMBL4435632,7.08
CHEMBL3676356,6.49
CHEMBL5772876,7.56
CHEMBL6050361,7.45
CHEMBL5965573,7.61
CHEMBL6004995,9.03
CHEMBL392273,7.48
CHEMBL291313,4.4
CHEMBL1630117,8.41
CHEMBL1242032,4.0
CHEMBL3735958,6.0
CHEMBL5830622,6.71
CHEMBL4079501,8.075
CHEMBL5934396,6.795
CHEMBL5968385,5.26
CHEMBL38199,7.575
CHEMBL5921291,8.3
CHEMBL5273994,5.43
CHEMBL4095439,8.74
CHEMBL5986062,5.03
CHEMBL4779958,5.26
CHEMBL1254523,6.3
CHEMBL6025577,6.14
CHEMBL6032795,8.4
CHEMBL5742774,8.15
CHEMBL5175489,8.83
CHEMBL1241682,4.0
CHEMBL3586176,5.19
CHEMBL4166210,6.85
CHEMBL5811442,10.28
CHEMBL5405163,9.85
CHEMBL475446,8.15
CHEMBL4470431,5.44
CHEMBL5815927,8.52
CHEMBL5423465,7.57
CHEMBL5850193,8.7
CHEMBL4439933,6.43
CHEMBL398963,5.79
CHEMBL3786453,7.57
CHEMBL5209046,8.5
CHEMBL90541,6.09
CHEMBL2064383,7.17
CHEMBL3741796,5.25
CHEMBL2029689,5.01
CHEMBL168555,5.01
CHEMBL4437943,7.16
CHEMBL2385977,6.0
CHEMBL1988225,7.09
CHEMBL2047020,5.48
CHEMBL5095068,7.46
CHEMBL555921,7.9
CHEMBL71,4.54
CHEMBL5565454,5.33
CHEMBL427298,6.69
CHEMBL4558528,6.6957
CHEMBL5854107,8.7
CHEMBL4858409,7.79
CHEMBL4463005,6.3
CHEMBL54088,8.7
CHEMBL6029655,8.35
CHEMBL5932830,7.88
CHEMBL2018761,5.14
CHEMBL3740595,7.57
CHEMBL5740342,7.48
CHEMBL4079649,6.84
CHEMBL2152704,5.79
CHEMBL57553,4.3
CHEMBL97162,7.08
CHEMBL5270938,8.92
CHEMBL5962200,5.26
CHEMBL1089203,6.915
CHEMBL3818970,7.2633
CHEMBL4104427,5.6
CHEMBL1830275,5.06
CHEMBL3436356,7.97
CHEMBL413987,6.72
CHEMBL250132,8.7
CHEMBL3353412,5.616
CHEMBL3671510,7.44
CHEMBL6016935,6.76
CHEMBL5416489,9.305
CHEMBL5568120,6.0467
CHEMBL2374457,7.24
CHEMBL5591124,8.51
CHEMBL3813746,5.66
CHEMBL4088277,8.59
CHEMBL5878893,8.1
CHEMBL1242664,7.07
CHEMBL3297896,7.04
CHEMBL5194790,5.82
CHEMBL3676347,6.25
CHEMBL4218320,5.6267
CHEMBL51707,7.89
CHEMBL5077866,7.345
CHEMBL245799,5.28
CHEMBL599388,5.62
CHEMBL574059,6.42
CHEMBL5523580,6.39
CHEMBL5770894,8.0
CHEMBL1243346,8.39
CHEMBL5181045,6.8
CHEMBL5824219,7.51
CHEMBL6060856,8.52
CHEMBL3263372,5.28
CHEMBL341522,8.25
CHEMBL4646415,6.84
CHEMBL1944925,4.39
CHEMBL5286636,8.625
CHEMBL5203758,6.71
CHEMBL1683963,7.55
CHEMBL5557733,4.6
CHEMBL2335379,4.7
CHEMBL3806170,7.135
CHEMBL5986956,8.1
CHEMBL5900455,7.48
CHEMBL6061899,6.91
CHEMBL589588,7.1
CHEMBL4465231,5.98
CHEMBL3403509,6.79
CHEMBL3896969,8.1417
CHEMBL1241581,7.08
CHEMBL6039447,7.26
CHEMBL2312654,6.23
CHEMBL5777984,7.37
CHEMBL1241270,4.91
CHEMBL2018748,5.15
CHEMBL4291471,7.32
CHEMBL5821463,7.27
CHEMBL250924,7.58
CHEMBL3671558,7.03
CHEMBL475767,7.17
CHEMBL5883280,9.88
CHEMBL3235199,5.34
CHEMBL2283248,5.03
CHEMBL5831023,7.68
CHEMBL1830131,4.84
CHEMBL3699622,8.26
CHEMBL4097141,8.09
CHEMBL355330,6.52
CHEMBL5201110,6.96
CHEMBL5885055,8.52
CHEMBL4550473,7.055
CHEMBL511637,7.92
CHEMBL5619592,6.58
CHEMBL593987,6.37
CHEMBL4094823,7.4
CHEMBL5756516,5.37
CHEMBL4756368,8.505
CHEMBL589822,5.66
CHEMBL6041434,8.11
CHEMBL5929024,8.3
CHEMBL4447797,5.77
CHEMBL398793,6.89
CHEMBL6003806,6.26
CHEMBL590876,5.33
CHEMBL2437483,7.385
CHEMBL5983357,5.9571
CHEMBL5875583,6.26
CHEMBL5928693,6.59
CHEMBL6061951,7.6
CHEMBL5921189,8.0
CHEMBL601625,7.46
CHEMBL255291,5.95
CHEMBL1928311,7.31
CHEMBL3806321,6.38
CHEMBL5169346,7.2333
CHEMBL5759102,7.61
CHEMBL169064,6.46
CHEMBL3937527,7.25
CHEMBL5625055,8.11
CHEMBL3092319,5.84
CHEMBL401930,5.8
CHEMBL5408941,7.04
CHEMBL5867436,8.52
CHEMBL5802555,6.33
CHEMBL5441041,7.585
CHEMBL50519,8.37
CHEMBL4170916,7.15
CHEMBL64894,6.33
CHEMBL5869051,8.1
CHEMBL1242751,5.44
CHEMBL5199678,9.54
CHEMBL208240,6.17
CHEMBL5187169,8.04
CHEMBL3655337,8.96
CHEMBL5946888,5.26
CHEMBL1928955,7.19
CHEMBL514938,7.82
CHEMBL90540,7.08
CHEMBL5904564,8.4
CHEMBL5814763,8.7
CHEMBL5962521,6.56
CHEMBL3741424,8.3
CHEMBL1830272,5.62
CHEMBL1830260,4.48
CHEMBL5193175,7.03
CHEMBL6057673,7.89
CHEMBL4460151,7.78
CHEMBL3758376,8.7
CHEMBL5998257,7.07
CHEMBL5742171,7.92
CHEMBL5183924,8.02
CHEMBL3219125,7.55
CHEMBL5855579,5.435
CHEMBL2018755,5.4
CHEMBL1614725,7.53
CHEMBL5807051,8.52
CHEMBL5169450,9.358
CHEMBL1928889,5.36
CHEMBL4092966,7.26
CHEMBL5620032,6.63
CHEMBL5407489,8.6
CHEMBL1821878,5.05
CHEMBL3325476,5.09
CHEMBL3353406,5.9975
CHEMBL173498,8.77
CHEMBL382822,6.35
CHEMBL4635100,7.535
CHEMBL157952,4.85
CHEMBL5752653,7.25
CHEMBL5179538,5.815
CHEMBL5279992,5.08
CHEMBL2029432,8.584
CHEMBL4276842,7.325
CHEMBL3040566,8.57
CHEMBL383965,7.68
CHEMBL293749,6.03
CHEMBL4878090,4.85
CHEMBL247710,7.42
CHEMBL2178349,7.5733
CHEMBL4570293,7.48
CHEMBL2437476,5.7967
CHEMBL4094546,5.62
